filename,row_px,row_norm,img_height
2024_3c_25_1_1_frame_1.jpeg,109,0.212890625,512
2024_3c_25_1_1_frame_10.jpeg,109,0.212890625,512
2024_3c_25_1_1_frame_11.jpeg,107,0.208984375,512
2024_3c_25_1_1_frame_12.jpeg,80,0.15625,512
2024_3c_25_1_1_frame_13.jpeg,109,0.212890625,512
2024_3c_25_1_1_frame_14.jpeg,100,0.1953125,512
2024_3c_25_1_1_frame_15.jpeg,97,0.189453125,512
2024_3c_25_1_1_frame_16.jpeg,93,0.181640625,512
2024_3c_25_1_1_frame_17.jpeg,100,0.1953125,512
2024_3c_25_1_1_frame_18.jpeg,108,0.2109375,512
2024_3c_25_1_1_frame_19.jpeg,80,0.15625,512
2024_3c_25_1_1_frame_2.jpeg,83,0.162109375,512
2024_3c_25_1_1_frame_20.jpeg,108,0.2109375,512
2024_3c_25_1_1_frame_21.jpeg,108,0.2109375,512
2024_3c_25_1_1_frame_22.jpeg,79,0.154296875,512
2024_3c_25_1_1_frame_23.jpeg,109,0.212890625,512
2024_3c_25_1_1_frame_24.jpeg,101,0.197265625,512
2024_3c_25_1_1_frame_25.jpeg,88,0.171875,512
2024_3c_25_1_1_frame_26.jpeg,93,0.181640625,512
2024_3c_25_1_1_frame_27.jpeg,100,0.1953125,512
2024_3c_25_1_1_frame_28.jpeg,108,0.2109375,512
2024_3c_25_1_1_frame_29.jpeg,80,0.15625,512
2024_3c_25_1_1_frame_3.jpeg,108,0.2109375,512
2024_3c_25_1_1_frame_30.jpeg,108,0.2109375,512
2024_3c_25_1_1_frame_31.jpeg,108,0.2109375,512
2024_3c_25_1_1_frame_32.jpeg,80,0.15625,512
2024_3c_25_1_1_frame_33.jpeg,109,0.212890625,512
2024_3c_25_1_1_frame_34.jpeg,100,0.1953125,512
2024_3c_25_1_1_frame_35.jpeg,97,0.189453125,512
2024_3c_25_1_1_frame_36.jpeg,93,0.181640625,512
2024_3c_25_1_1_frame_37.jpeg,100,0.1953125,512
2024_3c_25_1_1_frame_38.jpeg,108,0.2109375,512
2024_3c_25_1_1_frame_39.jpeg,80,0.15625,512
2024_3c_25_1_1_frame_4.jpeg,105,0.205078125,512
2024_3c_25_1_1_frame_40.jpeg,109,0.212890625,512
2024_3c_25_1_1_frame_41.jpeg,106,0.20703125,512
2024_3c_25_1_1_frame_42.jpeg,80,0.15625,512
2024_3c_25_1_1_frame_43.jpeg,109,0.212890625,512
2024_3c_25_1_1_frame_44.jpeg,104,0.203125,512
2024_3c_25_1_1_frame_45.jpeg,99,0.193359375,512
2024_3c_25_1_1_frame_46.jpeg,93,0.181640625,512
2024_3c_25_1_1_frame_47.jpeg,100,0.1953125,512
2024_3c_25_1_1_frame_48.jpeg,106,0.20703125,512
2024_3c_25_1_1_frame_49.jpeg,78,0.15234375,512
2024_3c_25_1_1_frame_5.jpeg,95,0.185546875,512
2024_3c_25_1_1_frame_50.jpeg,109,0.212890625,512
2024_3c_25_1_1_frame_6.jpeg,95,0.185546875,512
2024_3c_25_1_1_frame_7.jpeg,101,0.197265625,512
2024_3c_25_1_1_frame_8.jpeg,106,0.20703125,512
2024_3c_25_1_1_frame_9.jpeg,85,0.166015625,512
2024_3c_25_1_2_frame_1.jpeg,77,0.150390625,512
2024_3c_25_1_2_frame_10.jpeg,96,0.1875,512
2024_3c_25_1_2_frame_11.jpeg,86,0.16796875,512
2024_3c_25_1_2_frame_12.jpeg,96,0.1875,512
2024_3c_25_1_2_frame_13.jpeg,86,0.16796875,512
2024_3c_25_1_2_frame_14.jpeg,90,0.17578125,512
2024_3c_25_1_2_frame_15.jpeg,97,0.189453125,512
2024_3c_25_1_2_frame_16.jpeg,88,0.171875,512
2024_3c_25_1_2_frame_17.jpeg,98,0.19140625,512
2024_3c_25_1_2_frame_18.jpeg,98,0.19140625,512
2024_3c_25_1_2_frame_19.jpeg,78,0.15234375,512
2024_3c_25_1_2_frame_2.jpeg,91,0.177734375,512
2024_3c_25_1_2_frame_20.jpeg,96,0.1875,512
2024_3c_25_1_2_frame_21.jpeg,90,0.17578125,512
2024_3c_25_1_2_frame_22.jpeg,91,0.177734375,512
2024_3c_25_1_2_frame_23.jpeg,85,0.166015625,512
2024_3c_25_1_2_frame_24.jpeg,93,0.181640625,512
2024_3c_25_1_2_frame_25.jpeg,97,0.189453125,512
2024_3c_25_1_2_frame_26.jpeg,88,0.171875,512
2024_3c_25_1_2_frame_27.jpeg,98,0.19140625,512
2024_3c_25_1_2_frame_28.jpeg,94,0.18359375,512
2024_3c_25_1_2_frame_29.jpeg,80,0.15625,512
2024_3c_25_1_2_frame_3.jpeg,84,0.1640625,512
2024_3c_25_1_2_frame_30.jpeg,95,0.185546875,512
2024_3c_25_1_2_frame_31.jpeg,90,0.17578125,512
2024_3c_25_1_2_frame_32.jpeg,91,0.177734375,512
2024_3c_25_1_2_frame_33.jpeg,84,0.1640625,512
2024_3c_25_1_2_frame_34.jpeg,93,0.181640625,512
2024_3c_25_1_2_frame_35.jpeg,96,0.1875,512
2024_3c_25_1_2_frame_36.jpeg,81,0.158203125,512
2024_3c_25_1_2_frame_37.jpeg,93,0.181640625,512
2024_3c_25_1_2_frame_38.jpeg,95,0.185546875,512
2024_3c_25_1_2_frame_39.jpeg,72,0.140625,512
2024_3c_25_1_2_frame_4.jpeg,89,0.173828125,512
2024_3c_25_1_2_frame_40.jpeg,93,0.181640625,512
2024_3c_25_1_2_frame_41.jpeg,84,0.1640625,512
2024_3c_25_1_2_frame_42.jpeg,91,0.177734375,512
2024_3c_25_1_2_frame_43.jpeg,73,0.142578125,512
2024_3c_25_1_2_frame_44.jpeg,89,0.173828125,512
2024_3c_25_1_2_frame_45.jpeg,93,0.181640625,512
2024_3c_25_1_2_frame_46.jpeg,74,0.14453125,512
2024_3c_25_1_2_frame_47.jpeg,93,0.181640625,512
2024_3c_25_1_2_frame_48.jpeg,93,0.181640625,512
2024_3c_25_1_2_frame_49.jpeg,68,0.1328125,512
2024_3c_25_1_2_frame_5.jpeg,97,0.189453125,512
2024_3c_25_1_2_frame_50.jpeg,92,0.1796875,512
2024_3c_25_1_2_frame_6.jpeg,88,0.171875,512
2024_3c_25_1_2_frame_7.jpeg,98,0.19140625,512
2024_3c_25_1_2_frame_8.jpeg,95,0.185546875,512
2024_3c_25_1_2_frame_9.jpeg,85,0.166015625,512
2024_3c_25_1_3_frame_1.jpeg,78,0.15234375,512
2024_3c_25_1_3_frame_10.jpeg,97,0.189453125,512
2024_3c_25_1_3_frame_11.jpeg,79,0.154296875,512
2024_3c_25_1_3_frame_12.jpeg,95,0.185546875,512
2024_3c_25_1_3_frame_13.jpeg,82,0.16015625,512
2024_3c_25_1_3_frame_14.jpeg,86,0.16796875,512
2024_3c_25_1_3_frame_15.jpeg,96,0.1875,512
2024_3c_25_1_3_frame_16.jpeg,80,0.15625,512
2024_3c_25_1_3_frame_17.jpeg,94,0.18359375,512
2024_3c_25_1_3_frame_18.jpeg,91,0.177734375,512
2024_3c_25_1_3_frame_19.jpeg,70,0.13671875,512
2024_3c_25_1_3_frame_2.jpeg,95,0.185546875,512
2024_3c_25_1_3_frame_20.jpeg,95,0.185546875,512
2024_3c_25_1_3_frame_21.jpeg,76,0.1484375,512
2024_3c_25_1_3_frame_22.jpeg,92,0.1796875,512
2024_3c_25_1_3_frame_23.jpeg,71,0.138671875,512
2024_3c_25_1_3_frame_24.jpeg,81,0.158203125,512
2024_3c_25_1_3_frame_25.jpeg,97,0.189453125,512
2024_3c_25_1_3_frame_26.jpeg,83,0.162109375,512
2024_3c_25_1_3_frame_27.jpeg,95,0.185546875,512
2024_3c_25_1_3_frame_28.jpeg,93,0.181640625,512
2024_3c_25_1_3_frame_29.jpeg,79,0.154296875,512
2024_3c_25_1_3_frame_3.jpeg,85,0.166015625,512
2024_3c_25_1_3_frame_30.jpeg,97,0.189453125,512
2024_3c_25_1_3_frame_31.jpeg,80,0.15625,512
2024_3c_25_1_3_frame_32.jpeg,93,0.181640625,512
2024_3c_25_1_3_frame_33.jpeg,82,0.16015625,512
2024_3c_25_1_3_frame_34.jpeg,85,0.166015625,512
2024_3c_25_1_3_frame_35.jpeg,94,0.18359375,512
2024_3c_25_1_3_frame_36.jpeg,80,0.15625,512
2024_3c_25_1_3_frame_37.jpeg,93,0.181640625,512
2024_3c_25_1_3_frame_38.jpeg,93,0.181640625,512
2024_3c_25_1_3_frame_39.jpeg,72,0.140625,512
2024_3c_25_1_3_frame_4.jpeg,85,0.166015625,512
2024_3c_25_1_3_frame_40.jpeg,95,0.185546875,512
2024_3c_25_1_3_frame_41.jpeg,76,0.1484375,512
2024_3c_25_1_3_frame_42.jpeg,93,0.181640625,512
2024_3c_25_1_3_frame_43.jpeg,78,0.15234375,512
2024_3c_25_1_3_frame_44.jpeg,78,0.15234375,512
2024_3c_25_1_3_frame_45.jpeg,94,0.18359375,512
2024_3c_25_1_3_frame_46.jpeg,67,0.130859375,512
2024_3c_25_1_3_frame_47.jpeg,93,0.181640625,512
2024_3c_25_1_3_frame_48.jpeg,88,0.171875,512
2024_3c_25_1_3_frame_49.jpeg,70,0.13671875,512
2024_3c_25_1_3_frame_5.jpeg,96,0.1875,512
2024_3c_25_1_3_frame_50.jpeg,95,0.185546875,512
2024_3c_25_1_3_frame_6.jpeg,89,0.173828125,512
2024_3c_25_1_3_frame_7.jpeg,95,0.185546875,512
2024_3c_25_1_3_frame_8.jpeg,92,0.1796875,512
2024_3c_25_1_3_frame_9.jpeg,82,0.16015625,512
2024_3c_25_1_4_frame_1.jpeg,94,0.18359375,512
2024_3c_25_1_4_frame_10.jpeg,88,0.171875,512
2024_3c_25_1_4_frame_11.jpeg,94,0.18359375,512
2024_3c_25_1_4_frame_12.jpeg,93,0.181640625,512
2024_3c_25_1_4_frame_13.jpeg,89,0.173828125,512
2024_3c_25_1_4_frame_14.jpeg,99,0.193359375,512
2024_3c_25_1_4_frame_15.jpeg,92,0.1796875,512
2024_3c_25_1_4_frame_16.jpeg,88,0.171875,512
2024_3c_25_1_4_frame_17.jpeg,92,0.1796875,512
2024_3c_25_1_4_frame_18.jpeg,86,0.16796875,512
2024_3c_25_1_4_frame_19.jpeg,97,0.189453125,512
2024_3c_25_1_4_frame_2.jpeg,94,0.18359375,512
2024_3c_25_1_4_frame_20.jpeg,78,0.15234375,512
2024_3c_25_1_4_frame_21.jpeg,93,0.181640625,512
2024_3c_25_1_4_frame_22.jpeg,93,0.181640625,512
2024_3c_25_1_4_frame_23.jpeg,80,0.15625,512
2024_3c_25_1_4_frame_24.jpeg,98,0.19140625,512
2024_3c_25_1_4_frame_25.jpeg,88,0.171875,512
2024_3c_25_1_4_frame_26.jpeg,83,0.162109375,512
2024_3c_25_1_4_frame_27.jpeg,88,0.171875,512
2024_3c_25_1_4_frame_28.jpeg,85,0.166015625,512
2024_3c_25_1_4_frame_29.jpeg,97,0.189453125,512
2024_3c_25_1_4_frame_3.jpeg,89,0.173828125,512
2024_3c_25_1_4_frame_30.jpeg,70,0.13671875,512
2024_3c_25_1_4_frame_31.jpeg,93,0.181640625,512
2024_3c_25_1_4_frame_32.jpeg,94,0.18359375,512
2024_3c_25_1_4_frame_33.jpeg,80,0.15625,512
2024_3c_25_1_4_frame_34.jpeg,98,0.19140625,512
2024_3c_25_1_4_frame_35.jpeg,87,0.169921875,512
2024_3c_25_1_4_frame_36.jpeg,84,0.1640625,512
2024_3c_25_1_4_frame_37.jpeg,89,0.173828125,512
2024_3c_25_1_4_frame_38.jpeg,85,0.166015625,512
2024_3c_25_1_4_frame_39.jpeg,96,0.1875,512
2024_3c_25_1_4_frame_4.jpeg,99,0.193359375,512
2024_3c_25_1_4_frame_40.jpeg,76,0.1484375,512
2024_3c_25_1_4_frame_41.jpeg,93,0.181640625,512
2024_3c_25_1_4_frame_42.jpeg,95,0.185546875,512
2024_3c_25_1_4_frame_43.jpeg,81,0.158203125,512
2024_3c_25_1_4_frame_44.jpeg,98,0.19140625,512
2024_3c_25_1_4_frame_45.jpeg,93,0.181640625,512
2024_3c_25_1_4_frame_46.jpeg,86,0.16796875,512
2024_3c_25_1_4_frame_47.jpeg,89,0.173828125,512
2024_3c_25_1_4_frame_48.jpeg,83,0.162109375,512
2024_3c_25_1_4_frame_49.jpeg,97,0.189453125,512
2024_3c_25_1_4_frame_5.jpeg,93,0.181640625,512
2024_3c_25_1_4_frame_50.jpeg,80,0.15625,512
2024_3c_25_1_4_frame_6.jpeg,93,0.181640625,512
2024_3c_25_1_4_frame_7.jpeg,93,0.181640625,512
2024_3c_25_1_4_frame_8.jpeg,89,0.173828125,512
2024_3c_25_1_4_frame_9.jpeg,96,0.1875,512
2024_3c_25_1_5_frame_1.jpeg,101,0.197265625,512
2024_3c_25_1_5_frame_10.jpeg,91,0.177734375,512
2024_3c_25_1_5_frame_11.jpeg,101,0.197265625,512
2024_3c_25_1_5_frame_12.jpeg,104,0.203125,512
2024_3c_25_1_5_frame_13.jpeg,89,0.173828125,512
2024_3c_25_1_5_frame_14.jpeg,100,0.1953125,512
2024_3c_25_1_5_frame_15.jpeg,100,0.1953125,512
2024_3c_25_1_5_frame_16.jpeg,90,0.17578125,512
2024_3c_25_1_5_frame_17.jpeg,96,0.1875,512
2024_3c_25_1_5_frame_18.jpeg,90,0.17578125,512
2024_3c_25_1_5_frame_19.jpeg,101,0.197265625,512
2024_3c_25_1_5_frame_2.jpeg,104,0.203125,512
2024_3c_25_1_5_frame_20.jpeg,81,0.158203125,512
2024_3c_25_1_5_frame_21.jpeg,101,0.197265625,512
2024_3c_25_1_5_frame_22.jpeg,104,0.203125,512
2024_3c_25_1_5_frame_23.jpeg,82,0.16015625,512
2024_3c_25_1_5_frame_24.jpeg,103,0.201171875,512
2024_3c_25_1_5_frame_25.jpeg,94,0.18359375,512
2024_3c_25_1_5_frame_26.jpeg,89,0.173828125,512
2024_3c_25_1_5_frame_27.jpeg,91,0.177734375,512
2024_3c_25_1_5_frame_28.jpeg,90,0.17578125,512
2024_3c_25_1_5_frame_29.jpeg,101,0.197265625,512
2024_3c_25_1_5_frame_3.jpeg,90,0.17578125,512
2024_3c_25_1_5_frame_30.jpeg,80,0.15625,512
2024_3c_25_1_5_frame_31.jpeg,100,0.1953125,512
2024_3c_25_1_5_frame_32.jpeg,103,0.201171875,512
2024_3c_25_1_5_frame_33.jpeg,82,0.16015625,512
2024_3c_25_1_5_frame_34.jpeg,98,0.19140625,512
2024_3c_25_1_5_frame_35.jpeg,96,0.1875,512
2024_3c_25_1_5_frame_36.jpeg,93,0.181640625,512
2024_3c_25_1_5_frame_37.jpeg,92,0.1796875,512
2024_3c_25_1_5_frame_38.jpeg,81,0.158203125,512
2024_3c_25_1_5_frame_39.jpeg,101,0.197265625,512
2024_3c_25_1_5_frame_4.jpeg,101,0.197265625,512
2024_3c_25_1_5_frame_40.jpeg,84,0.1640625,512
2024_3c_25_1_5_frame_41.jpeg,100,0.1953125,512
2024_3c_25_1_5_frame_42.jpeg,103,0.201171875,512
2024_3c_25_1_5_frame_43.jpeg,85,0.166015625,512
2024_3c_25_1_5_frame_44.jpeg,101,0.197265625,512
2024_3c_25_1_5_frame_45.jpeg,100,0.1953125,512
2024_3c_25_1_5_frame_46.jpeg,92,0.1796875,512
2024_3c_25_1_5_frame_47.jpeg,96,0.1875,512
2024_3c_25_1_5_frame_48.jpeg,82,0.16015625,512
2024_3c_25_1_5_frame_49.jpeg,101,0.197265625,512
2024_3c_25_1_5_frame_5.jpeg,100,0.1953125,512
2024_3c_25_1_5_frame_50.jpeg,85,0.166015625,512
2024_3c_25_1_5_frame_6.jpeg,97,0.189453125,512
2024_3c_25_1_5_frame_7.jpeg,100,0.1953125,512
2024_3c_25_1_5_frame_8.jpeg,93,0.181640625,512
2024_3c_25_1_5_frame_9.jpeg,103,0.201171875,512
2024_3c_25_1_6_frame_1.jpeg,104,0.203125,512
2024_3c_25_1_6_frame_10.jpeg,97,0.189453125,512
2024_3c_25_1_6_frame_11.jpeg,105,0.205078125,512
2024_3c_25_1_6_frame_12.jpeg,105,0.205078125,512
2024_3c_25_1_6_frame_13.jpeg,90,0.17578125,512
2024_3c_25_1_6_frame_14.jpeg,109,0.212890625,512
2024_3c_25_1_6_frame_15.jpeg,93,0.181640625,512
2024_3c_25_1_6_frame_16.jpeg,94,0.18359375,512
2024_3c_25_1_6_frame_17.jpeg,97,0.189453125,512
2024_3c_25_1_6_frame_18.jpeg,88,0.171875,512
2024_3c_25_1_6_frame_19.jpeg,109,0.212890625,512
2024_3c_25_1_6_frame_2.jpeg,105,0.205078125,512
2024_3c_25_1_6_frame_20.jpeg,92,0.1796875,512
2024_3c_25_1_6_frame_21.jpeg,102,0.19921875,512
2024_3c_25_1_6_frame_22.jpeg,105,0.205078125,512
2024_3c_25_1_6_frame_23.jpeg,81,0.158203125,512
2024_3c_25_1_6_frame_24.jpeg,106,0.20703125,512
2024_3c_25_1_6_frame_25.jpeg,89,0.173828125,512
2024_3c_25_1_6_frame_26.jpeg,93,0.181640625,512
2024_3c_25_1_6_frame_27.jpeg,97,0.189453125,512
2024_3c_25_1_6_frame_28.jpeg,87,0.169921875,512
2024_3c_25_1_6_frame_29.jpeg,105,0.205078125,512
2024_3c_25_1_6_frame_3.jpeg,89,0.173828125,512
2024_3c_25_1_6_frame_30.jpeg,88,0.171875,512
2024_3c_25_1_6_frame_31.jpeg,101,0.197265625,512
2024_3c_25_1_6_frame_32.jpeg,103,0.201171875,512
2024_3c_25_1_6_frame_33.jpeg,84,0.1640625,512
2024_3c_25_1_6_frame_34.jpeg,108,0.2109375,512
2024_3c_25_1_6_frame_35.jpeg,88,0.171875,512
2024_3c_25_1_6_frame_36.jpeg,93,0.181640625,512
2024_3c_25_1_6_frame_37.jpeg,99,0.193359375,512
2024_3c_25_1_6_frame_38.jpeg,85,0.166015625,512
2024_3c_25_1_6_frame_39.jpeg,106,0.20703125,512
2024_3c_25_1_6_frame_4.jpeg,109,0.212890625,512
2024_3c_25_1_6_frame_40.jpeg,90,0.17578125,512
2024_3c_25_1_6_frame_41.jpeg,101,0.197265625,512
2024_3c_25_1_6_frame_42.jpeg,104,0.203125,512
2024_3c_25_1_6_frame_43.jpeg,88,0.171875,512
2024_3c_25_1_6_frame_44.jpeg,108,0.2109375,512
2024_3c_25_1_6_frame_45.jpeg,93,0.181640625,512
2024_3c_25_1_6_frame_46.jpeg,93,0.181640625,512
2024_3c_25_1_6_frame_47.jpeg,99,0.193359375,512
2024_3c_25_1_6_frame_48.jpeg,82,0.16015625,512
2024_3c_25_1_6_frame_49.jpeg,106,0.20703125,512
2024_3c_25_1_6_frame_5.jpeg,94,0.18359375,512
2024_3c_25_1_6_frame_50.jpeg,88,0.171875,512
2024_3c_25_1_6_frame_6.jpeg,101,0.197265625,512
2024_3c_25_1_6_frame_7.jpeg,102,0.19921875,512
2024_3c_25_1_6_frame_8.jpeg,90,0.17578125,512
2024_3c_25_1_6_frame_9.jpeg,109,0.212890625,512
2024_3c_25_1_7_frame_1.jpeg,102,0.19921875,512
2024_3c_25_1_7_frame_10.jpeg,100,0.1953125,512
2024_3c_25_1_7_frame_11.jpeg,102,0.19921875,512
2024_3c_25_1_7_frame_12.jpeg,104,0.203125,512
2024_3c_25_1_7_frame_13.jpeg,94,0.18359375,512
2024_3c_25_1_7_frame_14.jpeg,104,0.203125,512
2024_3c_25_1_7_frame_15.jpeg,96,0.1875,512
2024_3c_25_1_7_frame_16.jpeg,97,0.189453125,512
2024_3c_25_1_7_frame_17.jpeg,100,0.1953125,512
2024_3c_25_1_7_frame_18.jpeg,89,0.173828125,512
2024_3c_25_1_7_frame_19.jpeg,102,0.19921875,512
2024_3c_25_1_7_frame_2.jpeg,104,0.203125,512
2024_3c_25_1_7_frame_20.jpeg,89,0.173828125,512
2024_3c_25_1_7_frame_21.jpeg,101,0.197265625,512
2024_3c_25_1_7_frame_22.jpeg,104,0.203125,512
2024_3c_25_1_7_frame_23.jpeg,82,0.16015625,512
2024_3c_25_1_7_frame_24.jpeg,104,0.203125,512
2024_3c_25_1_7_frame_25.jpeg,93,0.181640625,512
2024_3c_25_1_7_frame_26.jpeg,90,0.17578125,512
2024_3c_25_1_7_frame_27.jpeg,97,0.189453125,512
2024_3c_25_1_7_frame_28.jpeg,81,0.158203125,512
2024_3c_25_1_7_frame_29.jpeg,102,0.19921875,512
2024_3c_25_1_7_frame_3.jpeg,93,0.181640625,512
2024_3c_25_1_7_frame_30.jpeg,81,0.158203125,512
2024_3c_25_1_7_frame_31.jpeg,96,0.1875,512
2024_3c_25_1_7_frame_32.jpeg,102,0.19921875,512
2024_3c_25_1_7_frame_33.jpeg,82,0.16015625,512
2024_3c_25_1_7_frame_34.jpeg,101,0.197265625,512
2024_3c_25_1_7_frame_35.jpeg,85,0.166015625,512
2024_3c_25_1_7_frame_36.jpeg,93,0.181640625,512
2024_3c_25_1_7_frame_37.jpeg,97,0.189453125,512
2024_3c_25_1_7_frame_38.jpeg,70,0.13671875,512
2024_3c_25_1_7_frame_39.jpeg,103,0.201171875,512
2024_3c_25_1_7_frame_4.jpeg,104,0.203125,512
2024_3c_25_1_7_frame_40.jpeg,83,0.162109375,512
2024_3c_25_1_7_frame_41.jpeg,94,0.18359375,512
2024_3c_25_1_7_frame_42.jpeg,102,0.19921875,512
2024_3c_25_1_7_frame_43.jpeg,84,0.1640625,512
2024_3c_25_1_7_frame_44.jpeg,101,0.197265625,512
2024_3c_25_1_7_frame_45.jpeg,93,0.181640625,512
2024_3c_25_1_7_frame_46.jpeg,93,0.181640625,512
2024_3c_25_1_7_frame_47.jpeg,97,0.189453125,512
2024_3c_25_1_7_frame_48.jpeg,72,0.140625,512
2024_3c_25_1_7_frame_49.jpeg,100,0.1953125,512
2024_3c_25_1_7_frame_5.jpeg,93,0.181640625,512
2024_3c_25_1_7_frame_50.jpeg,84,0.1640625,512
2024_3c_25_1_7_frame_6.jpeg,99,0.193359375,512
2024_3c_25_1_7_frame_7.jpeg,101,0.197265625,512
2024_3c_25_1_7_frame_8.jpeg,90,0.17578125,512
2024_3c_25_1_7_frame_9.jpeg,104,0.203125,512
2024_3c_25_1_8_frame_1.jpeg,100,0.1953125,512
2024_3c_25_1_8_frame_10.jpeg,92,0.1796875,512
2024_3c_25_1_8_frame_11.jpeg,100,0.1953125,512
2024_3c_25_1_8_frame_12.jpeg,101,0.197265625,512
2024_3c_25_1_8_frame_13.jpeg,91,0.177734375,512
2024_3c_25_1_8_frame_14.jpeg,103,0.201171875,512
2024_3c_25_1_8_frame_15.jpeg,95,0.185546875,512
2024_3c_25_1_8_frame_16.jpeg,91,0.177734375,512
2024_3c_25_1_8_frame_17.jpeg,96,0.1875,512
2024_3c_25_1_8_frame_18.jpeg,84,0.1640625,512
2024_3c_25_1_8_frame_19.jpeg,102,0.19921875,512
2024_3c_25_1_8_frame_2.jpeg,101,0.197265625,512
2024_3c_25_1_8_frame_20.jpeg,86,0.16796875,512
2024_3c_25_1_8_frame_21.jpeg,100,0.1953125,512
2024_3c_25_1_8_frame_22.jpeg,101,0.197265625,512
2024_3c_25_1_8_frame_23.jpeg,83,0.162109375,512
2024_3c_25_1_8_frame_24.jpeg,101,0.197265625,512
2024_3c_25_1_8_frame_25.jpeg,88,0.171875,512
2024_3c_25_1_8_frame_26.jpeg,86,0.16796875,512
2024_3c_25_1_8_frame_27.jpeg,91,0.177734375,512
2024_3c_25_1_8_frame_28.jpeg,81,0.158203125,512
2024_3c_25_1_8_frame_29.jpeg,101,0.197265625,512
2024_3c_25_1_8_frame_3.jpeg,91,0.177734375,512
2024_3c_25_1_8_frame_30.jpeg,82,0.16015625,512
2024_3c_25_1_8_frame_31.jpeg,93,0.181640625,512
2024_3c_25_1_8_frame_32.jpeg,101,0.197265625,512
2024_3c_25_1_8_frame_33.jpeg,84,0.1640625,512
2024_3c_25_1_8_frame_34.jpeg,100,0.1953125,512
2024_3c_25_1_8_frame_35.jpeg,88,0.171875,512
2024_3c_25_1_8_frame_36.jpeg,89,0.173828125,512
2024_3c_25_1_8_frame_37.jpeg,94,0.18359375,512
2024_3c_25_1_8_frame_38.jpeg,77,0.150390625,512
2024_3c_25_1_8_frame_39.jpeg,102,0.19921875,512
2024_3c_25_1_8_frame_4.jpeg,100,0.1953125,512
2024_3c_25_1_8_frame_40.jpeg,86,0.16796875,512
2024_3c_25_1_8_frame_41.jpeg,96,0.1875,512
2024_3c_25_1_8_frame_42.jpeg,100,0.1953125,512
2024_3c_25_1_8_frame_43.jpeg,84,0.1640625,512
2024_3c_25_1_8_frame_44.jpeg,98,0.19140625,512
2024_3c_25_1_8_frame_45.jpeg,93,0.181640625,512
2024_3c_25_1_8_frame_46.jpeg,89,0.173828125,512
2024_3c_25_1_8_frame_47.jpeg,95,0.185546875,512
2024_3c_25_1_8_frame_48.jpeg,77,0.150390625,512
2024_3c_25_1_8_frame_49.jpeg,101,0.197265625,512
2024_3c_25_1_8_frame_5.jpeg,93,0.181640625,512
2024_3c_25_1_8_frame_50.jpeg,83,0.162109375,512
2024_3c_25_1_8_frame_6.jpeg,93,0.181640625,512
2024_3c_25_1_8_frame_7.jpeg,100,0.1953125,512
2024_3c_25_1_8_frame_8.jpeg,84,0.1640625,512
2024_3c_25_1_8_frame_9.jpeg,104,0.203125,512
2024_3c_25_1_9_frame_1.jpeg,105,0.205078125,512
2024_3c_25_1_9_frame_10.jpeg,96,0.1875,512
2024_3c_25_1_9_frame_11.jpeg,105,0.205078125,512
2024_3c_25_1_9_frame_12.jpeg,109,0.212890625,512
2024_3c_25_1_9_frame_13.jpeg,96,0.1875,512
2024_3c_25_1_9_frame_14.jpeg,107,0.208984375,512
2024_3c_25_1_9_frame_15.jpeg,104,0.203125,512
2024_3c_25_1_9_frame_16.jpeg,95,0.185546875,512
2024_3c_25_1_9_frame_17.jpeg,100,0.1953125,512
2024_3c_25_1_9_frame_18.jpeg,88,0.171875,512
2024_3c_25_1_9_frame_19.jpeg,106,0.20703125,512
2024_3c_25_1_9_frame_2.jpeg,109,0.212890625,512
2024_3c_25_1_9_frame_20.jpeg,91,0.177734375,512
2024_3c_25_1_9_frame_21.jpeg,104,0.203125,512
2024_3c_25_1_9_frame_22.jpeg,106,0.20703125,512
2024_3c_25_1_9_frame_23.jpeg,88,0.171875,512
2024_3c_25_1_9_frame_24.jpeg,104,0.203125,512
2024_3c_25_1_9_frame_25.jpeg,96,0.1875,512
2024_3c_25_1_9_frame_26.jpeg,91,0.177734375,512
2024_3c_25_1_9_frame_27.jpeg,96,0.1875,512
2024_3c_25_1_9_frame_28.jpeg,85,0.166015625,512
2024_3c_25_1_9_frame_29.jpeg,104,0.203125,512
2024_3c_25_1_9_frame_3.jpeg,97,0.189453125,512
2024_3c_25_1_9_frame_30.jpeg,87,0.169921875,512
2024_3c_25_1_9_frame_31.jpeg,97,0.189453125,512
2024_3c_25_1_9_frame_32.jpeg,105,0.205078125,512
2024_3c_25_1_9_frame_33.jpeg,89,0.173828125,512
2024_3c_25_1_9_frame_34.jpeg,105,0.205078125,512
2024_3c_25_1_9_frame_35.jpeg,90,0.17578125,512
2024_3c_25_1_9_frame_36.jpeg,92,0.1796875,512
2024_3c_25_1_9_frame_37.jpeg,96,0.1875,512
2024_3c_25_1_9_frame_38.jpeg,84,0.1640625,512
2024_3c_25_1_9_frame_39.jpeg,104,0.203125,512
2024_3c_25_1_9_frame_4.jpeg,104,0.203125,512
2024_3c_25_1_9_frame_40.jpeg,91,0.177734375,512
2024_3c_25_1_9_frame_41.jpeg,100,0.1953125,512
2024_3c_25_1_9_frame_42.jpeg,105,0.205078125,512
2024_3c_25_1_9_frame_43.jpeg,89,0.173828125,512
2024_3c_25_1_9_frame_44.jpeg,104,0.203125,512
2024_3c_25_1_9_frame_45.jpeg,98,0.19140625,512
2024_3c_25_1_9_frame_46.jpeg,91,0.177734375,512
2024_3c_25_1_9_frame_47.jpeg,96,0.1875,512
2024_3c_25_1_9_frame_48.jpeg,82,0.16015625,512
2024_3c_25_1_9_frame_49.jpeg,104,0.203125,512
2024_3c_25_1_9_frame_5.jpeg,102,0.19921875,512
2024_3c_25_1_9_frame_50.jpeg,91,0.177734375,512
2024_3c_25_1_9_frame_6.jpeg,100,0.1953125,512
2024_3c_25_1_9_frame_7.jpeg,104,0.203125,512
2024_3c_25_1_9_frame_8.jpeg,94,0.18359375,512
2024_3c_25_1_9_frame_9.jpeg,106,0.20703125,512
2024_3c_25_2_1_frame_1.jpeg,112,0.21875,512
2024_3c_25_2_1_frame_10.jpeg,112,0.21875,512
2024_3c_25_2_1_frame_11.jpeg,116,0.2265625,512
2024_3c_25_2_1_frame_12.jpeg,100,0.1953125,512
2024_3c_25_2_1_frame_13.jpeg,113,0.220703125,512
2024_3c_25_2_1_frame_14.jpeg,112,0.21875,512
2024_3c_25_2_1_frame_15.jpeg,104,0.203125,512
2024_3c_25_2_1_frame_16.jpeg,106,0.20703125,512
2024_3c_25_2_1_frame_17.jpeg,106,0.20703125,512
2024_3c_25_2_1_frame_18.jpeg,109,0.212890625,512
2024_3c_25_2_1_frame_19.jpeg,86,0.16796875,512
2024_3c_25_2_1_frame_2.jpeg,104,0.203125,512
2024_3c_25_2_1_frame_20.jpeg,109,0.212890625,512
2024_3c_25_2_1_frame_21.jpeg,116,0.2265625,512
2024_3c_25_2_1_frame_22.jpeg,91,0.177734375,512
2024_3c_25_2_1_frame_23.jpeg,113,0.220703125,512
2024_3c_25_2_1_frame_24.jpeg,109,0.212890625,512
2024_3c_25_2_1_frame_25.jpeg,95,0.185546875,512
2024_3c_25_2_1_frame_26.jpeg,104,0.203125,512
2024_3c_25_2_1_frame_27.jpeg,106,0.20703125,512
2024_3c_25_2_1_frame_28.jpeg,109,0.212890625,512
2024_3c_25_2_1_frame_29.jpeg,81,0.158203125,512
2024_3c_25_2_1_frame_3.jpeg,113,0.220703125,512
2024_3c_25_2_1_frame_30.jpeg,107,0.208984375,512
2024_3c_25_2_1_frame_31.jpeg,112,0.21875,512
2024_3c_25_2_1_frame_32.jpeg,91,0.177734375,512
2024_3c_25_2_1_frame_33.jpeg,113,0.220703125,512
2024_3c_25_2_1_frame_34.jpeg,109,0.212890625,512
2024_3c_25_2_1_frame_35.jpeg,101,0.197265625,512
2024_3c_25_2_1_frame_36.jpeg,104,0.203125,512
2024_3c_25_2_1_frame_37.jpeg,103,0.201171875,512
2024_3c_25_2_1_frame_38.jpeg,110,0.21484375,512
2024_3c_25_2_1_frame_39.jpeg,82,0.16015625,512
2024_3c_25_2_1_frame_4.jpeg,110,0.21484375,512
2024_3c_25_2_1_frame_40.jpeg,107,0.208984375,512
2024_3c_25_2_1_frame_41.jpeg,109,0.212890625,512
2024_3c_25_2_1_frame_42.jpeg,95,0.185546875,512
2024_3c_25_2_1_frame_43.jpeg,113,0.220703125,512
2024_3c_25_2_1_frame_44.jpeg,104,0.203125,512
2024_3c_25_2_1_frame_45.jpeg,101,0.197265625,512
2024_3c_25_2_1_frame_46.jpeg,104,0.203125,512
2024_3c_25_2_1_frame_47.jpeg,103,0.201171875,512
2024_3c_25_2_1_frame_48.jpeg,110,0.21484375,512
2024_3c_25_2_1_frame_49.jpeg,89,0.173828125,512
2024_3c_25_2_1_frame_5.jpeg,106,0.20703125,512
2024_3c_25_2_1_frame_50.jpeg,109,0.212890625,512
2024_3c_25_2_1_frame_6.jpeg,110,0.21484375,512
2024_3c_25_2_1_frame_7.jpeg,107,0.208984375,512
2024_3c_25_2_1_frame_8.jpeg,110,0.21484375,512
2024_3c_25_2_1_frame_9.jpeg,102,0.19921875,512
2024_3c_25_2_2_frame_1.jpeg,100,0.1953125,512
2024_3c_25_2_2_frame_10.jpeg,91,0.177734375,512
2024_3c_25_2_2_frame_11.jpeg,101,0.197265625,512
2024_3c_25_2_2_frame_12.jpeg,91,0.177734375,512
2024_3c_25_2_2_frame_13.jpeg,96,0.1875,512
2024_3c_25_2_2_frame_14.jpeg,90,0.17578125,512
2024_3c_25_2_2_frame_15.jpeg,95,0.185546875,512
2024_3c_25_2_2_frame_16.jpeg,103,0.201171875,512
2024_3c_25_2_2_frame_17.jpeg,85,0.166015625,512
2024_3c_25_2_2_frame_18.jpeg,103,0.201171875,512
2024_3c_25_2_2_frame_19.jpeg,97,0.189453125,512
2024_3c_25_2_2_frame_2.jpeg,92,0.1796875,512
2024_3c_25_2_2_frame_20.jpeg,84,0.1640625,512
2024_3c_25_2_2_frame_21.jpeg,97,0.189453125,512
2024_3c_25_2_2_frame_22.jpeg,90,0.17578125,512
2024_3c_25_2_2_frame_23.jpeg,97,0.189453125,512
2024_3c_25_2_2_frame_24.jpeg,83,0.162109375,512
2024_3c_25_2_2_frame_25.jpeg,90,0.17578125,512
2024_3c_25_2_2_frame_26.jpeg,101,0.197265625,512
2024_3c_25_2_2_frame_27.jpeg,72,0.140625,512
2024_3c_25_2_2_frame_28.jpeg,103,0.201171875,512
2024_3c_25_2_2_frame_29.jpeg,97,0.189453125,512
2024_3c_25_2_2_frame_3.jpeg,100,0.1953125,512
2024_3c_25_2_2_frame_30.jpeg,80,0.15625,512
2024_3c_25_2_2_frame_31.jpeg,99,0.193359375,512
2024_3c_25_2_2_frame_32.jpeg,86,0.16796875,512
2024_3c_25_2_2_frame_33.jpeg,97,0.189453125,512
2024_3c_25_2_2_frame_34.jpeg,77,0.150390625,512
2024_3c_25_2_2_frame_35.jpeg,90,0.17578125,512
2024_3c_25_2_2_frame_36.jpeg,102,0.19921875,512
2024_3c_25_2_2_frame_37.jpeg,80,0.15625,512
2024_3c_25_2_2_frame_38.jpeg,103,0.201171875,512
2024_3c_25_2_2_frame_39.jpeg,94,0.18359375,512
2024_3c_25_2_2_frame_4.jpeg,93,0.181640625,512
2024_3c_25_2_2_frame_40.jpeg,80,0.15625,512
2024_3c_25_2_2_frame_41.jpeg,99,0.193359375,512
2024_3c_25_2_2_frame_42.jpeg,82,0.16015625,512
2024_3c_25_2_2_frame_43.jpeg,97,0.189453125,512
2024_3c_25_2_2_frame_44.jpeg,84,0.1640625,512
2024_3c_25_2_2_frame_45.jpeg,90,0.17578125,512
2024_3c_25_2_2_frame_46.jpeg,103,0.201171875,512
2024_3c_25_2_2_frame_47.jpeg,80,0.15625,512
2024_3c_25_2_2_frame_48.jpeg,103,0.201171875,512
2024_3c_25_2_2_frame_49.jpeg,96,0.1875,512
2024_3c_25_2_2_frame_5.jpeg,95,0.185546875,512
2024_3c_25_2_2_frame_50.jpeg,80,0.15625,512
2024_3c_25_2_2_frame_6.jpeg,101,0.197265625,512
2024_3c_25_2_2_frame_7.jpeg,95,0.185546875,512
2024_3c_25_2_2_frame_8.jpeg,103,0.201171875,512
2024_3c_25_2_2_frame_9.jpeg,101,0.197265625,512
2024_3c_25_2_3_frame_1.jpeg,103,0.201171875,512
2024_3c_25_2_3_frame_10.jpeg,91,0.177734375,512
2024_3c_25_2_3_frame_11.jpeg,102,0.19921875,512
2024_3c_25_2_3_frame_12.jpeg,105,0.205078125,512
2024_3c_25_2_3_frame_13.jpeg,89,0.173828125,512
2024_3c_25_2_3_frame_14.jpeg,105,0.205078125,512
2024_3c_25_2_3_frame_15.jpeg,101,0.197265625,512
2024_3c_25_2_3_frame_16.jpeg,92,0.1796875,512
2024_3c_25_2_3_frame_17.jpeg,96,0.1875,512
2024_3c_25_2_3_frame_18.jpeg,100,0.1953125,512
2024_3c_25_2_3_frame_19.jpeg,102,0.19921875,512
2024_3c_25_2_3_frame_2.jpeg,106,0.20703125,512
2024_3c_25_2_3_frame_20.jpeg,82,0.16015625,512
2024_3c_25_2_3_frame_21.jpeg,101,0.197265625,512
2024_3c_25_2_3_frame_22.jpeg,106,0.20703125,512
2024_3c_25_2_3_frame_23.jpeg,83,0.162109375,512
2024_3c_25_2_3_frame_24.jpeg,103,0.201171875,512
2024_3c_25_2_3_frame_25.jpeg,96,0.1875,512
2024_3c_25_2_3_frame_26.jpeg,89,0.173828125,512
2024_3c_25_2_3_frame_27.jpeg,93,0.181640625,512
2024_3c_25_2_3_frame_28.jpeg,95,0.185546875,512
2024_3c_25_2_3_frame_29.jpeg,101,0.197265625,512
2024_3c_25_2_3_frame_3.jpeg,92,0.1796875,512
2024_3c_25_2_3_frame_30.jpeg,80,0.15625,512
2024_3c_25_2_3_frame_31.jpeg,101,0.197265625,512
2024_3c_25_2_3_frame_32.jpeg,104,0.203125,512
2024_3c_25_2_3_frame_33.jpeg,82,0.16015625,512
2024_3c_25_2_3_frame_34.jpeg,103,0.201171875,512
2024_3c_25_2_3_frame_35.jpeg,96,0.1875,512
2024_3c_25_2_3_frame_36.jpeg,90,0.17578125,512
2024_3c_25_2_3_frame_37.jpeg,93,0.181640625,512
2024_3c_25_2_3_frame_38.jpeg,91,0.177734375,512
2024_3c_25_2_3_frame_39.jpeg,103,0.201171875,512
2024_3c_25_2_3_frame_4.jpeg,106,0.20703125,512
2024_3c_25_2_3_frame_40.jpeg,83,0.162109375,512
2024_3c_25_2_3_frame_41.jpeg,100,0.1953125,512
2024_3c_25_2_3_frame_42.jpeg,104,0.203125,512
2024_3c_25_2_3_frame_43.jpeg,86,0.16796875,512
2024_3c_25_2_3_frame_44.jpeg,101,0.197265625,512
2024_3c_25_2_3_frame_45.jpeg,95,0.185546875,512
2024_3c_25_2_3_frame_46.jpeg,91,0.177734375,512
2024_3c_25_2_3_frame_47.jpeg,93,0.181640625,512
2024_3c_25_2_3_frame_48.jpeg,92,0.1796875,512
2024_3c_25_2_3_frame_49.jpeg,103,0.201171875,512
2024_3c_25_2_3_frame_5.jpeg,102,0.19921875,512
2024_3c_25_2_3_frame_50.jpeg,85,0.166015625,512
2024_3c_25_2_3_frame_6.jpeg,98,0.19140625,512
2024_3c_25_2_3_frame_7.jpeg,101,0.197265625,512
2024_3c_25_2_3_frame_8.jpeg,96,0.1875,512
2024_3c_25_2_3_frame_9.jpeg,106,0.20703125,512
2024_3c_25_2_4_frame_1.jpeg,104,0.203125,512
2024_3c_25_2_4_frame_10.jpeg,99,0.193359375,512
2024_3c_25_2_4_frame_11.jpeg,104,0.203125,512
2024_3c_25_2_4_frame_12.jpeg,109,0.212890625,512
2024_3c_25_2_4_frame_13.jpeg,100,0.1953125,512
2024_3c_25_2_4_frame_14.jpeg,108,0.2109375,512
2024_3c_25_2_4_frame_15.jpeg,102,0.19921875,512
2024_3c_25_2_4_frame_16.jpeg,99,0.193359375,512
2024_3c_25_2_4_frame_17.jpeg,101,0.197265625,512
2024_3c_25_2_4_frame_18.jpeg,97,0.189453125,512
2024_3c_25_2_4_frame_19.jpeg,106,0.20703125,512
2024_3c_25_2_4_frame_2.jpeg,105,0.205078125,512
2024_3c_25_2_4_frame_20.jpeg,90,0.17578125,512
2024_3c_25_2_4_frame_21.jpeg,104,0.203125,512
2024_3c_25_2_4_frame_22.jpeg,109,0.212890625,512
2024_3c_25_2_4_frame_23.jpeg,91,0.177734375,512
2024_3c_25_2_4_frame_24.jpeg,108,0.2109375,512
2024_3c_25_2_4_frame_25.jpeg,98,0.19140625,512
2024_3c_25_2_4_frame_26.jpeg,95,0.185546875,512
2024_3c_25_2_4_frame_27.jpeg,102,0.19921875,512
2024_3c_25_2_4_frame_28.jpeg,93,0.181640625,512
2024_3c_25_2_4_frame_29.jpeg,106,0.20703125,512
2024_3c_25_2_4_frame_3.jpeg,99,0.193359375,512
2024_3c_25_2_4_frame_30.jpeg,83,0.162109375,512
2024_3c_25_2_4_frame_31.jpeg,102,0.19921875,512
2024_3c_25_2_4_frame_32.jpeg,106,0.20703125,512
2024_3c_25_2_4_frame_33.jpeg,91,0.177734375,512
2024_3c_25_2_4_frame_34.jpeg,105,0.205078125,512
2024_3c_25_2_4_frame_35.jpeg,97,0.189453125,512
2024_3c_25_2_4_frame_36.jpeg,96,0.1875,512
2024_3c_25_2_4_frame_37.jpeg,102,0.19921875,512
2024_3c_25_2_4_frame_38.jpeg,92,0.1796875,512
2024_3c_25_2_4_frame_39.jpeg,106,0.20703125,512
2024_3c_25_2_4_frame_4.jpeg,106,0.20703125,512
2024_3c_25_2_4_frame_40.jpeg,91,0.177734375,512
2024_3c_25_2_4_frame_41.jpeg,101,0.197265625,512
2024_3c_25_2_4_frame_42.jpeg,106,0.20703125,512
2024_3c_25_2_4_frame_43.jpeg,91,0.177734375,512
2024_3c_25_2_4_frame_44.jpeg,105,0.205078125,512
2024_3c_25_2_4_frame_45.jpeg,97,0.189453125,512
2024_3c_25_2_4_frame_46.jpeg,101,0.197265625,512
2024_3c_25_2_4_frame_47.jpeg,102,0.19921875,512
2024_3c_25_2_4_frame_48.jpeg,89,0.173828125,512
2024_3c_25_2_4_frame_49.jpeg,104,0.203125,512
2024_3c_25_2_4_frame_5.jpeg,103,0.201171875,512
2024_3c_25_2_4_frame_50.jpeg,91,0.177734375,512
2024_3c_25_2_4_frame_6.jpeg,101,0.197265625,512
2024_3c_25_2_4_frame_7.jpeg,104,0.203125,512
2024_3c_25_2_4_frame_8.jpeg,96,0.1875,512
2024_3c_25_2_4_frame_9.jpeg,106,0.20703125,512
2024_3c_25_2_5_frame_1.jpeg,98,0.19140625,512
2024_3c_25_2_5_frame_10.jpeg,104,0.203125,512
2024_3c_25_2_5_frame_11.jpeg,98,0.19140625,512
2024_3c_25_2_5_frame_12.jpeg,104,0.203125,512
2024_3c_25_2_5_frame_13.jpeg,102,0.19921875,512
2024_3c_25_2_5_frame_14.jpeg,104,0.203125,512
2024_3c_25_2_5_frame_15.jpeg,106,0.20703125,512
2024_3c_25_2_5_frame_16.jpeg,94,0.18359375,512
2024_3c_25_2_5_frame_17.jpeg,108,0.2109375,512
2024_3c_25_2_5_frame_18.jpeg,104,0.203125,512
2024_3c_25_2_5_frame_19.jpeg,95,0.185546875,512
2024_3c_25_2_5_frame_2.jpeg,104,0.203125,512
2024_3c_25_2_5_frame_20.jpeg,104,0.203125,512
2024_3c_25_2_5_frame_21.jpeg,94,0.18359375,512
2024_3c_25_2_5_frame_22.jpeg,101,0.197265625,512
2024_3c_25_2_5_frame_23.jpeg,93,0.181640625,512
2024_3c_25_2_5_frame_24.jpeg,98,0.19140625,512
2024_3c_25_2_5_frame_25.jpeg,107,0.208984375,512
2024_3c_25_2_5_frame_26.jpeg,84,0.1640625,512
2024_3c_25_2_5_frame_27.jpeg,104,0.203125,512
2024_3c_25_2_5_frame_28.jpeg,104,0.203125,512
2024_3c_25_2_5_frame_29.jpeg,90,0.17578125,512
2024_3c_25_2_5_frame_3.jpeg,101,0.197265625,512
2024_3c_25_2_5_frame_30.jpeg,104,0.203125,512
2024_3c_25_2_5_frame_31.jpeg,93,0.181640625,512
2024_3c_25_2_5_frame_32.jpeg,100,0.1953125,512
2024_3c_25_2_5_frame_33.jpeg,94,0.18359375,512
2024_3c_25_2_5_frame_34.jpeg,98,0.19140625,512
2024_3c_25_2_5_frame_35.jpeg,107,0.208984375,512
2024_3c_25_2_5_frame_36.jpeg,89,0.173828125,512
2024_3c_25_2_5_frame_37.jpeg,104,0.203125,512
2024_3c_25_2_5_frame_38.jpeg,104,0.203125,512
2024_3c_25_2_5_frame_39.jpeg,92,0.1796875,512
2024_3c_25_2_5_frame_4.jpeg,103,0.201171875,512
2024_3c_25_2_5_frame_40.jpeg,104,0.203125,512
2024_3c_25_2_5_frame_41.jpeg,89,0.173828125,512
2024_3c_25_2_5_frame_42.jpeg,100,0.1953125,512
2024_3c_25_2_5_frame_43.jpeg,93,0.181640625,512
2024_3c_25_2_5_frame_44.jpeg,96,0.1875,512
2024_3c_25_2_5_frame_45.jpeg,105,0.205078125,512
2024_3c_25_2_5_frame_46.jpeg,89,0.173828125,512
2024_3c_25_2_5_frame_47.jpeg,104,0.203125,512
2024_3c_25_2_5_frame_48.jpeg,104,0.203125,512
2024_3c_25_2_5_frame_49.jpeg,90,0.17578125,512
2024_3c_25_2_5_frame_5.jpeg,106,0.20703125,512
2024_3c_25_2_5_frame_50.jpeg,104,0.203125,512
2024_3c_25_2_5_frame_6.jpeg,104,0.203125,512
2024_3c_25_2_5_frame_7.jpeg,108,0.2109375,512
2024_3c_25_2_5_frame_8.jpeg,106,0.20703125,512
2024_3c_25_2_5_frame_9.jpeg,99,0.193359375,512
2024_3c_25_2_6_frame_1.jpeg,106,0.20703125,512
2024_3c_25_2_6_frame_10.jpeg,100,0.1953125,512
2024_3c_25_2_6_frame_11.jpeg,106,0.20703125,512
2024_3c_25_2_6_frame_12.jpeg,109,0.212890625,512
2024_3c_25_2_6_frame_13.jpeg,94,0.18359375,512
2024_3c_25_2_6_frame_14.jpeg,104,0.203125,512
2024_3c_25_2_6_frame_15.jpeg,102,0.19921875,512
2024_3c_25_2_6_frame_16.jpeg,100,0.1953125,512
2024_3c_25_2_6_frame_17.jpeg,101,0.197265625,512
2024_3c_25_2_6_frame_18.jpeg,96,0.1875,512
2024_3c_25_2_6_frame_19.jpeg,109,0.212890625,512
2024_3c_25_2_6_frame_2.jpeg,104,0.203125,512
2024_3c_25_2_6_frame_20.jpeg,84,0.1640625,512
2024_3c_25_2_6_frame_21.jpeg,106,0.20703125,512
2024_3c_25_2_6_frame_22.jpeg,109,0.212890625,512
2024_3c_25_2_6_frame_23.jpeg,89,0.173828125,512
2024_3c_25_2_6_frame_24.jpeg,108,0.2109375,512
2024_3c_25_2_6_frame_25.jpeg,95,0.185546875,512
2024_3c_25_2_6_frame_26.jpeg,95,0.185546875,512
2024_3c_25_2_6_frame_27.jpeg,104,0.203125,512
2024_3c_25_2_6_frame_28.jpeg,96,0.1875,512
2024_3c_25_2_6_frame_29.jpeg,106,0.20703125,512
2024_3c_25_2_6_frame_3.jpeg,101,0.197265625,512
2024_3c_25_2_6_frame_30.jpeg,80,0.15625,512
2024_3c_25_2_6_frame_31.jpeg,103,0.201171875,512
2024_3c_25_2_6_frame_32.jpeg,106,0.20703125,512
2024_3c_25_2_6_frame_33.jpeg,89,0.173828125,512
2024_3c_25_2_6_frame_34.jpeg,108,0.2109375,512
2024_3c_25_2_6_frame_35.jpeg,94,0.18359375,512
2024_3c_25_2_6_frame_36.jpeg,94,0.18359375,512
2024_3c_25_2_6_frame_37.jpeg,103,0.201171875,512
2024_3c_25_2_6_frame_38.jpeg,92,0.1796875,512
2024_3c_25_2_6_frame_39.jpeg,106,0.20703125,512
2024_3c_25_2_6_frame_4.jpeg,105,0.205078125,512
2024_3c_25_2_6_frame_40.jpeg,83,0.162109375,512
2024_3c_25_2_6_frame_41.jpeg,102,0.19921875,512
2024_3c_25_2_6_frame_42.jpeg,105,0.205078125,512
2024_3c_25_2_6_frame_43.jpeg,89,0.173828125,512
2024_3c_25_2_6_frame_44.jpeg,104,0.203125,512
2024_3c_25_2_6_frame_45.jpeg,93,0.181640625,512
2024_3c_25_2_6_frame_46.jpeg,95,0.185546875,512
2024_3c_25_2_6_frame_47.jpeg,101,0.197265625,512
2024_3c_25_2_6_frame_48.jpeg,93,0.181640625,512
2024_3c_25_2_6_frame_49.jpeg,106,0.20703125,512
2024_3c_25_2_6_frame_5.jpeg,103,0.201171875,512
2024_3c_25_2_6_frame_50.jpeg,83,0.162109375,512
2024_3c_25_2_6_frame_6.jpeg,101,0.197265625,512
2024_3c_25_2_6_frame_7.jpeg,104,0.203125,512
2024_3c_25_2_6_frame_8.jpeg,96,0.1875,512
2024_3c_25_2_6_frame_9.jpeg,109,0.212890625,512
2024_3c_25_2_7_frame_1.jpeg,112,0.21875,512
2024_3c_25_2_7_frame_10.jpeg,104,0.203125,512
2024_3c_25_2_7_frame_11.jpeg,116,0.2265625,512
2024_3c_25_2_7_frame_12.jpeg,116,0.2265625,512
2024_3c_25_2_7_frame_13.jpeg,105,0.205078125,512
2024_3c_25_2_7_frame_14.jpeg,116,0.2265625,512
2024_3c_25_2_7_frame_15.jpeg,109,0.212890625,512
2024_3c_25_2_7_frame_16.jpeg,104,0.203125,512
2024_3c_25_2_7_frame_17.jpeg,110,0.21484375,512
2024_3c_25_2_7_frame_18.jpeg,106,0.20703125,512
2024_3c_25_2_7_frame_19.jpeg,112,0.21875,512
2024_3c_25_2_7_frame_2.jpeg,112,0.21875,512
2024_3c_25_2_7_frame_20.jpeg,96,0.1875,512
2024_3c_25_2_7_frame_21.jpeg,109,0.212890625,512
2024_3c_25_2_7_frame_22.jpeg,112,0.21875,512
2024_3c_25_2_7_frame_23.jpeg,100,0.1953125,512
2024_3c_25_2_7_frame_24.jpeg,113,0.220703125,512
2024_3c_25_2_7_frame_25.jpeg,103,0.201171875,512
2024_3c_25_2_7_frame_26.jpeg,101,0.197265625,512
2024_3c_25_2_7_frame_27.jpeg,109,0.212890625,512
2024_3c_25_2_7_frame_28.jpeg,106,0.20703125,512
2024_3c_25_2_7_frame_29.jpeg,113,0.220703125,512
2024_3c_25_2_7_frame_3.jpeg,105,0.205078125,512
2024_3c_25_2_7_frame_30.jpeg,93,0.181640625,512
2024_3c_25_2_7_frame_31.jpeg,106,0.20703125,512
2024_3c_25_2_7_frame_32.jpeg,109,0.212890625,512
2024_3c_25_2_7_frame_33.jpeg,101,0.197265625,512
2024_3c_25_2_7_frame_34.jpeg,114,0.22265625,512
2024_3c_25_2_7_frame_35.jpeg,104,0.203125,512
2024_3c_25_2_7_frame_36.jpeg,106,0.20703125,512
2024_3c_25_2_7_frame_37.jpeg,108,0.2109375,512
2024_3c_25_2_7_frame_38.jpeg,102,0.19921875,512
2024_3c_25_2_7_frame_39.jpeg,113,0.220703125,512
2024_3c_25_2_7_frame_4.jpeg,115,0.224609375,512
2024_3c_25_2_7_frame_40.jpeg,95,0.185546875,512
2024_3c_25_2_7_frame_41.jpeg,106,0.20703125,512
2024_3c_25_2_7_frame_42.jpeg,112,0.21875,512
2024_3c_25_2_7_frame_43.jpeg,101,0.197265625,512
2024_3c_25_2_7_frame_44.jpeg,113,0.220703125,512
2024_3c_25_2_7_frame_45.jpeg,106,0.20703125,512
2024_3c_25_2_7_frame_46.jpeg,105,0.205078125,512
2024_3c_25_2_7_frame_47.jpeg,109,0.212890625,512
2024_3c_25_2_7_frame_48.jpeg,102,0.19921875,512
2024_3c_25_2_7_frame_49.jpeg,113,0.220703125,512
2024_3c_25_2_7_frame_5.jpeg,110,0.21484375,512
2024_3c_25_2_7_frame_50.jpeg,96,0.1875,512
2024_3c_25_2_7_frame_6.jpeg,110,0.21484375,512
2024_3c_25_2_7_frame_7.jpeg,112,0.21875,512
2024_3c_25_2_7_frame_8.jpeg,106,0.20703125,512
2024_3c_25_2_7_frame_9.jpeg,113,0.220703125,512
2024_3c_25_2_8_frame_1.jpeg,106,0.20703125,512
2024_3c_25_2_8_frame_10.jpeg,93,0.181640625,512
2024_3c_25_2_8_frame_11.jpeg,104,0.203125,512
2024_3c_25_2_8_frame_12.jpeg,97,0.189453125,512
2024_3c_25_2_8_frame_13.jpeg,102,0.19921875,512
2024_3c_25_2_8_frame_14.jpeg,97,0.189453125,512
2024_3c_25_2_8_frame_15.jpeg,101,0.197265625,512
2024_3c_25_2_8_frame_16.jpeg,109,0.212890625,512
2024_3c_25_2_8_frame_17.jpeg,92,0.1796875,512
2024_3c_25_2_8_frame_18.jpeg,109,0.212890625,512
2024_3c_25_2_8_frame_19.jpeg,105,0.205078125,512
2024_3c_25_2_8_frame_2.jpeg,94,0.18359375,512
2024_3c_25_2_8_frame_20.jpeg,84,0.1640625,512
2024_3c_25_2_8_frame_21.jpeg,104,0.203125,512
2024_3c_25_2_8_frame_22.jpeg,93,0.181640625,512
2024_3c_25_2_8_frame_23.jpeg,98,0.19140625,512
2024_3c_25_2_8_frame_24.jpeg,93,0.181640625,512
2024_3c_25_2_8_frame_25.jpeg,101,0.197265625,512
2024_3c_25_2_8_frame_26.jpeg,109,0.212890625,512
2024_3c_25_2_8_frame_27.jpeg,83,0.162109375,512
2024_3c_25_2_8_frame_28.jpeg,109,0.212890625,512
2024_3c_25_2_8_frame_29.jpeg,104,0.203125,512
2024_3c_25_2_8_frame_3.jpeg,102,0.19921875,512
2024_3c_25_2_8_frame_30.jpeg,84,0.1640625,512
2024_3c_25_2_8_frame_31.jpeg,104,0.203125,512
2024_3c_25_2_8_frame_32.jpeg,90,0.17578125,512
2024_3c_25_2_8_frame_33.jpeg,98,0.19140625,512
2024_3c_25_2_8_frame_34.jpeg,93,0.181640625,512
2024_3c_25_2_8_frame_35.jpeg,101,0.197265625,512
2024_3c_25_2_8_frame_36.jpeg,109,0.212890625,512
2024_3c_25_2_8_frame_37.jpeg,85,0.166015625,512
2024_3c_25_2_8_frame_38.jpeg,104,0.203125,512
2024_3c_25_2_8_frame_39.jpeg,102,0.19921875,512
2024_3c_25_2_8_frame_4.jpeg,97,0.189453125,512
2024_3c_25_2_8_frame_40.jpeg,83,0.162109375,512
2024_3c_25_2_8_frame_41.jpeg,104,0.203125,512
2024_3c_25_2_8_frame_42.jpeg,87,0.169921875,512
2024_3c_25_2_8_frame_43.jpeg,100,0.1953125,512
2024_3c_25_2_8_frame_44.jpeg,93,0.181640625,512
2024_3c_25_2_8_frame_45.jpeg,96,0.1875,512
2024_3c_25_2_8_frame_46.jpeg,109,0.212890625,512
2024_3c_25_2_8_frame_47.jpeg,84,0.1640625,512
2024_3c_25_2_8_frame_48.jpeg,104,0.203125,512
2024_3c_25_2_8_frame_49.jpeg,102,0.19921875,512
2024_3c_25_2_8_frame_5.jpeg,104,0.203125,512
2024_3c_25_2_8_frame_50.jpeg,83,0.162109375,512
2024_3c_25_2_8_frame_6.jpeg,110,0.21484375,512
2024_3c_25_2_8_frame_7.jpeg,100,0.1953125,512
2024_3c_25_2_8_frame_8.jpeg,109,0.212890625,512
2024_3c_25_2_8_frame_9.jpeg,105,0.205078125,512
2024_3c_25_2_9_frame_1.jpeg,104,0.203125,512
2024_3c_25_2_9_frame_10.jpeg,114,0.22265625,512
2024_3c_25_2_9_frame_11.jpeg,104,0.203125,512
2024_3c_25_2_9_frame_12.jpeg,112,0.21875,512
2024_3c_25_2_9_frame_13.jpeg,108,0.2109375,512
2024_3c_25_2_9_frame_14.jpeg,109,0.212890625,512
2024_3c_25_2_9_frame_15.jpeg,116,0.2265625,512
2024_3c_25_2_9_frame_16.jpeg,101,0.197265625,512
2024_3c_25_2_9_frame_17.jpeg,113,0.220703125,512
2024_3c_25_2_9_frame_18.jpeg,112,0.21875,512
2024_3c_25_2_9_frame_19.jpeg,104,0.203125,512
2024_3c_25_2_9_frame_2.jpeg,112,0.21875,512
2024_3c_25_2_9_frame_20.jpeg,113,0.220703125,512
2024_3c_25_2_9_frame_21.jpeg,101,0.197265625,512
2024_3c_25_2_9_frame_22.jpeg,113,0.220703125,512
2024_3c_25_2_9_frame_23.jpeg,103,0.201171875,512
2024_3c_25_2_9_frame_24.jpeg,104,0.203125,512
2024_3c_25_2_9_frame_25.jpeg,113,0.220703125,512
2024_3c_25_2_9_frame_26.jpeg,93,0.181640625,512
2024_3c_25_2_9_frame_27.jpeg,113,0.220703125,512
2024_3c_25_2_9_frame_28.jpeg,109,0.212890625,512
2024_3c_25_2_9_frame_29.jpeg,101,0.197265625,512
2024_3c_25_2_9_frame_3.jpeg,108,0.2109375,512
2024_3c_25_2_9_frame_30.jpeg,113,0.220703125,512
2024_3c_25_2_9_frame_31.jpeg,101,0.197265625,512
2024_3c_25_2_9_frame_32.jpeg,113,0.220703125,512
2024_3c_25_2_9_frame_33.jpeg,104,0.203125,512
2024_3c_25_2_9_frame_34.jpeg,104,0.203125,512
2024_3c_25_2_9_frame_35.jpeg,114,0.22265625,512
2024_3c_25_2_9_frame_36.jpeg,94,0.18359375,512
2024_3c_25_2_9_frame_37.jpeg,116,0.2265625,512
2024_3c_25_2_9_frame_38.jpeg,108,0.2109375,512
2024_3c_25_2_9_frame_39.jpeg,101,0.197265625,512
2024_3c_25_2_9_frame_4.jpeg,108,0.2109375,512
2024_3c_25_2_9_frame_40.jpeg,113,0.220703125,512
2024_3c_25_2_9_frame_41.jpeg,93,0.181640625,512
2024_3c_25_2_9_frame_42.jpeg,113,0.220703125,512
2024_3c_25_2_9_frame_43.jpeg,105,0.205078125,512
2024_3c_25_2_9_frame_44.jpeg,104,0.203125,512
2024_3c_25_2_9_frame_45.jpeg,113,0.220703125,512
2024_3c_25_2_9_frame_46.jpeg,101,0.197265625,512
2024_3c_25_2_9_frame_47.jpeg,116,0.2265625,512
2024_3c_25_2_9_frame_48.jpeg,106,0.20703125,512
2024_3c_25_2_9_frame_49.jpeg,100,0.1953125,512
2024_3c_25_2_9_frame_5.jpeg,115,0.224609375,512
2024_3c_25_2_9_frame_50.jpeg,113,0.220703125,512
2024_3c_25_2_9_frame_6.jpeg,109,0.212890625,512
2024_3c_25_2_9_frame_7.jpeg,116,0.2265625,512
2024_3c_25_2_9_frame_8.jpeg,110,0.21484375,512
2024_3c_25_2_9_frame_9.jpeg,108,0.2109375,512
2024_3c_25_3_1_frame_1.jpeg,116,0.2265625,512
2024_3c_25_3_1_frame_10.jpeg,119,0.232421875,512
2024_3c_25_3_1_frame_11.jpeg,116,0.2265625,512
2024_3c_25_3_1_frame_12.jpeg,101,0.197265625,512
2024_3c_25_3_1_frame_13.jpeg,113,0.220703125,512
2024_3c_25_3_1_frame_14.jpeg,109,0.212890625,512
2024_3c_25_3_1_frame_15.jpeg,110,0.21484375,512
2024_3c_25_3_1_frame_16.jpeg,105,0.205078125,512
2024_3c_25_3_1_frame_17.jpeg,114,0.22265625,512
2024_3c_25_3_1_frame_18.jpeg,117,0.228515625,512
2024_3c_25_3_1_frame_19.jpeg,89,0.173828125,512
2024_3c_25_3_1_frame_2.jpeg,105,0.205078125,512
2024_3c_25_3_1_frame_20.jpeg,117,0.228515625,512
2024_3c_25_3_1_frame_21.jpeg,116,0.2265625,512
2024_3c_25_3_1_frame_22.jpeg,99,0.193359375,512
2024_3c_25_3_1_frame_23.jpeg,112,0.21875,512
2024_3c_25_3_1_frame_24.jpeg,106,0.20703125,512
2024_3c_25_3_1_frame_25.jpeg,109,0.212890625,512
2024_3c_25_3_1_frame_26.jpeg,100,0.1953125,512
2024_3c_25_3_1_frame_27.jpeg,109,0.212890625,512
2024_3c_25_3_1_frame_28.jpeg,117,0.228515625,512
2024_3c_25_3_1_frame_29.jpeg,95,0.185546875,512
2024_3c_25_3_1_frame_3.jpeg,117,0.228515625,512
2024_3c_25_3_1_frame_30.jpeg,116,0.2265625,512
2024_3c_25_3_1_frame_31.jpeg,112,0.21875,512
2024_3c_25_3_1_frame_32.jpeg,95,0.185546875,512
2024_3c_25_3_1_frame_33.jpeg,113,0.220703125,512
2024_3c_25_3_1_frame_34.jpeg,105,0.205078125,512
2024_3c_25_3_1_frame_35.jpeg,112,0.21875,512
2024_3c_25_3_1_frame_36.jpeg,104,0.203125,512
2024_3c_25_3_1_frame_37.jpeg,109,0.212890625,512
2024_3c_25_3_1_frame_38.jpeg,118,0.23046875,512
2024_3c_25_3_1_frame_39.jpeg,96,0.1875,512
2024_3c_25_3_1_frame_4.jpeg,114,0.22265625,512
2024_3c_25_3_1_frame_40.jpeg,116,0.2265625,512
2024_3c_25_3_1_frame_41.jpeg,112,0.21875,512
2024_3c_25_3_1_frame_42.jpeg,96,0.1875,512
2024_3c_25_3_1_frame_43.jpeg,116,0.2265625,512
2024_3c_25_3_1_frame_44.jpeg,105,0.205078125,512
2024_3c_25_3_1_frame_45.jpeg,112,0.21875,512
2024_3c_25_3_1_frame_46.jpeg,104,0.203125,512
2024_3c_25_3_1_frame_47.jpeg,109,0.212890625,512
2024_3c_25_3_1_frame_48.jpeg,117,0.228515625,512
2024_3c_25_3_1_frame_49.jpeg,96,0.1875,512
2024_3c_25_3_1_frame_5.jpeg,113,0.220703125,512
2024_3c_25_3_1_frame_50.jpeg,116,0.2265625,512
2024_3c_25_3_1_frame_6.jpeg,110,0.21484375,512
2024_3c_25_3_1_frame_7.jpeg,114,0.22265625,512
2024_3c_25_3_1_frame_8.jpeg,117,0.228515625,512
2024_3c_25_3_1_frame_9.jpeg,106,0.20703125,512
2024_3c_25_3_2_frame_1.jpeg,109,0.212890625,512
2024_3c_25_3_2_frame_10.jpeg,99,0.193359375,512
2024_3c_25_3_2_frame_11.jpeg,108,0.2109375,512
2024_3c_25_3_2_frame_12.jpeg,108,0.2109375,512
2024_3c_25_3_2_frame_13.jpeg,95,0.185546875,512
2024_3c_25_3_2_frame_14.jpeg,104,0.203125,512
2024_3c_25_3_2_frame_15.jpeg,97,0.189453125,512
2024_3c_25_3_2_frame_16.jpeg,100,0.1953125,512
2024_3c_25_3_2_frame_17.jpeg,93,0.181640625,512
2024_3c_25_3_2_frame_18.jpeg,104,0.203125,512
2024_3c_25_3_2_frame_19.jpeg,108,0.2109375,512
2024_3c_25_3_2_frame_2.jpeg,108,0.2109375,512
2024_3c_25_3_2_frame_20.jpeg,90,0.17578125,512
2024_3c_25_3_2_frame_21.jpeg,109,0.212890625,512
2024_3c_25_3_2_frame_22.jpeg,104,0.203125,512
2024_3c_25_3_2_frame_23.jpeg,90,0.17578125,512
2024_3c_25_3_2_frame_24.jpeg,104,0.203125,512
2024_3c_25_3_2_frame_25.jpeg,95,0.185546875,512
2024_3c_25_3_2_frame_26.jpeg,101,0.197265625,512
2024_3c_25_3_2_frame_27.jpeg,95,0.185546875,512
2024_3c_25_3_2_frame_28.jpeg,100,0.1953125,512
2024_3c_25_3_2_frame_29.jpeg,108,0.2109375,512
2024_3c_25_3_2_frame_3.jpeg,100,0.1953125,512
2024_3c_25_3_2_frame_30.jpeg,83,0.162109375,512
2024_3c_25_3_2_frame_31.jpeg,106,0.20703125,512
2024_3c_25_3_2_frame_32.jpeg,104,0.203125,512
2024_3c_25_3_2_frame_33.jpeg,85,0.166015625,512
2024_3c_25_3_2_frame_34.jpeg,104,0.203125,512
2024_3c_25_3_2_frame_35.jpeg,94,0.18359375,512
2024_3c_25_3_2_frame_36.jpeg,100,0.1953125,512
2024_3c_25_3_2_frame_37.jpeg,95,0.185546875,512
2024_3c_25_3_2_frame_38.jpeg,100,0.1953125,512
2024_3c_25_3_2_frame_39.jpeg,108,0.2109375,512
2024_3c_25_3_2_frame_4.jpeg,104,0.203125,512
2024_3c_25_3_2_frame_40.jpeg,85,0.166015625,512
2024_3c_25_3_2_frame_41.jpeg,105,0.205078125,512
2024_3c_25_3_2_frame_42.jpeg,104,0.203125,512
2024_3c_25_3_2_frame_43.jpeg,89,0.173828125,512
2024_3c_25_3_2_frame_44.jpeg,104,0.203125,512
2024_3c_25_3_2_frame_45.jpeg,93,0.181640625,512
2024_3c_25_3_2_frame_46.jpeg,101,0.197265625,512
2024_3c_25_3_2_frame_47.jpeg,95,0.185546875,512
2024_3c_25_3_2_frame_48.jpeg,100,0.1953125,512
2024_3c_25_3_2_frame_49.jpeg,109,0.212890625,512
2024_3c_25_3_2_frame_5.jpeg,103,0.201171875,512
2024_3c_25_3_2_frame_50.jpeg,86,0.16796875,512
2024_3c_25_3_2_frame_6.jpeg,104,0.203125,512
2024_3c_25_3_2_frame_7.jpeg,101,0.197265625,512
2024_3c_25_3_2_frame_8.jpeg,104,0.203125,512
2024_3c_25_3_2_frame_9.jpeg,109,0.212890625,512
2024_3c_25_3_3_frame_1.jpeg,107,0.208984375,512
2024_3c_25_3_3_frame_10.jpeg,109,0.212890625,512
2024_3c_25_3_3_frame_11.jpeg,109,0.212890625,512
2024_3c_25_3_3_frame_12.jpeg,100,0.1953125,512
2024_3c_25_3_3_frame_13.jpeg,109,0.212890625,512
2024_3c_25_3_3_frame_14.jpeg,96,0.1875,512
2024_3c_25_3_3_frame_15.jpeg,108,0.2109375,512
2024_3c_25_3_3_frame_16.jpeg,97,0.189453125,512
2024_3c_25_3_3_frame_17.jpeg,106,0.20703125,512
2024_3c_25_3_3_frame_18.jpeg,113,0.220703125,512
2024_3c_25_3_3_frame_19.jpeg,84,0.1640625,512
2024_3c_25_3_3_frame_2.jpeg,99,0.193359375,512
2024_3c_25_3_3_frame_20.jpeg,109,0.212890625,512
2024_3c_25_3_3_frame_21.jpeg,108,0.2109375,512
2024_3c_25_3_3_frame_22.jpeg,86,0.16796875,512
2024_3c_25_3_3_frame_23.jpeg,106,0.20703125,512
2024_3c_25_3_3_frame_24.jpeg,93,0.181640625,512
2024_3c_25_3_3_frame_25.jpeg,104,0.203125,512
2024_3c_25_3_3_frame_26.jpeg,99,0.193359375,512
2024_3c_25_3_3_frame_27.jpeg,102,0.19921875,512
2024_3c_25_3_3_frame_28.jpeg,109,0.212890625,512
2024_3c_25_3_3_frame_29.jpeg,92,0.1796875,512
2024_3c_25_3_3_frame_3.jpeg,109,0.212890625,512
2024_3c_25_3_3_frame_30.jpeg,109,0.212890625,512
2024_3c_25_3_3_frame_31.jpeg,106,0.20703125,512
2024_3c_25_3_3_frame_32.jpeg,94,0.18359375,512
2024_3c_25_3_3_frame_33.jpeg,106,0.20703125,512
2024_3c_25_3_3_frame_34.jpeg,91,0.177734375,512
2024_3c_25_3_3_frame_35.jpeg,104,0.203125,512
2024_3c_25_3_3_frame_36.jpeg,100,0.1953125,512
2024_3c_25_3_3_frame_37.jpeg,101,0.197265625,512
2024_3c_25_3_3_frame_38.jpeg,109,0.212890625,512
2024_3c_25_3_3_frame_39.jpeg,96,0.1875,512
2024_3c_25_3_3_frame_4.jpeg,106,0.20703125,512
2024_3c_25_3_3_frame_40.jpeg,108,0.2109375,512
2024_3c_25_3_3_frame_41.jpeg,103,0.201171875,512
2024_3c_25_3_3_frame_42.jpeg,94,0.18359375,512
2024_3c_25_3_3_frame_43.jpeg,108,0.2109375,512
2024_3c_25_3_3_frame_44.jpeg,90,0.17578125,512
2024_3c_25_3_3_frame_45.jpeg,104,0.203125,512
2024_3c_25_3_3_frame_46.jpeg,100,0.1953125,512
2024_3c_25_3_3_frame_47.jpeg,96,0.1875,512
2024_3c_25_3_3_frame_48.jpeg,108,0.2109375,512
2024_3c_25_3_3_frame_49.jpeg,95,0.185546875,512
2024_3c_25_3_3_frame_5.jpeg,108,0.2109375,512
2024_3c_25_3_3_frame_50.jpeg,109,0.212890625,512
2024_3c_25_3_3_frame_6.jpeg,101,0.197265625,512
2024_3c_25_3_3_frame_7.jpeg,106,0.20703125,512
2024_3c_25_3_3_frame_8.jpeg,110,0.21484375,512
2024_3c_25_3_3_frame_9.jpeg,99,0.193359375,512
2024_3c_25_3_4_frame_1.jpeg,100,0.1953125,512
2024_3c_25_3_4_frame_10.jpeg,102,0.19921875,512
2024_3c_25_3_4_frame_11.jpeg,98,0.19140625,512
2024_3c_25_3_4_frame_12.jpeg,104,0.203125,512
2024_3c_25_3_4_frame_13.jpeg,91,0.177734375,512
2024_3c_25_3_4_frame_14.jpeg,108,0.2109375,512
2024_3c_25_3_4_frame_15.jpeg,107,0.208984375,512
2024_3c_25_3_4_frame_16.jpeg,94,0.18359375,512
2024_3c_25_3_4_frame_17.jpeg,108,0.2109375,512
2024_3c_25_3_4_frame_18.jpeg,103,0.201171875,512
2024_3c_25_3_4_frame_19.jpeg,93,0.181640625,512
2024_3c_25_3_4_frame_2.jpeg,108,0.2109375,512
2024_3c_25_3_4_frame_20.jpeg,99,0.193359375,512
2024_3c_25_3_4_frame_21.jpeg,98,0.19140625,512
2024_3c_25_3_4_frame_22.jpeg,104,0.203125,512
2024_3c_25_3_4_frame_23.jpeg,84,0.1640625,512
2024_3c_25_3_4_frame_24.jpeg,104,0.203125,512
2024_3c_25_3_4_frame_25.jpeg,108,0.2109375,512
2024_3c_25_3_4_frame_26.jpeg,85,0.166015625,512
2024_3c_25_3_4_frame_27.jpeg,106,0.20703125,512
2024_3c_25_3_4_frame_28.jpeg,100,0.1953125,512
2024_3c_25_3_4_frame_29.jpeg,89,0.173828125,512
2024_3c_25_3_4_frame_3.jpeg,97,0.189453125,512
2024_3c_25_3_4_frame_30.jpeg,101,0.197265625,512
2024_3c_25_3_4_frame_31.jpeg,93,0.181640625,512
2024_3c_25_3_4_frame_32.jpeg,105,0.205078125,512
2024_3c_25_3_4_frame_33.jpeg,85,0.166015625,512
2024_3c_25_3_4_frame_34.jpeg,102,0.19921875,512
2024_3c_25_3_4_frame_35.jpeg,108,0.2109375,512
2024_3c_25_3_4_frame_36.jpeg,89,0.173828125,512
2024_3c_25_3_4_frame_37.jpeg,107,0.208984375,512
2024_3c_25_3_4_frame_38.jpeg,100,0.1953125,512
2024_3c_25_3_4_frame_39.jpeg,94,0.18359375,512
2024_3c_25_3_4_frame_4.jpeg,104,0.203125,512
2024_3c_25_3_4_frame_40.jpeg,101,0.197265625,512
2024_3c_25_3_4_frame_41.jpeg,93,0.181640625,512
2024_3c_25_3_4_frame_42.jpeg,106,0.20703125,512
2024_3c_25_3_4_frame_43.jpeg,85,0.166015625,512
2024_3c_25_3_4_frame_44.jpeg,102,0.19921875,512
2024_3c_25_3_4_frame_45.jpeg,105,0.205078125,512
2024_3c_25_3_4_frame_46.jpeg,91,0.177734375,512
2024_3c_25_3_4_frame_47.jpeg,107,0.208984375,512
2024_3c_25_3_4_frame_48.jpeg,100,0.1953125,512
2024_3c_25_3_4_frame_49.jpeg,95,0.185546875,512
2024_3c_25_3_4_frame_5.jpeg,110,0.21484375,512
2024_3c_25_3_4_frame_50.jpeg,101,0.197265625,512
2024_3c_25_3_4_frame_6.jpeg,99,0.193359375,512
2024_3c_25_3_4_frame_7.jpeg,108,0.2109375,512
2024_3c_25_3_4_frame_8.jpeg,104,0.203125,512
2024_3c_25_3_4_frame_9.jpeg,96,0.1875,512
2024_3c_25_3_5_frame_1.jpeg,109,0.212890625,512
2024_3c_25_3_5_frame_10.jpeg,99,0.193359375,512
2024_3c_25_3_5_frame_11.jpeg,109,0.212890625,512
2024_3c_25_3_5_frame_12.jpeg,109,0.212890625,512
2024_3c_25_3_5_frame_13.jpeg,92,0.1796875,512
2024_3c_25_3_5_frame_14.jpeg,106,0.20703125,512
2024_3c_25_3_5_frame_15.jpeg,100,0.1953125,512
2024_3c_25_3_5_frame_16.jpeg,102,0.19921875,512
2024_3c_25_3_5_frame_17.jpeg,97,0.189453125,512
2024_3c_25_3_5_frame_18.jpeg,102,0.19921875,512
2024_3c_25_3_5_frame_19.jpeg,109,0.212890625,512
2024_3c_25_3_5_frame_2.jpeg,105,0.205078125,512
2024_3c_25_3_5_frame_20.jpeg,93,0.181640625,512
2024_3c_25_3_5_frame_21.jpeg,109,0.212890625,512
2024_3c_25_3_5_frame_22.jpeg,105,0.205078125,512
2024_3c_25_3_5_frame_23.jpeg,89,0.173828125,512
2024_3c_25_3_5_frame_24.jpeg,104,0.203125,512
2024_3c_25_3_5_frame_25.jpeg,97,0.189453125,512
2024_3c_25_3_5_frame_26.jpeg,101,0.197265625,512
2024_3c_25_3_5_frame_27.jpeg,93,0.181640625,512
2024_3c_25_3_5_frame_28.jpeg,101,0.197265625,512
2024_3c_25_3_5_frame_29.jpeg,109,0.212890625,512
2024_3c_25_3_5_frame_3.jpeg,92,0.1796875,512
2024_3c_25_3_5_frame_30.jpeg,89,0.173828125,512
2024_3c_25_3_5_frame_31.jpeg,109,0.212890625,512
2024_3c_25_3_5_frame_32.jpeg,105,0.205078125,512
2024_3c_25_3_5_frame_33.jpeg,84,0.1640625,512
2024_3c_25_3_5_frame_34.jpeg,104,0.203125,512
2024_3c_25_3_5_frame_35.jpeg,93,0.181640625,512
2024_3c_25_3_5_frame_36.jpeg,101,0.197265625,512
2024_3c_25_3_5_frame_37.jpeg,93,0.181640625,512
2024_3c_25_3_5_frame_38.jpeg,101,0.197265625,512
2024_3c_25_3_5_frame_39.jpeg,110,0.21484375,512
2024_3c_25_3_5_frame_4.jpeg,106,0.20703125,512
2024_3c_25_3_5_frame_40.jpeg,90,0.17578125,512
2024_3c_25_3_5_frame_41.jpeg,109,0.212890625,512
2024_3c_25_3_5_frame_42.jpeg,104,0.203125,512
2024_3c_25_3_5_frame_43.jpeg,84,0.1640625,512
2024_3c_25_3_5_frame_44.jpeg,104,0.203125,512
2024_3c_25_3_5_frame_45.jpeg,88,0.171875,512
2024_3c_25_3_5_frame_46.jpeg,102,0.19921875,512
2024_3c_25_3_5_frame_47.jpeg,94,0.18359375,512
2024_3c_25_3_5_frame_48.jpeg,101,0.197265625,512
2024_3c_25_3_5_frame_49.jpeg,112,0.21875,512
2024_3c_25_3_5_frame_5.jpeg,105,0.205078125,512
2024_3c_25_3_5_frame_50.jpeg,89,0.173828125,512
2024_3c_25_3_5_frame_6.jpeg,106,0.20703125,512
2024_3c_25_3_5_frame_7.jpeg,101,0.197265625,512
2024_3c_25_3_5_frame_8.jpeg,108,0.2109375,512
2024_3c_25_3_5_frame_9.jpeg,110,0.21484375,512
2024_3c_25_3_6_frame_1.jpeg,102,0.19921875,512
2024_3c_25_3_6_frame_10.jpeg,110,0.21484375,512
2024_3c_25_3_6_frame_11.jpeg,104,0.203125,512
2024_3c_25_3_6_frame_12.jpeg,110,0.21484375,512
2024_3c_25_3_6_frame_13.jpeg,101,0.197265625,512
2024_3c_25_3_6_frame_14.jpeg,109,0.212890625,512
2024_3c_25_3_6_frame_15.jpeg,112,0.21875,512
2024_3c_25_3_6_frame_16.jpeg,95,0.185546875,512
2024_3c_25_3_6_frame_17.jpeg,112,0.21875,512
2024_3c_25_3_6_frame_18.jpeg,102,0.19921875,512
2024_3c_25_3_6_frame_19.jpeg,93,0.181640625,512
2024_3c_25_3_6_frame_2.jpeg,110,0.21484375,512
2024_3c_25_3_6_frame_20.jpeg,105,0.205078125,512
2024_3c_25_3_6_frame_21.jpeg,101,0.197265625,512
2024_3c_25_3_6_frame_22.jpeg,110,0.21484375,512
2024_3c_25_3_6_frame_23.jpeg,95,0.185546875,512
2024_3c_25_3_6_frame_24.jpeg,106,0.20703125,512
2024_3c_25_3_6_frame_25.jpeg,112,0.21875,512
2024_3c_25_3_6_frame_26.jpeg,91,0.177734375,512
2024_3c_25_3_6_frame_27.jpeg,112,0.21875,512
2024_3c_25_3_6_frame_28.jpeg,102,0.19921875,512
2024_3c_25_3_6_frame_29.jpeg,96,0.1875,512
2024_3c_25_3_6_frame_3.jpeg,103,0.201171875,512
2024_3c_25_3_6_frame_30.jpeg,106,0.20703125,512
2024_3c_25_3_6_frame_31.jpeg,94,0.18359375,512
2024_3c_25_3_6_frame_32.jpeg,110,0.21484375,512
2024_3c_25_3_6_frame_33.jpeg,95,0.185546875,512
2024_3c_25_3_6_frame_34.jpeg,106,0.20703125,512
2024_3c_25_3_6_frame_35.jpeg,109,0.212890625,512
2024_3c_25_3_6_frame_36.jpeg,91,0.177734375,512
2024_3c_25_3_6_frame_37.jpeg,113,0.220703125,512
2024_3c_25_3_6_frame_38.jpeg,101,0.197265625,512
2024_3c_25_3_6_frame_39.jpeg,95,0.185546875,512
2024_3c_25_3_6_frame_4.jpeg,106,0.20703125,512
2024_3c_25_3_6_frame_40.jpeg,105,0.205078125,512
2024_3c_25_3_6_frame_41.jpeg,96,0.1875,512
2024_3c_25_3_6_frame_42.jpeg,110,0.21484375,512
2024_3c_25_3_6_frame_43.jpeg,96,0.1875,512
2024_3c_25_3_6_frame_44.jpeg,106,0.20703125,512
2024_3c_25_3_6_frame_45.jpeg,109,0.212890625,512
2024_3c_25_3_6_frame_46.jpeg,93,0.181640625,512
2024_3c_25_3_6_frame_47.jpeg,112,0.21875,512
2024_3c_25_3_6_frame_48.jpeg,100,0.1953125,512
2024_3c_25_3_6_frame_49.jpeg,94,0.18359375,512
2024_3c_25_3_6_frame_5.jpeg,116,0.2265625,512
2024_3c_25_3_6_frame_50.jpeg,106,0.20703125,512
2024_3c_25_3_6_frame_6.jpeg,105,0.205078125,512
2024_3c_25_3_6_frame_7.jpeg,112,0.21875,512
2024_3c_25_3_6_frame_8.jpeg,106,0.20703125,512
2024_3c_25_3_6_frame_9.jpeg,102,0.19921875,512
2024_3c_25_3_7_frame_1.jpeg,106,0.20703125,512
2024_3c_25_3_7_frame_10.jpeg,110,0.21484375,512
2024_3c_25_3_7_frame_11.jpeg,107,0.208984375,512
2024_3c_25_3_7_frame_12.jpeg,113,0.220703125,512
2024_3c_25_3_7_frame_13.jpeg,105,0.205078125,512
2024_3c_25_3_7_frame_14.jpeg,112,0.21875,512
2024_3c_25_3_7_frame_15.jpeg,116,0.2265625,512
2024_3c_25_3_7_frame_16.jpeg,94,0.18359375,512
2024_3c_25_3_7_frame_17.jpeg,115,0.224609375,512
2024_3c_25_3_7_frame_18.jpeg,109,0.212890625,512
2024_3c_25_3_7_frame_19.jpeg,99,0.193359375,512
2024_3c_25_3_7_frame_2.jpeg,113,0.220703125,512
2024_3c_25_3_7_frame_20.jpeg,110,0.21484375,512
2024_3c_25_3_7_frame_21.jpeg,102,0.19921875,512
2024_3c_25_3_7_frame_22.jpeg,114,0.22265625,512
2024_3c_25_3_7_frame_23.jpeg,97,0.189453125,512
2024_3c_25_3_7_frame_24.jpeg,109,0.212890625,512
2024_3c_25_3_7_frame_25.jpeg,114,0.22265625,512
2024_3c_25_3_7_frame_26.jpeg,92,0.1796875,512
2024_3c_25_3_7_frame_27.jpeg,113,0.220703125,512
2024_3c_25_3_7_frame_28.jpeg,106,0.20703125,512
2024_3c_25_3_7_frame_29.jpeg,100,0.1953125,512
2024_3c_25_3_7_frame_3.jpeg,104,0.203125,512
2024_3c_25_3_7_frame_30.jpeg,112,0.21875,512
2024_3c_25_3_7_frame_31.jpeg,96,0.1875,512
2024_3c_25_3_7_frame_32.jpeg,113,0.220703125,512
2024_3c_25_3_7_frame_33.jpeg,101,0.197265625,512
2024_3c_25_3_7_frame_34.jpeg,106,0.20703125,512
2024_3c_25_3_7_frame_35.jpeg,112,0.21875,512
2024_3c_25_3_7_frame_36.jpeg,93,0.181640625,512
2024_3c_25_3_7_frame_37.jpeg,114,0.22265625,512
2024_3c_25_3_7_frame_38.jpeg,102,0.19921875,512
2024_3c_25_3_7_frame_39.jpeg,101,0.197265625,512
2024_3c_25_3_7_frame_4.jpeg,110,0.21484375,512
2024_3c_25_3_7_frame_40.jpeg,112,0.21875,512
2024_3c_25_3_7_frame_41.jpeg,96,0.1875,512
2024_3c_25_3_7_frame_42.jpeg,113,0.220703125,512
2024_3c_25_3_7_frame_43.jpeg,101,0.197265625,512
2024_3c_25_3_7_frame_44.jpeg,106,0.20703125,512
2024_3c_25_3_7_frame_45.jpeg,112,0.21875,512
2024_3c_25_3_7_frame_46.jpeg,94,0.18359375,512
2024_3c_25_3_7_frame_47.jpeg,113,0.220703125,512
2024_3c_25_3_7_frame_48.jpeg,104,0.203125,512
2024_3c_25_3_7_frame_49.jpeg,101,0.197265625,512
2024_3c_25_3_7_frame_5.jpeg,116,0.2265625,512
2024_3c_25_3_7_frame_50.jpeg,113,0.220703125,512
2024_3c_25_3_7_frame_6.jpeg,105,0.205078125,512
2024_3c_25_3_7_frame_7.jpeg,116,0.2265625,512
2024_3c_25_3_7_frame_8.jpeg,109,0.212890625,512
2024_3c_25_3_7_frame_9.jpeg,109,0.212890625,512
2024_3c_25_3_8_frame_1.jpeg,109,0.212890625,512
2024_3c_25_3_8_frame_10.jpeg,113,0.220703125,512
2024_3c_25_3_8_frame_11.jpeg,110,0.21484375,512
2024_3c_25_3_8_frame_12.jpeg,117,0.228515625,512
2024_3c_25_3_8_frame_13.jpeg,104,0.203125,512
2024_3c_25_3_8_frame_14.jpeg,116,0.2265625,512
2024_3c_25_3_8_frame_15.jpeg,116,0.2265625,512
2024_3c_25_3_8_frame_16.jpeg,101,0.197265625,512
2024_3c_25_3_8_frame_17.jpeg,119,0.232421875,512
2024_3c_25_3_8_frame_18.jpeg,109,0.212890625,512
2024_3c_25_3_8_frame_19.jpeg,105,0.205078125,512
2024_3c_25_3_8_frame_2.jpeg,117,0.228515625,512
2024_3c_25_3_8_frame_20.jpeg,113,0.220703125,512
2024_3c_25_3_8_frame_21.jpeg,109,0.212890625,512
2024_3c_25_3_8_frame_22.jpeg,117,0.228515625,512
2024_3c_25_3_8_frame_23.jpeg,101,0.197265625,512
2024_3c_25_3_8_frame_24.jpeg,116,0.2265625,512
2024_3c_25_3_8_frame_25.jpeg,116,0.2265625,512
2024_3c_25_3_8_frame_26.jpeg,96,0.1875,512
2024_3c_25_3_8_frame_27.jpeg,116,0.2265625,512
2024_3c_25_3_8_frame_28.jpeg,107,0.208984375,512
2024_3c_25_3_8_frame_29.jpeg,101,0.197265625,512
2024_3c_25_3_8_frame_3.jpeg,106,0.20703125,512
2024_3c_25_3_8_frame_30.jpeg,112,0.21875,512
2024_3c_25_3_8_frame_31.jpeg,106,0.20703125,512
2024_3c_25_3_8_frame_32.jpeg,117,0.228515625,512
2024_3c_25_3_8_frame_33.jpeg,103,0.201171875,512
2024_3c_25_3_8_frame_34.jpeg,113,0.220703125,512
2024_3c_25_3_8_frame_35.jpeg,116,0.2265625,512
2024_3c_25_3_8_frame_36.jpeg,99,0.193359375,512
2024_3c_25_3_8_frame_37.jpeg,117,0.228515625,512
2024_3c_25_3_8_frame_38.jpeg,109,0.212890625,512
2024_3c_25_3_8_frame_39.jpeg,104,0.203125,512
2024_3c_25_3_8_frame_4.jpeg,113,0.220703125,512
2024_3c_25_3_8_frame_40.jpeg,114,0.22265625,512
2024_3c_25_3_8_frame_41.jpeg,102,0.19921875,512
2024_3c_25_3_8_frame_42.jpeg,116,0.2265625,512
2024_3c_25_3_8_frame_43.jpeg,105,0.205078125,512
2024_3c_25_3_8_frame_44.jpeg,113,0.220703125,512
2024_3c_25_3_8_frame_45.jpeg,116,0.2265625,512
2024_3c_25_3_8_frame_46.jpeg,100,0.1953125,512
2024_3c_25_3_8_frame_47.jpeg,116,0.2265625,512
2024_3c_25_3_8_frame_48.jpeg,109,0.212890625,512
2024_3c_25_3_8_frame_49.jpeg,105,0.205078125,512
2024_3c_25_3_8_frame_5.jpeg,118,0.23046875,512
2024_3c_25_3_8_frame_50.jpeg,113,0.220703125,512
2024_3c_25_3_8_frame_6.jpeg,113,0.220703125,512
2024_3c_25_3_8_frame_7.jpeg,119,0.232421875,512
2024_3c_25_3_8_frame_8.jpeg,110,0.21484375,512
2024_3c_25_3_8_frame_9.jpeg,110,0.21484375,512
2024_3c_25_3_9_frame_1.jpeg,107,0.208984375,512
2024_3c_25_3_9_frame_10.jpeg,113,0.220703125,512
2024_3c_25_3_9_frame_11.jpeg,108,0.2109375,512
2024_3c_25_3_9_frame_12.jpeg,117,0.228515625,512
2024_3c_25_3_9_frame_13.jpeg,110,0.21484375,512
2024_3c_25_3_9_frame_14.jpeg,116,0.2265625,512
2024_3c_25_3_9_frame_15.jpeg,116,0.2265625,512
2024_3c_25_3_9_frame_16.jpeg,105,0.205078125,512
2024_3c_25_3_9_frame_17.jpeg,118,0.23046875,512
2024_3c_25_3_9_frame_18.jpeg,109,0.212890625,512
2024_3c_25_3_9_frame_19.jpeg,104,0.203125,512
2024_3c_25_3_9_frame_2.jpeg,117,0.228515625,512
2024_3c_25_3_9_frame_20.jpeg,113,0.220703125,512
2024_3c_25_3_9_frame_21.jpeg,105,0.205078125,512
2024_3c_25_3_9_frame_22.jpeg,117,0.228515625,512
2024_3c_25_3_9_frame_23.jpeg,101,0.197265625,512
2024_3c_25_3_9_frame_24.jpeg,114,0.22265625,512
2024_3c_25_3_9_frame_25.jpeg,114,0.22265625,512
2024_3c_25_3_9_frame_26.jpeg,101,0.197265625,512
2024_3c_25_3_9_frame_27.jpeg,119,0.232421875,512
2024_3c_25_3_9_frame_28.jpeg,104,0.203125,512
2024_3c_25_3_9_frame_29.jpeg,100,0.1953125,512
2024_3c_25_3_9_frame_3.jpeg,109,0.212890625,512
2024_3c_25_3_9_frame_30.jpeg,114,0.22265625,512
2024_3c_25_3_9_frame_31.jpeg,104,0.203125,512
2024_3c_25_3_9_frame_32.jpeg,117,0.228515625,512
2024_3c_25_3_9_frame_33.jpeg,100,0.1953125,512
2024_3c_25_3_9_frame_34.jpeg,110,0.21484375,512
2024_3c_25_3_9_frame_35.jpeg,113,0.220703125,512
2024_3c_25_3_9_frame_36.jpeg,101,0.197265625,512
2024_3c_25_3_9_frame_37.jpeg,116,0.2265625,512
2024_3c_25_3_9_frame_38.jpeg,108,0.2109375,512
2024_3c_25_3_9_frame_39.jpeg,106,0.20703125,512
2024_3c_25_3_9_frame_4.jpeg,116,0.2265625,512
2024_3c_25_3_9_frame_40.jpeg,114,0.22265625,512
2024_3c_25_3_9_frame_41.jpeg,100,0.1953125,512
2024_3c_25_3_9_frame_42.jpeg,117,0.228515625,512
2024_3c_25_3_9_frame_43.jpeg,103,0.201171875,512
2024_3c_25_3_9_frame_44.jpeg,110,0.21484375,512
2024_3c_25_3_9_frame_45.jpeg,116,0.2265625,512
2024_3c_25_3_9_frame_46.jpeg,104,0.203125,512
2024_3c_25_3_9_frame_47.jpeg,116,0.2265625,512
2024_3c_25_3_9_frame_48.jpeg,108,0.2109375,512
2024_3c_25_3_9_frame_49.jpeg,104,0.203125,512
2024_3c_25_3_9_frame_5.jpeg,117,0.228515625,512
2024_3c_25_3_9_frame_50.jpeg,113,0.220703125,512
2024_3c_25_3_9_frame_6.jpeg,110,0.21484375,512
2024_3c_25_3_9_frame_7.jpeg,119,0.232421875,512
2024_3c_25_3_9_frame_8.jpeg,108,0.2109375,512
2024_3c_25_3_9_frame_9.jpeg,109,0.212890625,512
2024_3c_25_4_1_frame_1.jpeg,117,0.228515625,512
2024_3c_25_4_1_frame_10.jpeg,124,0.2421875,512
2024_3c_25_4_1_frame_11.jpeg,119,0.232421875,512
2024_3c_25_4_1_frame_12.jpeg,107,0.208984375,512
2024_3c_25_4_1_frame_13.jpeg,121,0.236328125,512
2024_3c_25_4_1_frame_14.jpeg,116,0.2265625,512
2024_3c_25_4_1_frame_15.jpeg,117,0.228515625,512
2024_3c_25_4_1_frame_16.jpeg,112,0.21875,512
2024_3c_25_4_1_frame_17.jpeg,119,0.232421875,512
2024_3c_25_4_1_frame_18.jpeg,122,0.23828125,512
2024_3c_25_4_1_frame_19.jpeg,101,0.197265625,512
2024_3c_25_4_1_frame_2.jpeg,112,0.21875,512
2024_3c_25_4_1_frame_20.jpeg,124,0.2421875,512
2024_3c_25_4_1_frame_21.jpeg,117,0.228515625,512
2024_3c_25_4_1_frame_22.jpeg,101,0.197265625,512
2024_3c_25_4_1_frame_23.jpeg,119,0.232421875,512
2024_3c_25_4_1_frame_24.jpeg,109,0.212890625,512
2024_3c_25_4_1_frame_25.jpeg,117,0.228515625,512
2024_3c_25_4_1_frame_26.jpeg,106,0.20703125,512
2024_3c_25_4_1_frame_27.jpeg,119,0.232421875,512
2024_3c_25_4_1_frame_28.jpeg,122,0.23828125,512
2024_3c_25_4_1_frame_29.jpeg,98,0.19140625,512
2024_3c_25_4_1_frame_3.jpeg,119,0.232421875,512
2024_3c_25_4_1_frame_30.jpeg,122,0.23828125,512
2024_3c_25_4_1_frame_31.jpeg,116,0.2265625,512
2024_3c_25_4_1_frame_32.jpeg,101,0.197265625,512
2024_3c_25_4_1_frame_33.jpeg,120,0.234375,512
2024_3c_25_4_1_frame_34.jpeg,109,0.212890625,512
2024_3c_25_4_1_frame_35.jpeg,118,0.23046875,512
2024_3c_25_4_1_frame_36.jpeg,106,0.20703125,512
2024_3c_25_4_1_frame_37.jpeg,119,0.232421875,512
2024_3c_25_4_1_frame_38.jpeg,123,0.240234375,512
2024_3c_25_4_1_frame_39.jpeg,102,0.19921875,512
2024_3c_25_4_1_frame_4.jpeg,119,0.232421875,512
2024_3c_25_4_1_frame_40.jpeg,124,0.2421875,512
2024_3c_25_4_1_frame_41.jpeg,117,0.228515625,512
2024_3c_25_4_1_frame_42.jpeg,101,0.197265625,512
2024_3c_25_4_1_frame_43.jpeg,119,0.232421875,512
2024_3c_25_4_1_frame_44.jpeg,109,0.212890625,512
2024_3c_25_4_1_frame_45.jpeg,119,0.232421875,512
2024_3c_25_4_1_frame_46.jpeg,106,0.20703125,512
2024_3c_25_4_1_frame_47.jpeg,119,0.232421875,512
2024_3c_25_4_1_frame_48.jpeg,122,0.23828125,512
2024_3c_25_4_1_frame_49.jpeg,102,0.19921875,512
2024_3c_25_4_1_frame_5.jpeg,119,0.232421875,512
2024_3c_25_4_1_frame_50.jpeg,124,0.2421875,512
2024_3c_25_4_1_frame_6.jpeg,110,0.21484375,512
2024_3c_25_4_1_frame_7.jpeg,119,0.232421875,512
2024_3c_25_4_1_frame_8.jpeg,122,0.23828125,512
2024_3c_25_4_1_frame_9.jpeg,112,0.21875,512
2024_3c_25_4_2_frame_1.jpeg,104,0.203125,512
2024_3c_25_4_2_frame_10.jpeg,93,0.181640625,512
2024_3c_25_4_2_frame_11.jpeg,108,0.2109375,512
2024_3c_25_4_2_frame_12.jpeg,100,0.1953125,512
2024_3c_25_4_2_frame_13.jpeg,92,0.1796875,512
2024_3c_25_4_2_frame_14.jpeg,102,0.19921875,512
2024_3c_25_4_2_frame_15.jpeg,93,0.181640625,512
2024_3c_25_4_2_frame_16.jpeg,101,0.197265625,512
2024_3c_25_4_2_frame_17.jpeg,93,0.181640625,512
2024_3c_25_4_2_frame_18.jpeg,101,0.197265625,512
2024_3c_25_4_2_frame_19.jpeg,104,0.203125,512
2024_3c_25_4_2_frame_2.jpeg,100,0.1953125,512
2024_3c_25_4_2_frame_20.jpeg,85,0.166015625,512
2024_3c_25_4_2_frame_21.jpeg,106,0.20703125,512
2024_3c_25_4_2_frame_22.jpeg,100,0.1953125,512
2024_3c_25_4_2_frame_23.jpeg,83,0.162109375,512
2024_3c_25_4_2_frame_24.jpeg,101,0.197265625,512
2024_3c_25_4_2_frame_25.jpeg,93,0.181640625,512
2024_3c_25_4_2_frame_26.jpeg,101,0.197265625,512
2024_3c_25_4_2_frame_27.jpeg,85,0.166015625,512
2024_3c_25_4_2_frame_28.jpeg,100,0.1953125,512
2024_3c_25_4_2_frame_29.jpeg,104,0.203125,512
2024_3c_25_4_2_frame_3.jpeg,93,0.181640625,512
2024_3c_25_4_2_frame_30.jpeg,85,0.166015625,512
2024_3c_25_4_2_frame_31.jpeg,104,0.203125,512
2024_3c_25_4_2_frame_32.jpeg,98,0.19140625,512
2024_3c_25_4_2_frame_33.jpeg,83,0.162109375,512
2024_3c_25_4_2_frame_34.jpeg,101,0.197265625,512
2024_3c_25_4_2_frame_35.jpeg,86,0.16796875,512
2024_3c_25_4_2_frame_36.jpeg,101,0.197265625,512
2024_3c_25_4_2_frame_37.jpeg,89,0.173828125,512
2024_3c_25_4_2_frame_38.jpeg,100,0.1953125,512
2024_3c_25_4_2_frame_39.jpeg,101,0.197265625,512
2024_3c_25_4_2_frame_4.jpeg,102,0.19921875,512
2024_3c_25_4_2_frame_40.jpeg,85,0.166015625,512
2024_3c_25_4_2_frame_41.jpeg,104,0.203125,512
2024_3c_25_4_2_frame_42.jpeg,100,0.1953125,512
2024_3c_25_4_2_frame_43.jpeg,84,0.1640625,512
2024_3c_25_4_2_frame_44.jpeg,100,0.1953125,512
2024_3c_25_4_2_frame_45.jpeg,78,0.15234375,512
2024_3c_25_4_2_frame_46.jpeg,101,0.197265625,512
2024_3c_25_4_2_frame_47.jpeg,93,0.181640625,512
2024_3c_25_4_2_frame_48.jpeg,100,0.1953125,512
2024_3c_25_4_2_frame_49.jpeg,101,0.197265625,512
2024_3c_25_4_2_frame_5.jpeg,100,0.1953125,512
2024_3c_25_4_2_frame_50.jpeg,85,0.166015625,512
2024_3c_25_4_2_frame_6.jpeg,104,0.203125,512
2024_3c_25_4_2_frame_7.jpeg,97,0.189453125,512
2024_3c_25_4_2_frame_8.jpeg,105,0.205078125,512
2024_3c_25_4_2_frame_9.jpeg,104,0.203125,512
2024_3c_25_4_3_frame_1.jpeg,122,0.23828125,512
2024_3c_25_4_3_frame_10.jpeg,108,0.2109375,512
2024_3c_25_4_3_frame_11.jpeg,122,0.23828125,512
2024_3c_25_4_3_frame_12.jpeg,117,0.228515625,512
2024_3c_25_4_3_frame_13.jpeg,106,0.20703125,512
2024_3c_25_4_3_frame_14.jpeg,119,0.232421875,512
2024_3c_25_4_3_frame_15.jpeg,109,0.212890625,512
2024_3c_25_4_3_frame_16.jpeg,119,0.232421875,512
2024_3c_25_4_3_frame_17.jpeg,104,0.203125,512
2024_3c_25_4_3_frame_18.jpeg,117,0.228515625,512
2024_3c_25_4_3_frame_19.jpeg,119,0.232421875,512
2024_3c_25_4_3_frame_2.jpeg,117,0.228515625,512
2024_3c_25_4_3_frame_20.jpeg,96,0.1875,512
2024_3c_25_4_3_frame_21.jpeg,122,0.23828125,512
2024_3c_25_4_3_frame_22.jpeg,113,0.220703125,512
2024_3c_25_4_3_frame_23.jpeg,95,0.185546875,512
2024_3c_25_4_3_frame_24.jpeg,119,0.232421875,512
2024_3c_25_4_3_frame_25.jpeg,104,0.203125,512
2024_3c_25_4_3_frame_26.jpeg,116,0.2265625,512
2024_3c_25_4_3_frame_27.jpeg,109,0.212890625,512
2024_3c_25_4_3_frame_28.jpeg,113,0.220703125,512
2024_3c_25_4_3_frame_29.jpeg,119,0.232421875,512
2024_3c_25_4_3_frame_3.jpeg,106,0.20703125,512
2024_3c_25_4_3_frame_30.jpeg,100,0.1953125,512
2024_3c_25_4_3_frame_31.jpeg,122,0.23828125,512
2024_3c_25_4_3_frame_32.jpeg,113,0.220703125,512
2024_3c_25_4_3_frame_33.jpeg,96,0.1875,512
2024_3c_25_4_3_frame_34.jpeg,119,0.232421875,512
2024_3c_25_4_3_frame_35.jpeg,104,0.203125,512
2024_3c_25_4_3_frame_36.jpeg,118,0.23046875,512
2024_3c_25_4_3_frame_37.jpeg,108,0.2109375,512
2024_3c_25_4_3_frame_38.jpeg,113,0.220703125,512
2024_3c_25_4_3_frame_39.jpeg,119,0.232421875,512
2024_3c_25_4_3_frame_4.jpeg,121,0.236328125,512
2024_3c_25_4_3_frame_40.jpeg,100,0.1953125,512
2024_3c_25_4_3_frame_41.jpeg,119,0.232421875,512
2024_3c_25_4_3_frame_42.jpeg,116,0.2265625,512
2024_3c_25_4_3_frame_43.jpeg,101,0.197265625,512
2024_3c_25_4_3_frame_44.jpeg,119,0.232421875,512
2024_3c_25_4_3_frame_45.jpeg,100,0.1953125,512
2024_3c_25_4_3_frame_46.jpeg,116,0.2265625,512
2024_3c_25_4_3_frame_47.jpeg,109,0.212890625,512
2024_3c_25_4_3_frame_48.jpeg,113,0.220703125,512
2024_3c_25_4_3_frame_49.jpeg,117,0.228515625,512
2024_3c_25_4_3_frame_5.jpeg,117,0.228515625,512
2024_3c_25_4_3_frame_50.jpeg,104,0.203125,512
2024_3c_25_4_3_frame_6.jpeg,119,0.232421875,512
2024_3c_25_4_3_frame_7.jpeg,109,0.212890625,512
2024_3c_25_4_3_frame_8.jpeg,116,0.2265625,512
2024_3c_25_4_3_frame_9.jpeg,121,0.236328125,512
2024_3c_25_4_4_frame_1.jpeg,106,0.20703125,512
2024_3c_25_4_4_frame_10.jpeg,101,0.197265625,512
2024_3c_25_4_4_frame_11.jpeg,109,0.212890625,512
2024_3c_25_4_4_frame_12.jpeg,104,0.203125,512
2024_3c_25_4_4_frame_13.jpeg,97,0.189453125,512
2024_3c_25_4_4_frame_14.jpeg,108,0.2109375,512
2024_3c_25_4_4_frame_15.jpeg,93,0.181640625,512
2024_3c_25_4_4_frame_16.jpeg,108,0.2109375,512
2024_3c_25_4_4_frame_17.jpeg,101,0.197265625,512
2024_3c_25_4_4_frame_18.jpeg,104,0.203125,512
2024_3c_25_4_4_frame_19.jpeg,108,0.2109375,512
2024_3c_25_4_4_frame_2.jpeg,104,0.203125,512
2024_3c_25_4_4_frame_20.jpeg,97,0.189453125,512
2024_3c_25_4_4_frame_21.jpeg,106,0.20703125,512
2024_3c_25_4_4_frame_22.jpeg,101,0.197265625,512
2024_3c_25_4_4_frame_23.jpeg,91,0.177734375,512
2024_3c_25_4_4_frame_24.jpeg,108,0.2109375,512
2024_3c_25_4_4_frame_25.jpeg,88,0.171875,512
2024_3c_25_4_4_frame_26.jpeg,106,0.20703125,512
2024_3c_25_4_4_frame_27.jpeg,97,0.189453125,512
2024_3c_25_4_4_frame_28.jpeg,101,0.197265625,512
2024_3c_25_4_4_frame_29.jpeg,108,0.2109375,512
2024_3c_25_4_4_frame_3.jpeg,101,0.197265625,512
2024_3c_25_4_4_frame_30.jpeg,92,0.1796875,512
2024_3c_25_4_4_frame_31.jpeg,106,0.20703125,512
2024_3c_25_4_4_frame_32.jpeg,104,0.203125,512
2024_3c_25_4_4_frame_33.jpeg,90,0.17578125,512
2024_3c_25_4_4_frame_34.jpeg,108,0.2109375,512
2024_3c_25_4_4_frame_35.jpeg,85,0.166015625,512
2024_3c_25_4_4_frame_36.jpeg,104,0.203125,512
2024_3c_25_4_4_frame_37.jpeg,97,0.189453125,512
2024_3c_25_4_4_frame_38.jpeg,101,0.197265625,512
2024_3c_25_4_4_frame_39.jpeg,104,0.203125,512
2024_3c_25_4_4_frame_4.jpeg,108,0.2109375,512
2024_3c_25_4_4_frame_40.jpeg,92,0.1796875,512
2024_3c_25_4_4_frame_41.jpeg,107,0.208984375,512
2024_3c_25_4_4_frame_42.jpeg,104,0.203125,512
2024_3c_25_4_4_frame_43.jpeg,90,0.17578125,512
2024_3c_25_4_4_frame_44.jpeg,108,0.2109375,512
2024_3c_25_4_4_frame_45.jpeg,73,0.142578125,512
2024_3c_25_4_4_frame_46.jpeg,106,0.20703125,512
2024_3c_25_4_4_frame_47.jpeg,97,0.189453125,512
2024_3c_25_4_4_frame_48.jpeg,101,0.197265625,512
2024_3c_25_4_4_frame_49.jpeg,104,0.203125,512
2024_3c_25_4_4_frame_5.jpeg,104,0.203125,512
2024_3c_25_4_4_frame_50.jpeg,92,0.1796875,512
2024_3c_25_4_4_frame_6.jpeg,108,0.2109375,512
2024_3c_25_4_4_frame_7.jpeg,104,0.203125,512
2024_3c_25_4_4_frame_8.jpeg,104,0.203125,512
2024_3c_25_4_4_frame_9.jpeg,108,0.2109375,512
2024_3c_25_4_5_frame_1.jpeg,114,0.22265625,512
2024_3c_25_4_5_frame_10.jpeg,100,0.1953125,512
2024_3c_25_4_5_frame_11.jpeg,113,0.220703125,512
2024_3c_25_4_5_frame_12.jpeg,107,0.208984375,512
2024_3c_25_4_5_frame_13.jpeg,100,0.1953125,512
2024_3c_25_4_5_frame_14.jpeg,110,0.21484375,512
2024_3c_25_4_5_frame_15.jpeg,105,0.205078125,512
2024_3c_25_4_5_frame_16.jpeg,112,0.21875,512
2024_3c_25_4_5_frame_17.jpeg,101,0.197265625,512
2024_3c_25_4_5_frame_18.jpeg,109,0.212890625,512
2024_3c_25_4_5_frame_19.jpeg,114,0.22265625,512
2024_3c_25_4_5_frame_2.jpeg,106,0.20703125,512
2024_3c_25_4_5_frame_20.jpeg,97,0.189453125,512
2024_3c_25_4_5_frame_21.jpeg,113,0.220703125,512
2024_3c_25_4_5_frame_22.jpeg,106,0.20703125,512
2024_3c_25_4_5_frame_23.jpeg,88,0.171875,512
2024_3c_25_4_5_frame_24.jpeg,109,0.212890625,512
2024_3c_25_4_5_frame_25.jpeg,96,0.1875,512
2024_3c_25_4_5_frame_26.jpeg,108,0.2109375,512
2024_3c_25_4_5_frame_27.jpeg,96,0.1875,512
2024_3c_25_4_5_frame_28.jpeg,106,0.20703125,512
2024_3c_25_4_5_frame_29.jpeg,114,0.22265625,512
2024_3c_25_4_5_frame_3.jpeg,99,0.193359375,512
2024_3c_25_4_5_frame_30.jpeg,89,0.173828125,512
2024_3c_25_4_5_frame_31.jpeg,113,0.220703125,512
2024_3c_25_4_5_frame_32.jpeg,109,0.212890625,512
2024_3c_25_4_5_frame_33.jpeg,89,0.173828125,512
2024_3c_25_4_5_frame_34.jpeg,109,0.212890625,512
2024_3c_25_4_5_frame_35.jpeg,96,0.1875,512
2024_3c_25_4_5_frame_36.jpeg,110,0.21484375,512
2024_3c_25_4_5_frame_37.jpeg,103,0.201171875,512
2024_3c_25_4_5_frame_38.jpeg,106,0.20703125,512
2024_3c_25_4_5_frame_39.jpeg,112,0.21875,512
2024_3c_25_4_5_frame_4.jpeg,113,0.220703125,512
2024_3c_25_4_5_frame_40.jpeg,93,0.181640625,512
2024_3c_25_4_5_frame_41.jpeg,112,0.21875,512
2024_3c_25_4_5_frame_42.jpeg,104,0.203125,512
2024_3c_25_4_5_frame_43.jpeg,93,0.181640625,512
2024_3c_25_4_5_frame_44.jpeg,110,0.21484375,512
2024_3c_25_4_5_frame_45.jpeg,90,0.17578125,512
2024_3c_25_4_5_frame_46.jpeg,110,0.21484375,512
2024_3c_25_4_5_frame_47.jpeg,104,0.203125,512
2024_3c_25_4_5_frame_48.jpeg,106,0.20703125,512
2024_3c_25_4_5_frame_49.jpeg,110,0.21484375,512
2024_3c_25_4_5_frame_5.jpeg,109,0.212890625,512
2024_3c_25_4_5_frame_50.jpeg,96,0.1875,512
2024_3c_25_4_5_frame_6.jpeg,113,0.220703125,512
2024_3c_25_4_5_frame_7.jpeg,105,0.205078125,512
2024_3c_25_4_5_frame_8.jpeg,109,0.212890625,512
2024_3c_25_4_5_frame_9.jpeg,114,0.22265625,512
2024_3c_25_4_6_frame_1.jpeg,122,0.23828125,512
2024_3c_25_4_6_frame_10.jpeg,110,0.21484375,512
2024_3c_25_4_6_frame_11.jpeg,122,0.23828125,512
2024_3c_25_4_6_frame_12.jpeg,116,0.2265625,512
2024_3c_25_4_6_frame_13.jpeg,110,0.21484375,512
2024_3c_25_4_6_frame_14.jpeg,119,0.232421875,512
2024_3c_25_4_6_frame_15.jpeg,109,0.212890625,512
2024_3c_25_4_6_frame_16.jpeg,116,0.2265625,512
2024_3c_25_4_6_frame_17.jpeg,109,0.212890625,512
2024_3c_25_4_6_frame_18.jpeg,116,0.2265625,512
2024_3c_25_4_6_frame_19.jpeg,121,0.236328125,512
2024_3c_25_4_6_frame_2.jpeg,117,0.228515625,512
2024_3c_25_4_6_frame_20.jpeg,104,0.203125,512
2024_3c_25_4_6_frame_21.jpeg,121,0.236328125,512
2024_3c_25_4_6_frame_22.jpeg,117,0.228515625,512
2024_3c_25_4_6_frame_23.jpeg,100,0.1953125,512
2024_3c_25_4_6_frame_24.jpeg,119,0.232421875,512
2024_3c_25_4_6_frame_25.jpeg,106,0.20703125,512
2024_3c_25_4_6_frame_26.jpeg,117,0.228515625,512
2024_3c_25_4_6_frame_27.jpeg,106,0.20703125,512
2024_3c_25_4_6_frame_28.jpeg,113,0.220703125,512
2024_3c_25_4_6_frame_29.jpeg,122,0.23828125,512
2024_3c_25_4_6_frame_3.jpeg,110,0.21484375,512
2024_3c_25_4_6_frame_30.jpeg,101,0.197265625,512
2024_3c_25_4_6_frame_31.jpeg,119,0.232421875,512
2024_3c_25_4_6_frame_32.jpeg,116,0.2265625,512
2024_3c_25_4_6_frame_33.jpeg,101,0.197265625,512
2024_3c_25_4_6_frame_34.jpeg,119,0.232421875,512
2024_3c_25_4_6_frame_35.jpeg,101,0.197265625,512
2024_3c_25_4_6_frame_36.jpeg,119,0.232421875,512
2024_3c_25_4_6_frame_37.jpeg,109,0.212890625,512
2024_3c_25_4_6_frame_38.jpeg,116,0.2265625,512
2024_3c_25_4_6_frame_39.jpeg,119,0.232421875,512
2024_3c_25_4_6_frame_4.jpeg,119,0.232421875,512
2024_3c_25_4_6_frame_40.jpeg,102,0.19921875,512
2024_3c_25_4_6_frame_41.jpeg,121,0.236328125,512
2024_3c_25_4_6_frame_42.jpeg,116,0.2265625,512
2024_3c_25_4_6_frame_43.jpeg,100,0.1953125,512
2024_3c_25_4_6_frame_44.jpeg,118,0.23046875,512
2024_3c_25_4_6_frame_45.jpeg,101,0.197265625,512
2024_3c_25_4_6_frame_46.jpeg,118,0.23046875,512
2024_3c_25_4_6_frame_47.jpeg,108,0.2109375,512
2024_3c_25_4_6_frame_48.jpeg,117,0.228515625,512
2024_3c_25_4_6_frame_49.jpeg,117,0.228515625,512
2024_3c_25_4_6_frame_5.jpeg,118,0.23046875,512
2024_3c_25_4_6_frame_50.jpeg,101,0.197265625,512
2024_3c_25_4_6_frame_6.jpeg,118,0.23046875,512
2024_3c_25_4_6_frame_7.jpeg,110,0.21484375,512
2024_3c_25_4_6_frame_8.jpeg,117,0.228515625,512
2024_3c_25_4_6_frame_9.jpeg,122,0.23828125,512
2024_3c_25_4_7_frame_1.jpeg,124,0.2421875,512
2024_3c_25_4_7_frame_10.jpeg,114,0.22265625,512
2024_3c_25_4_7_frame_11.jpeg,124,0.2421875,512
2024_3c_25_4_7_frame_12.jpeg,122,0.23828125,512
2024_3c_25_4_7_frame_13.jpeg,110,0.21484375,512
2024_3c_25_4_7_frame_14.jpeg,121,0.236328125,512
2024_3c_25_4_7_frame_15.jpeg,117,0.228515625,512
2024_3c_25_4_7_frame_16.jpeg,121,0.236328125,512
2024_3c_25_4_7_frame_17.jpeg,114,0.22265625,512
2024_3c_25_4_7_frame_18.jpeg,117,0.228515625,512
2024_3c_25_4_7_frame_19.jpeg,123,0.240234375,512
2024_3c_25_4_7_frame_2.jpeg,117,0.228515625,512
2024_3c_25_4_7_frame_20.jpeg,108,0.2109375,512
2024_3c_25_4_7_frame_21.jpeg,124,0.2421875,512
2024_3c_25_4_7_frame_22.jpeg,117,0.228515625,512
2024_3c_25_4_7_frame_23.jpeg,104,0.203125,512
2024_3c_25_4_7_frame_24.jpeg,121,0.236328125,512
2024_3c_25_4_7_frame_25.jpeg,113,0.220703125,512
2024_3c_25_4_7_frame_26.jpeg,118,0.23046875,512
2024_3c_25_4_7_frame_27.jpeg,109,0.212890625,512
2024_3c_25_4_7_frame_28.jpeg,117,0.228515625,512
2024_3c_25_4_7_frame_29.jpeg,124,0.2421875,512
2024_3c_25_4_7_frame_3.jpeg,112,0.21875,512
2024_3c_25_4_7_frame_30.jpeg,108,0.2109375,512
2024_3c_25_4_7_frame_31.jpeg,124,0.2421875,512
2024_3c_25_4_7_frame_32.jpeg,117,0.228515625,512
2024_3c_25_4_7_frame_33.jpeg,103,0.201171875,512
2024_3c_25_4_7_frame_34.jpeg,121,0.236328125,512
2024_3c_25_4_7_frame_35.jpeg,109,0.212890625,512
2024_3c_25_4_7_frame_36.jpeg,121,0.236328125,512
2024_3c_25_4_7_frame_37.jpeg,110,0.21484375,512
2024_3c_25_4_7_frame_38.jpeg,117,0.228515625,512
2024_3c_25_4_7_frame_39.jpeg,122,0.23828125,512
2024_3c_25_4_7_frame_4.jpeg,121,0.236328125,512
2024_3c_25_4_7_frame_40.jpeg,108,0.2109375,512
2024_3c_25_4_7_frame_41.jpeg,122,0.23828125,512
2024_3c_25_4_7_frame_42.jpeg,117,0.228515625,512
2024_3c_25_4_7_frame_43.jpeg,108,0.2109375,512
2024_3c_25_4_7_frame_44.jpeg,121,0.236328125,512
2024_3c_25_4_7_frame_45.jpeg,106,0.20703125,512
2024_3c_25_4_7_frame_46.jpeg,121,0.236328125,512
2024_3c_25_4_7_frame_47.jpeg,113,0.220703125,512
2024_3c_25_4_7_frame_48.jpeg,117,0.228515625,512
2024_3c_25_4_7_frame_49.jpeg,122,0.23828125,512
2024_3c_25_4_7_frame_5.jpeg,121,0.236328125,512
2024_3c_25_4_7_frame_50.jpeg,108,0.2109375,512
2024_3c_25_4_7_frame_6.jpeg,120,0.234375,512
2024_3c_25_4_7_frame_7.jpeg,117,0.228515625,512
2024_3c_25_4_7_frame_8.jpeg,122,0.23828125,512
2024_3c_25_4_7_frame_9.jpeg,124,0.2421875,512
2024_3c_25_4_8_frame_1.jpeg,109,0.212890625,512
2024_3c_25_4_8_frame_10.jpeg,113,0.220703125,512
2024_3c_25_4_8_frame_11.jpeg,112,0.21875,512
2024_3c_25_4_8_frame_12.jpeg,119,0.232421875,512
2024_3c_25_4_8_frame_13.jpeg,108,0.2109375,512
2024_3c_25_4_8_frame_14.jpeg,116,0.2265625,512
2024_3c_25_4_8_frame_15.jpeg,118,0.23046875,512
2024_3c_25_4_8_frame_16.jpeg,103,0.201171875,512
2024_3c_25_4_8_frame_17.jpeg,119,0.232421875,512
2024_3c_25_4_8_frame_18.jpeg,109,0.212890625,512
2024_3c_25_4_8_frame_19.jpeg,105,0.205078125,512
2024_3c_25_4_8_frame_2.jpeg,119,0.232421875,512
2024_3c_25_4_8_frame_20.jpeg,110,0.21484375,512
2024_3c_25_4_8_frame_21.jpeg,109,0.212890625,512
2024_3c_25_4_8_frame_22.jpeg,117,0.228515625,512
2024_3c_25_4_8_frame_23.jpeg,101,0.197265625,512
2024_3c_25_4_8_frame_24.jpeg,116,0.2265625,512
2024_3c_25_4_8_frame_25.jpeg,116,0.2265625,512
2024_3c_25_4_8_frame_26.jpeg,97,0.189453125,512
2024_3c_25_4_8_frame_27.jpeg,119,0.232421875,512
2024_3c_25_4_8_frame_28.jpeg,105,0.205078125,512
2024_3c_25_4_8_frame_29.jpeg,101,0.197265625,512
2024_3c_25_4_8_frame_3.jpeg,113,0.220703125,512
2024_3c_25_4_8_frame_30.jpeg,110,0.21484375,512
2024_3c_25_4_8_frame_31.jpeg,104,0.203125,512
2024_3c_25_4_8_frame_32.jpeg,119,0.232421875,512
2024_3c_25_4_8_frame_33.jpeg,103,0.201171875,512
2024_3c_25_4_8_frame_34.jpeg,116,0.2265625,512
2024_3c_25_4_8_frame_35.jpeg,116,0.2265625,512
2024_3c_25_4_8_frame_36.jpeg,101,0.197265625,512
2024_3c_25_4_8_frame_37.jpeg,117,0.228515625,512
2024_3c_25_4_8_frame_38.jpeg,109,0.212890625,512
2024_3c_25_4_8_frame_39.jpeg,105,0.205078125,512
2024_3c_25_4_8_frame_4.jpeg,116,0.2265625,512
2024_3c_25_4_8_frame_40.jpeg,112,0.21875,512
2024_3c_25_4_8_frame_41.jpeg,105,0.205078125,512
2024_3c_25_4_8_frame_42.jpeg,117,0.228515625,512
2024_3c_25_4_8_frame_43.jpeg,102,0.19921875,512
2024_3c_25_4_8_frame_44.jpeg,116,0.2265625,512
2024_3c_25_4_8_frame_45.jpeg,116,0.2265625,512
2024_3c_25_4_8_frame_46.jpeg,101,0.197265625,512
2024_3c_25_4_8_frame_47.jpeg,117,0.228515625,512
2024_3c_25_4_8_frame_48.jpeg,110,0.21484375,512
2024_3c_25_4_8_frame_49.jpeg,104,0.203125,512
2024_3c_25_4_8_frame_5.jpeg,117,0.228515625,512
2024_3c_25_4_8_frame_50.jpeg,112,0.21875,512
2024_3c_25_4_8_frame_6.jpeg,113,0.220703125,512
2024_3c_25_4_8_frame_7.jpeg,119,0.232421875,512
2024_3c_25_4_8_frame_8.jpeg,112,0.21875,512
2024_3c_25_4_8_frame_9.jpeg,109,0.212890625,512
2024_3c_25_4_9_frame_1.jpeg,114,0.22265625,512
2024_3c_25_4_9_frame_10.jpeg,120,0.234375,512
2024_3c_25_4_9_frame_11.jpeg,118,0.23046875,512
2024_3c_25_4_9_frame_12.jpeg,122,0.23828125,512
2024_3c_25_4_9_frame_13.jpeg,114,0.22265625,512
2024_3c_25_4_9_frame_14.jpeg,123,0.240234375,512
2024_3c_25_4_9_frame_15.jpeg,122,0.23828125,512
2024_3c_25_4_9_frame_16.jpeg,110,0.21484375,512
2024_3c_25_4_9_frame_17.jpeg,123,0.240234375,512
2024_3c_25_4_9_frame_18.jpeg,114,0.22265625,512
2024_3c_25_4_9_frame_19.jpeg,113,0.220703125,512
2024_3c_25_4_9_frame_2.jpeg,123,0.240234375,512
2024_3c_25_4_9_frame_20.jpeg,118,0.23046875,512
2024_3c_25_4_9_frame_21.jpeg,114,0.22265625,512
2024_3c_25_4_9_frame_22.jpeg,122,0.23828125,512
2024_3c_25_4_9_frame_23.jpeg,110,0.21484375,512
2024_3c_25_4_9_frame_24.jpeg,122,0.23828125,512
2024_3c_25_4_9_frame_25.jpeg,122,0.23828125,512
2024_3c_25_4_9_frame_26.jpeg,105,0.205078125,512
2024_3c_25_4_9_frame_27.jpeg,124,0.2421875,512
2024_3c_25_4_9_frame_28.jpeg,110,0.21484375,512
2024_3c_25_4_9_frame_29.jpeg,113,0.220703125,512
2024_3c_25_4_9_frame_3.jpeg,114,0.22265625,512
2024_3c_25_4_9_frame_30.jpeg,120,0.234375,512
2024_3c_25_4_9_frame_31.jpeg,110,0.21484375,512
2024_3c_25_4_9_frame_32.jpeg,124,0.2421875,512
2024_3c_25_4_9_frame_33.jpeg,108,0.2109375,512
2024_3c_25_4_9_frame_34.jpeg,119,0.232421875,512
2024_3c_25_4_9_frame_35.jpeg,122,0.23828125,512
2024_3c_25_4_9_frame_36.jpeg,109,0.212890625,512
2024_3c_25_4_9_frame_37.jpeg,124,0.2421875,512
2024_3c_25_4_9_frame_38.jpeg,114,0.22265625,512
2024_3c_25_4_9_frame_39.jpeg,113,0.220703125,512
2024_3c_25_4_9_frame_4.jpeg,122,0.23828125,512
2024_3c_25_4_9_frame_40.jpeg,120,0.234375,512
2024_3c_25_4_9_frame_41.jpeg,109,0.212890625,512
2024_3c_25_4_9_frame_42.jpeg,124,0.2421875,512
2024_3c_25_4_9_frame_43.jpeg,112,0.21875,512
2024_3c_25_4_9_frame_44.jpeg,119,0.232421875,512
2024_3c_25_4_9_frame_45.jpeg,122,0.23828125,512
2024_3c_25_4_9_frame_46.jpeg,112,0.21875,512
2024_3c_25_4_9_frame_47.jpeg,124,0.2421875,512
2024_3c_25_4_9_frame_48.jpeg,117,0.228515625,512
2024_3c_25_4_9_frame_49.jpeg,114,0.22265625,512
2024_3c_25_4_9_frame_5.jpeg,123,0.240234375,512
2024_3c_25_4_9_frame_50.jpeg,120,0.234375,512
2024_3c_25_4_9_frame_6.jpeg,114,0.22265625,512
2024_3c_25_4_9_frame_7.jpeg,124,0.2421875,512
2024_3c_25_4_9_frame_8.jpeg,116,0.2265625,512
2024_3c_25_4_9_frame_9.jpeg,118,0.23046875,512
2024_3c_25_5_1_frame_1.jpeg,119,0.232421875,512
2024_3c_25_5_1_frame_10.jpeg,126,0.24609375,512
2024_3c_25_5_1_frame_11.jpeg,126,0.24609375,512
2024_3c_25_5_1_frame_12.jpeg,106,0.20703125,512
2024_3c_25_5_1_frame_13.jpeg,124,0.2421875,512
2024_3c_25_5_1_frame_14.jpeg,118,0.23046875,512
2024_3c_25_5_1_frame_15.jpeg,119,0.232421875,512
2024_3c_25_5_1_frame_16.jpeg,113,0.220703125,512
2024_3c_25_5_1_frame_17.jpeg,119,0.232421875,512
2024_3c_25_5_1_frame_18.jpeg,125,0.244140625,512
2024_3c_25_5_1_frame_19.jpeg,103,0.201171875,512
2024_3c_25_5_1_frame_2.jpeg,109,0.212890625,512
2024_3c_25_5_1_frame_20.jpeg,126,0.24609375,512
2024_3c_25_5_1_frame_21.jpeg,119,0.232421875,512
2024_3c_25_5_1_frame_22.jpeg,99,0.193359375,512
2024_3c_25_5_1_frame_23.jpeg,122,0.23828125,512
2024_3c_25_5_1_frame_24.jpeg,117,0.228515625,512
2024_3c_25_5_1_frame_25.jpeg,116,0.2265625,512
2024_3c_25_5_1_frame_26.jpeg,109,0.212890625,512
2024_3c_25_5_1_frame_27.jpeg,121,0.236328125,512
2024_3c_25_5_1_frame_28.jpeg,125,0.244140625,512
2024_3c_25_5_1_frame_29.jpeg,99,0.193359375,512
2024_3c_25_5_1_frame_3.jpeg,124,0.2421875,512
2024_3c_25_5_1_frame_30.jpeg,126,0.24609375,512
2024_3c_25_5_1_frame_31.jpeg,121,0.236328125,512
2024_3c_25_5_1_frame_32.jpeg,100,0.1953125,512
2024_3c_25_5_1_frame_33.jpeg,122,0.23828125,512
2024_3c_25_5_1_frame_34.jpeg,113,0.220703125,512
2024_3c_25_5_1_frame_35.jpeg,116,0.2265625,512
2024_3c_25_5_1_frame_36.jpeg,113,0.220703125,512
2024_3c_25_5_1_frame_37.jpeg,120,0.234375,512
2024_3c_25_5_1_frame_38.jpeg,124,0.2421875,512
2024_3c_25_5_1_frame_39.jpeg,99,0.193359375,512
2024_3c_25_5_1_frame_4.jpeg,122,0.23828125,512
2024_3c_25_5_1_frame_40.jpeg,126,0.24609375,512
2024_3c_25_5_1_frame_41.jpeg,119,0.232421875,512
2024_3c_25_5_1_frame_42.jpeg,102,0.19921875,512
2024_3c_25_5_1_frame_43.jpeg,124,0.2421875,512
2024_3c_25_5_1_frame_44.jpeg,112,0.21875,512
2024_3c_25_5_1_frame_45.jpeg,116,0.2265625,512
2024_3c_25_5_1_frame_46.jpeg,113,0.220703125,512
2024_3c_25_5_1_frame_47.jpeg,121,0.236328125,512
2024_3c_25_5_1_frame_48.jpeg,126,0.24609375,512
2024_3c_25_5_1_frame_49.jpeg,99,0.193359375,512
2024_3c_25_5_1_frame_5.jpeg,121,0.236328125,512
2024_3c_25_5_1_frame_50.jpeg,126,0.24609375,512
2024_3c_25_5_1_frame_6.jpeg,115,0.224609375,512
2024_3c_25_5_1_frame_7.jpeg,123,0.240234375,512
2024_3c_25_5_1_frame_8.jpeg,125,0.244140625,512
2024_3c_25_5_1_frame_9.jpeg,110,0.21484375,512
2024_3c_25_5_2_frame_1.jpeg,114,0.22265625,512
2024_3c_25_5_2_frame_10.jpeg,101,0.197265625,512
2024_3c_25_5_2_frame_11.jpeg,113,0.220703125,512
2024_3c_25_5_2_frame_12.jpeg,109,0.212890625,512
2024_3c_25_5_2_frame_13.jpeg,96,0.1875,512
2024_3c_25_5_2_frame_14.jpeg,113,0.220703125,512
2024_3c_25_5_2_frame_15.jpeg,106,0.20703125,512
2024_3c_25_5_2_frame_16.jpeg,108,0.2109375,512
2024_3c_25_5_2_frame_17.jpeg,103,0.201171875,512
2024_3c_25_5_2_frame_18.jpeg,109,0.212890625,512
2024_3c_25_5_2_frame_19.jpeg,113,0.220703125,512
2024_3c_25_5_2_frame_2.jpeg,109,0.212890625,512
2024_3c_25_5_2_frame_20.jpeg,89,0.173828125,512
2024_3c_25_5_2_frame_21.jpeg,113,0.220703125,512
2024_3c_25_5_2_frame_22.jpeg,109,0.212890625,512
2024_3c_25_5_2_frame_23.jpeg,86,0.16796875,512
2024_3c_25_5_2_frame_24.jpeg,110,0.21484375,512
2024_3c_25_5_2_frame_25.jpeg,102,0.19921875,512
2024_3c_25_5_2_frame_26.jpeg,104,0.203125,512
2024_3c_25_5_2_frame_27.jpeg,97,0.189453125,512
2024_3c_25_5_2_frame_28.jpeg,106,0.20703125,512
2024_3c_25_5_2_frame_29.jpeg,113,0.220703125,512
2024_3c_25_5_2_frame_3.jpeg,96,0.1875,512
2024_3c_25_5_2_frame_30.jpeg,93,0.181640625,512
2024_3c_25_5_2_frame_31.jpeg,112,0.21875,512
2024_3c_25_5_2_frame_32.jpeg,109,0.212890625,512
2024_3c_25_5_2_frame_33.jpeg,88,0.171875,512
2024_3c_25_5_2_frame_34.jpeg,110,0.21484375,512
2024_3c_25_5_2_frame_35.jpeg,93,0.181640625,512
2024_3c_25_5_2_frame_36.jpeg,106,0.20703125,512
2024_3c_25_5_2_frame_37.jpeg,100,0.1953125,512
2024_3c_25_5_2_frame_38.jpeg,106,0.20703125,512
2024_3c_25_5_2_frame_39.jpeg,110,0.21484375,512
2024_3c_25_5_2_frame_4.jpeg,112,0.21875,512
2024_3c_25_5_2_frame_40.jpeg,95,0.185546875,512
2024_3c_25_5_2_frame_41.jpeg,110,0.21484375,512
2024_3c_25_5_2_frame_42.jpeg,109,0.212890625,512
2024_3c_25_5_2_frame_43.jpeg,93,0.181640625,512
2024_3c_25_5_2_frame_44.jpeg,110,0.21484375,512
2024_3c_25_5_2_frame_45.jpeg,94,0.18359375,512
2024_3c_25_5_2_frame_46.jpeg,108,0.2109375,512
2024_3c_25_5_2_frame_47.jpeg,100,0.1953125,512
2024_3c_25_5_2_frame_48.jpeg,106,0.20703125,512
2024_3c_25_5_2_frame_49.jpeg,113,0.220703125,512
2024_3c_25_5_2_frame_5.jpeg,110,0.21484375,512
2024_3c_25_5_2_frame_50.jpeg,93,0.181640625,512
2024_3c_25_5_2_frame_6.jpeg,109,0.212890625,512
2024_3c_25_5_2_frame_7.jpeg,109,0.212890625,512
2024_3c_25_5_2_frame_8.jpeg,109,0.212890625,512
2024_3c_25_5_2_frame_9.jpeg,114,0.22265625,512
2024_3c_25_5_3_frame_1.jpeg,116,0.2265625,512
2024_3c_25_5_3_frame_10.jpeg,119,0.232421875,512
2024_3c_25_5_3_frame_11.jpeg,116,0.2265625,512
2024_3c_25_5_3_frame_12.jpeg,121,0.236328125,512
2024_3c_25_5_3_frame_13.jpeg,113,0.220703125,512
2024_3c_25_5_3_frame_14.jpeg,119,0.232421875,512
2024_3c_25_5_3_frame_15.jpeg,118,0.23046875,512
2024_3c_25_5_3_frame_16.jpeg,105,0.205078125,512
2024_3c_25_5_3_frame_17.jpeg,122,0.23828125,512
2024_3c_25_5_3_frame_18.jpeg,117,0.228515625,512
2024_3c_25_5_3_frame_19.jpeg,105,0.205078125,512
2024_3c_25_5_3_frame_2.jpeg,120,0.234375,512
2024_3c_25_5_3_frame_20.jpeg,118,0.23046875,512
2024_3c_25_5_3_frame_21.jpeg,112,0.21875,512
2024_3c_25_5_3_frame_22.jpeg,119,0.232421875,512
2024_3c_25_5_3_frame_23.jpeg,105,0.205078125,512
2024_3c_25_5_3_frame_24.jpeg,119,0.232421875,512
2024_3c_25_5_3_frame_25.jpeg,119,0.232421875,512
2024_3c_25_5_3_frame_26.jpeg,101,0.197265625,512
2024_3c_25_5_3_frame_27.jpeg,123,0.240234375,512
2024_3c_25_5_3_frame_28.jpeg,112,0.21875,512
2024_3c_25_5_3_frame_29.jpeg,105,0.205078125,512
2024_3c_25_5_3_frame_3.jpeg,110,0.21484375,512
2024_3c_25_5_3_frame_30.jpeg,118,0.23046875,512
2024_3c_25_5_3_frame_31.jpeg,109,0.212890625,512
2024_3c_25_5_3_frame_32.jpeg,121,0.236328125,512
2024_3c_25_5_3_frame_33.jpeg,106,0.20703125,512
2024_3c_25_5_3_frame_34.jpeg,117,0.228515625,512
2024_3c_25_5_3_frame_35.jpeg,119,0.232421875,512
2024_3c_25_5_3_frame_36.jpeg,102,0.19921875,512
2024_3c_25_5_3_frame_37.jpeg,123,0.240234375,512
2024_3c_25_5_3_frame_38.jpeg,116,0.2265625,512
2024_3c_25_5_3_frame_39.jpeg,108,0.2109375,512
2024_3c_25_5_3_frame_4.jpeg,118,0.23046875,512
2024_3c_25_5_3_frame_40.jpeg,119,0.232421875,512
2024_3c_25_5_3_frame_41.jpeg,109,0.212890625,512
2024_3c_25_5_3_frame_42.jpeg,121,0.236328125,512
2024_3c_25_5_3_frame_43.jpeg,109,0.212890625,512
2024_3c_25_5_3_frame_44.jpeg,117,0.228515625,512
2024_3c_25_5_3_frame_45.jpeg,119,0.232421875,512
2024_3c_25_5_3_frame_46.jpeg,102,0.19921875,512
2024_3c_25_5_3_frame_47.jpeg,123,0.240234375,512
2024_3c_25_5_3_frame_48.jpeg,119,0.232421875,512
2024_3c_25_5_3_frame_49.jpeg,113,0.220703125,512
2024_3c_25_5_3_frame_5.jpeg,122,0.23828125,512
2024_3c_25_5_3_frame_50.jpeg,119,0.232421875,512
2024_3c_25_5_3_frame_6.jpeg,113,0.220703125,512
2024_3c_25_5_3_frame_7.jpeg,123,0.240234375,512
2024_3c_25_5_3_frame_8.jpeg,116,0.2265625,512
2024_3c_25_5_3_frame_9.jpeg,109,0.212890625,512
2024_3c_25_5_4_frame_1.jpeg,104,0.203125,512
2024_3c_25_5_4_frame_10.jpeg,110,0.21484375,512
2024_3c_25_5_4_frame_11.jpeg,104,0.203125,512
2024_3c_25_5_4_frame_12.jpeg,113,0.220703125,512
2024_3c_25_5_4_frame_13.jpeg,106,0.20703125,512
2024_3c_25_5_4_frame_14.jpeg,110,0.21484375,512
2024_3c_25_5_4_frame_15.jpeg,112,0.21875,512
2024_3c_25_5_4_frame_16.jpeg,99,0.193359375,512
2024_3c_25_5_4_frame_17.jpeg,116,0.2265625,512
2024_3c_25_5_4_frame_18.jpeg,105,0.205078125,512
2024_3c_25_5_4_frame_19.jpeg,98,0.19140625,512
2024_3c_25_5_4_frame_2.jpeg,113,0.220703125,512
2024_3c_25_5_4_frame_20.jpeg,110,0.21484375,512
2024_3c_25_5_4_frame_21.jpeg,100,0.1953125,512
2024_3c_25_5_4_frame_22.jpeg,113,0.220703125,512
2024_3c_25_5_4_frame_23.jpeg,99,0.193359375,512
2024_3c_25_5_4_frame_24.jpeg,109,0.212890625,512
2024_3c_25_5_4_frame_25.jpeg,110,0.21484375,512
2024_3c_25_5_4_frame_26.jpeg,93,0.181640625,512
2024_3c_25_5_4_frame_27.jpeg,116,0.2265625,512
2024_3c_25_5_4_frame_28.jpeg,104,0.203125,512
2024_3c_25_5_4_frame_29.jpeg,95,0.185546875,512
2024_3c_25_5_4_frame_3.jpeg,106,0.20703125,512
2024_3c_25_5_4_frame_30.jpeg,110,0.21484375,512
2024_3c_25_5_4_frame_31.jpeg,94,0.18359375,512
2024_3c_25_5_4_frame_32.jpeg,113,0.220703125,512
2024_3c_25_5_4_frame_33.jpeg,100,0.1953125,512
2024_3c_25_5_4_frame_34.jpeg,109,0.212890625,512
2024_3c_25_5_4_frame_35.jpeg,108,0.2109375,512
2024_3c_25_5_4_frame_36.jpeg,93,0.181640625,512
2024_3c_25_5_4_frame_37.jpeg,116,0.2265625,512
2024_3c_25_5_4_frame_38.jpeg,104,0.203125,512
2024_3c_25_5_4_frame_39.jpeg,97,0.189453125,512
2024_3c_25_5_4_frame_4.jpeg,109,0.212890625,512
2024_3c_25_5_4_frame_40.jpeg,110,0.21484375,512
2024_3c_25_5_4_frame_41.jpeg,94,0.18359375,512
2024_3c_25_5_4_frame_42.jpeg,113,0.220703125,512
2024_3c_25_5_4_frame_43.jpeg,100,0.1953125,512
2024_3c_25_5_4_frame_44.jpeg,109,0.212890625,512
2024_3c_25_5_4_frame_45.jpeg,109,0.212890625,512
2024_3c_25_5_4_frame_46.jpeg,93,0.181640625,512
2024_3c_25_5_4_frame_47.jpeg,114,0.22265625,512
2024_3c_25_5_4_frame_48.jpeg,109,0.212890625,512
2024_3c_25_5_4_frame_49.jpeg,97,0.189453125,512
2024_3c_25_5_4_frame_5.jpeg,113,0.220703125,512
2024_3c_25_5_4_frame_50.jpeg,109,0.212890625,512
2024_3c_25_5_4_frame_6.jpeg,106,0.20703125,512
2024_3c_25_5_4_frame_7.jpeg,114,0.22265625,512
2024_3c_25_5_4_frame_8.jpeg,104,0.203125,512
2024_3c_25_5_4_frame_9.jpeg,106,0.20703125,512
2024_3c_25_5_5_frame_1.jpeg,106,0.20703125,512
2024_3c_25_5_5_frame_10.jpeg,113,0.220703125,512
2024_3c_25_5_5_frame_11.jpeg,109,0.212890625,512
2024_3c_25_5_5_frame_12.jpeg,113,0.220703125,512
2024_3c_25_5_5_frame_13.jpeg,106,0.20703125,512
2024_3c_25_5_5_frame_14.jpeg,116,0.2265625,512
2024_3c_25_5_5_frame_15.jpeg,114,0.22265625,512
2024_3c_25_5_5_frame_16.jpeg,101,0.197265625,512
2024_3c_25_5_5_frame_17.jpeg,116,0.2265625,512
2024_3c_25_5_5_frame_18.jpeg,108,0.2109375,512
2024_3c_25_5_5_frame_19.jpeg,100,0.1953125,512
2024_3c_25_5_5_frame_2.jpeg,116,0.2265625,512
2024_3c_25_5_5_frame_20.jpeg,110,0.21484375,512
2024_3c_25_5_5_frame_21.jpeg,105,0.205078125,512
2024_3c_25_5_5_frame_22.jpeg,113,0.220703125,512
2024_3c_25_5_5_frame_23.jpeg,95,0.185546875,512
2024_3c_25_5_5_frame_24.jpeg,110,0.21484375,512
2024_3c_25_5_5_frame_25.jpeg,113,0.220703125,512
2024_3c_25_5_5_frame_26.jpeg,97,0.189453125,512
2024_3c_25_5_5_frame_27.jpeg,116,0.2265625,512
2024_3c_25_5_5_frame_28.jpeg,106,0.20703125,512
2024_3c_25_5_5_frame_29.jpeg,101,0.197265625,512
2024_3c_25_5_5_frame_3.jpeg,106,0.20703125,512
2024_3c_25_5_5_frame_30.jpeg,110,0.21484375,512
2024_3c_25_5_5_frame_31.jpeg,101,0.197265625,512
2024_3c_25_5_5_frame_32.jpeg,114,0.22265625,512
2024_3c_25_5_5_frame_33.jpeg,101,0.197265625,512
2024_3c_25_5_5_frame_34.jpeg,112,0.21875,512
2024_3c_25_5_5_frame_35.jpeg,116,0.2265625,512
2024_3c_25_5_5_frame_36.jpeg,96,0.1875,512
2024_3c_25_5_5_frame_37.jpeg,116,0.2265625,512
2024_3c_25_5_5_frame_38.jpeg,109,0.212890625,512
2024_3c_25_5_5_frame_39.jpeg,100,0.1953125,512
2024_3c_25_5_5_frame_4.jpeg,112,0.21875,512
2024_3c_25_5_5_frame_40.jpeg,110,0.21484375,512
2024_3c_25_5_5_frame_41.jpeg,101,0.197265625,512
2024_3c_25_5_5_frame_42.jpeg,114,0.22265625,512
2024_3c_25_5_5_frame_43.jpeg,101,0.197265625,512
2024_3c_25_5_5_frame_44.jpeg,112,0.21875,512
2024_3c_25_5_5_frame_45.jpeg,116,0.2265625,512
2024_3c_25_5_5_frame_46.jpeg,96,0.1875,512
2024_3c_25_5_5_frame_47.jpeg,116,0.2265625,512
2024_3c_25_5_5_frame_48.jpeg,112,0.21875,512
2024_3c_25_5_5_frame_49.jpeg,100,0.1953125,512
2024_3c_25_5_5_frame_5.jpeg,116,0.2265625,512
2024_3c_25_5_5_frame_50.jpeg,110,0.21484375,512
2024_3c_25_5_5_frame_6.jpeg,108,0.2109375,512
2024_3c_25_5_5_frame_7.jpeg,116,0.2265625,512
2024_3c_25_5_5_frame_8.jpeg,109,0.212890625,512
2024_3c_25_5_5_frame_9.jpeg,110,0.21484375,512
2024_3c_25_5_6_frame_1.jpeg,122,0.23828125,512
2024_3c_25_5_6_frame_10.jpeg,113,0.220703125,512
2024_3c_25_5_6_frame_11.jpeg,122,0.23828125,512
2024_3c_25_5_6_frame_12.jpeg,119,0.232421875,512
2024_3c_25_5_6_frame_13.jpeg,106,0.20703125,512
2024_3c_25_5_6_frame_14.jpeg,121,0.236328125,512
2024_3c_25_5_6_frame_15.jpeg,112,0.21875,512
2024_3c_25_5_6_frame_16.jpeg,118,0.23046875,512
2024_3c_25_5_6_frame_17.jpeg,113,0.220703125,512
2024_3c_25_5_6_frame_18.jpeg,116,0.2265625,512
2024_3c_25_5_6_frame_19.jpeg,123,0.240234375,512
2024_3c_25_5_6_frame_2.jpeg,119,0.232421875,512
2024_3c_25_5_6_frame_20.jpeg,106,0.20703125,512
2024_3c_25_5_6_frame_21.jpeg,122,0.23828125,512
2024_3c_25_5_6_frame_22.jpeg,119,0.232421875,512
2024_3c_25_5_6_frame_23.jpeg,101,0.197265625,512
2024_3c_25_5_6_frame_24.jpeg,119,0.232421875,512
2024_3c_25_5_6_frame_25.jpeg,109,0.212890625,512
2024_3c_25_5_6_frame_26.jpeg,113,0.220703125,512
2024_3c_25_5_6_frame_27.jpeg,112,0.21875,512
2024_3c_25_5_6_frame_28.jpeg,116,0.2265625,512
2024_3c_25_5_6_frame_29.jpeg,121,0.236328125,512
2024_3c_25_5_6_frame_3.jpeg,112,0.21875,512
2024_3c_25_5_6_frame_30.jpeg,101,0.197265625,512
2024_3c_25_5_6_frame_31.jpeg,119,0.232421875,512
2024_3c_25_5_6_frame_32.jpeg,116,0.2265625,512
2024_3c_25_5_6_frame_33.jpeg,101,0.197265625,512
2024_3c_25_5_6_frame_34.jpeg,119,0.232421875,512
2024_3c_25_5_6_frame_35.jpeg,105,0.205078125,512
2024_3c_25_5_6_frame_36.jpeg,113,0.220703125,512
2024_3c_25_5_6_frame_37.jpeg,113,0.220703125,512
2024_3c_25_5_6_frame_38.jpeg,112,0.21875,512
2024_3c_25_5_6_frame_39.jpeg,121,0.236328125,512
2024_3c_25_5_6_frame_4.jpeg,121,0.236328125,512
2024_3c_25_5_6_frame_40.jpeg,101,0.197265625,512
2024_3c_25_5_6_frame_41.jpeg,119,0.232421875,512
2024_3c_25_5_6_frame_42.jpeg,116,0.2265625,512
2024_3c_25_5_6_frame_43.jpeg,101,0.197265625,512
2024_3c_25_5_6_frame_44.jpeg,119,0.232421875,512
2024_3c_25_5_6_frame_45.jpeg,106,0.20703125,512
2024_3c_25_5_6_frame_46.jpeg,114,0.22265625,512
2024_3c_25_5_6_frame_47.jpeg,110,0.21484375,512
2024_3c_25_5_6_frame_48.jpeg,112,0.21875,512
2024_3c_25_5_6_frame_49.jpeg,121,0.236328125,512
2024_3c_25_5_6_frame_5.jpeg,117,0.228515625,512
2024_3c_25_5_6_frame_50.jpeg,102,0.19921875,512
2024_3c_25_5_6_frame_6.jpeg,118,0.23046875,512
2024_3c_25_5_6_frame_7.jpeg,114,0.22265625,512
2024_3c_25_5_6_frame_8.jpeg,119,0.232421875,512
2024_3c_25_5_6_frame_9.jpeg,123,0.240234375,512
2024_3c_25_5_7_frame_1.jpeg,109,0.212890625,512
2024_3c_25_5_7_frame_10.jpeg,114,0.22265625,512
2024_3c_25_5_7_frame_11.jpeg,109,0.212890625,512
2024_3c_25_5_7_frame_12.jpeg,117,0.228515625,512
2024_3c_25_5_7_frame_13.jpeg,109,0.212890625,512
2024_3c_25_5_7_frame_14.jpeg,116,0.2265625,512
2024_3c_25_5_7_frame_15.jpeg,117,0.228515625,512
2024_3c_25_5_7_frame_16.jpeg,106,0.20703125,512
2024_3c_25_5_7_frame_17.jpeg,116,0.2265625,512
2024_3c_25_5_7_frame_18.jpeg,109,0.212890625,512
2024_3c_25_5_7_frame_19.jpeg,106,0.20703125,512
2024_3c_25_5_7_frame_2.jpeg,118,0.23046875,512
2024_3c_25_5_7_frame_20.jpeg,116,0.2265625,512
2024_3c_25_5_7_frame_21.jpeg,109,0.212890625,512
2024_3c_25_5_7_frame_22.jpeg,117,0.228515625,512
2024_3c_25_5_7_frame_23.jpeg,103,0.201171875,512
2024_3c_25_5_7_frame_24.jpeg,116,0.2265625,512
2024_3c_25_5_7_frame_25.jpeg,118,0.23046875,512
2024_3c_25_5_7_frame_26.jpeg,104,0.203125,512
2024_3c_25_5_7_frame_27.jpeg,116,0.2265625,512
2024_3c_25_5_7_frame_28.jpeg,109,0.212890625,512
2024_3c_25_5_7_frame_29.jpeg,104,0.203125,512
2024_3c_25_5_7_frame_3.jpeg,112,0.21875,512
2024_3c_25_5_7_frame_30.jpeg,113,0.220703125,512
2024_3c_25_5_7_frame_31.jpeg,106,0.20703125,512
2024_3c_25_5_7_frame_32.jpeg,116,0.2265625,512
2024_3c_25_5_7_frame_33.jpeg,103,0.201171875,512
2024_3c_25_5_7_frame_34.jpeg,116,0.2265625,512
2024_3c_25_5_7_frame_35.jpeg,116,0.2265625,512
2024_3c_25_5_7_frame_36.jpeg,104,0.203125,512
2024_3c_25_5_7_frame_37.jpeg,116,0.2265625,512
2024_3c_25_5_7_frame_38.jpeg,108,0.2109375,512
2024_3c_25_5_7_frame_39.jpeg,104,0.203125,512
2024_3c_25_5_7_frame_4.jpeg,116,0.2265625,512
2024_3c_25_5_7_frame_40.jpeg,115,0.224609375,512
2024_3c_25_5_7_frame_41.jpeg,105,0.205078125,512
2024_3c_25_5_7_frame_42.jpeg,117,0.228515625,512
2024_3c_25_5_7_frame_43.jpeg,102,0.19921875,512
2024_3c_25_5_7_frame_44.jpeg,116,0.2265625,512
2024_3c_25_5_7_frame_45.jpeg,116,0.2265625,512
2024_3c_25_5_7_frame_46.jpeg,104,0.203125,512
2024_3c_25_5_7_frame_47.jpeg,116,0.2265625,512
2024_3c_25_5_7_frame_48.jpeg,109,0.212890625,512
2024_3c_25_5_7_frame_49.jpeg,104,0.203125,512
2024_3c_25_5_7_frame_5.jpeg,117,0.228515625,512
2024_3c_25_5_7_frame_50.jpeg,116,0.2265625,512
2024_3c_25_5_7_frame_6.jpeg,113,0.220703125,512
2024_3c_25_5_7_frame_7.jpeg,117,0.228515625,512
2024_3c_25_5_7_frame_8.jpeg,112,0.21875,512
2024_3c_25_5_7_frame_9.jpeg,113,0.220703125,512
2024_3c_25_5_8_frame_1.jpeg,122,0.23828125,512
2024_3c_25_5_8_frame_10.jpeg,116,0.2265625,512
2024_3c_25_5_8_frame_11.jpeg,122,0.23828125,512
2024_3c_25_5_8_frame_12.jpeg,118,0.23046875,512
2024_3c_25_5_8_frame_13.jpeg,109,0.212890625,512
2024_3c_25_5_8_frame_14.jpeg,122,0.23828125,512
2024_3c_25_5_8_frame_15.jpeg,112,0.21875,512
2024_3c_25_5_8_frame_16.jpeg,116,0.2265625,512
2024_3c_25_5_8_frame_17.jpeg,117,0.228515625,512
2024_3c_25_5_8_frame_18.jpeg,116,0.2265625,512
2024_3c_25_5_8_frame_19.jpeg,123,0.240234375,512
2024_3c_25_5_8_frame_2.jpeg,119,0.232421875,512
2024_3c_25_5_8_frame_20.jpeg,105,0.205078125,512
2024_3c_25_5_8_frame_21.jpeg,122,0.23828125,512
2024_3c_25_5_8_frame_22.jpeg,119,0.232421875,512
2024_3c_25_5_8_frame_23.jpeg,101,0.197265625,512
2024_3c_25_5_8_frame_24.jpeg,121,0.236328125,512
2024_3c_25_5_8_frame_25.jpeg,109,0.212890625,512
2024_3c_25_5_8_frame_26.jpeg,117,0.228515625,512
2024_3c_25_5_8_frame_27.jpeg,113,0.220703125,512
2024_3c_25_5_8_frame_28.jpeg,112,0.21875,512
2024_3c_25_5_8_frame_29.jpeg,124,0.2421875,512
2024_3c_25_5_8_frame_3.jpeg,112,0.21875,512
2024_3c_25_5_8_frame_30.jpeg,101,0.197265625,512
2024_3c_25_5_8_frame_31.jpeg,117,0.228515625,512
2024_3c_25_5_8_frame_32.jpeg,117,0.228515625,512
2024_3c_25_5_8_frame_33.jpeg,101,0.197265625,512
2024_3c_25_5_8_frame_34.jpeg,121,0.236328125,512
2024_3c_25_5_8_frame_35.jpeg,105,0.205078125,512
2024_3c_25_5_8_frame_36.jpeg,118,0.23046875,512
2024_3c_25_5_8_frame_37.jpeg,114,0.22265625,512
2024_3c_25_5_8_frame_38.jpeg,112,0.21875,512
2024_3c_25_5_8_frame_39.jpeg,122,0.23828125,512
2024_3c_25_5_8_frame_4.jpeg,122,0.23828125,512
2024_3c_25_5_8_frame_40.jpeg,106,0.20703125,512
2024_3c_25_5_8_frame_41.jpeg,119,0.232421875,512
2024_3c_25_5_8_frame_42.jpeg,117,0.228515625,512
2024_3c_25_5_8_frame_43.jpeg,105,0.205078125,512
2024_3c_25_5_8_frame_44.jpeg,122,0.23828125,512
2024_3c_25_5_8_frame_45.jpeg,105,0.205078125,512
2024_3c_25_5_8_frame_46.jpeg,118,0.23046875,512
2024_3c_25_5_8_frame_47.jpeg,116,0.2265625,512
2024_3c_25_5_8_frame_48.jpeg,112,0.21875,512
2024_3c_25_5_8_frame_49.jpeg,122,0.23828125,512
2024_3c_25_5_8_frame_5.jpeg,117,0.228515625,512
2024_3c_25_5_8_frame_50.jpeg,106,0.20703125,512
2024_3c_25_5_8_frame_6.jpeg,118,0.23046875,512
2024_3c_25_5_8_frame_7.jpeg,119,0.232421875,512
2024_3c_25_5_8_frame_8.jpeg,116,0.2265625,512
2024_3c_25_5_8_frame_9.jpeg,124,0.2421875,512
2024_3c_25_5_9_frame_1.jpeg,123,0.240234375,512
2024_3c_25_5_9_frame_10.jpeg,113,0.220703125,512
2024_3c_25_5_9_frame_11.jpeg,123,0.240234375,512
2024_3c_25_5_9_frame_12.jpeg,116,0.2265625,512
2024_3c_25_5_9_frame_13.jpeg,110,0.21484375,512
2024_3c_25_5_9_frame_14.jpeg,121,0.236328125,512
2024_3c_25_5_9_frame_15.jpeg,113,0.220703125,512
2024_3c_25_5_9_frame_16.jpeg,116,0.2265625,512
2024_3c_25_5_9_frame_17.jpeg,117,0.228515625,512
2024_3c_25_5_9_frame_18.jpeg,117,0.228515625,512
2024_3c_25_5_9_frame_19.jpeg,122,0.23828125,512
2024_3c_25_5_9_frame_2.jpeg,117,0.228515625,512
2024_3c_25_5_9_frame_20.jpeg,109,0.212890625,512
2024_3c_25_5_9_frame_21.jpeg,121,0.236328125,512
2024_3c_25_5_9_frame_22.jpeg,117,0.228515625,512
2024_3c_25_5_9_frame_23.jpeg,104,0.203125,512
2024_3c_25_5_9_frame_24.jpeg,121,0.236328125,512
2024_3c_25_5_9_frame_25.jpeg,106,0.20703125,512
2024_3c_25_5_9_frame_26.jpeg,117,0.228515625,512
2024_3c_25_5_9_frame_27.jpeg,113,0.220703125,512
2024_3c_25_5_9_frame_28.jpeg,114,0.22265625,512
2024_3c_25_5_9_frame_29.jpeg,122,0.23828125,512
2024_3c_25_5_9_frame_3.jpeg,114,0.22265625,512
2024_3c_25_5_9_frame_30.jpeg,104,0.203125,512
2024_3c_25_5_9_frame_31.jpeg,121,0.236328125,512
2024_3c_25_5_9_frame_32.jpeg,117,0.228515625,512
2024_3c_25_5_9_frame_33.jpeg,105,0.205078125,512
2024_3c_25_5_9_frame_34.jpeg,122,0.23828125,512
2024_3c_25_5_9_frame_35.jpeg,108,0.2109375,512
2024_3c_25_5_9_frame_36.jpeg,118,0.23046875,512
2024_3c_25_5_9_frame_37.jpeg,114,0.22265625,512
2024_3c_25_5_9_frame_38.jpeg,113,0.220703125,512
2024_3c_25_5_9_frame_39.jpeg,122,0.23828125,512
2024_3c_25_5_9_frame_4.jpeg,123,0.240234375,512
2024_3c_25_5_9_frame_40.jpeg,108,0.2109375,512
2024_3c_25_5_9_frame_41.jpeg,121,0.236328125,512
2024_3c_25_5_9_frame_42.jpeg,117,0.228515625,512
2024_3c_25_5_9_frame_43.jpeg,106,0.20703125,512
2024_3c_25_5_9_frame_44.jpeg,122,0.23828125,512
2024_3c_25_5_9_frame_45.jpeg,106,0.20703125,512
2024_3c_25_5_9_frame_46.jpeg,118,0.23046875,512
2024_3c_25_5_9_frame_47.jpeg,114,0.22265625,512
2024_3c_25_5_9_frame_48.jpeg,115,0.224609375,512
2024_3c_25_5_9_frame_49.jpeg,123,0.240234375,512
2024_3c_25_5_9_frame_5.jpeg,116,0.2265625,512
2024_3c_25_5_9_frame_50.jpeg,108,0.2109375,512
2024_3c_25_5_9_frame_6.jpeg,120,0.234375,512
2024_3c_25_5_9_frame_7.jpeg,118,0.23046875,512
2024_3c_25_5_9_frame_8.jpeg,117,0.228515625,512
2024_3c_25_5_9_frame_9.jpeg,123,0.240234375,512
2024_3c_25_6_1_frame_1.jpeg,137,0.267578125,512
2024_3c_25_6_1_frame_10.jpeg,139,0.271484375,512
2024_3c_25_6_1_frame_11.jpeg,136,0.265625,512
2024_3c_25_6_1_frame_12.jpeg,124,0.2421875,512
2024_3c_25_6_1_frame_13.jpeg,136,0.265625,512
2024_3c_25_6_1_frame_14.jpeg,136,0.265625,512
2024_3c_25_6_1_frame_15.jpeg,130,0.25390625,512
2024_3c_25_6_1_frame_16.jpeg,126,0.24609375,512
2024_3c_25_6_1_frame_17.jpeg,136,0.265625,512
2024_3c_25_6_1_frame_18.jpeg,134,0.26171875,512
2024_3c_25_6_1_frame_19.jpeg,117,0.228515625,512
2024_3c_25_6_1_frame_2.jpeg,126,0.24609375,512
2024_3c_25_6_1_frame_20.jpeg,136,0.265625,512
2024_3c_25_6_1_frame_21.jpeg,136,0.265625,512
2024_3c_25_6_1_frame_22.jpeg,117,0.228515625,512
2024_3c_25_6_1_frame_23.jpeg,132,0.2578125,512
2024_3c_25_6_1_frame_24.jpeg,133,0.259765625,512
2024_3c_25_6_1_frame_25.jpeg,130,0.25390625,512
2024_3c_25_6_1_frame_26.jpeg,124,0.2421875,512
2024_3c_25_6_1_frame_27.jpeg,137,0.267578125,512
2024_3c_25_6_1_frame_28.jpeg,135,0.263671875,512
2024_3c_25_6_1_frame_29.jpeg,114,0.22265625,512
2024_3c_25_6_1_frame_3.jpeg,137,0.267578125,512
2024_3c_25_6_1_frame_30.jpeg,136,0.265625,512
2024_3c_25_6_1_frame_31.jpeg,136,0.265625,512
2024_3c_25_6_1_frame_32.jpeg,117,0.228515625,512
2024_3c_25_6_1_frame_33.jpeg,132,0.2578125,512
2024_3c_25_6_1_frame_34.jpeg,133,0.259765625,512
2024_3c_25_6_1_frame_35.jpeg,130,0.25390625,512
2024_3c_25_6_1_frame_36.jpeg,125,0.244140625,512
2024_3c_25_6_1_frame_37.jpeg,136,0.265625,512
2024_3c_25_6_1_frame_38.jpeg,134,0.26171875,512
2024_3c_25_6_1_frame_39.jpeg,114,0.22265625,512
2024_3c_25_6_1_frame_4.jpeg,135,0.263671875,512
2024_3c_25_6_1_frame_40.jpeg,136,0.265625,512
2024_3c_25_6_1_frame_41.jpeg,136,0.265625,512
2024_3c_25_6_1_frame_42.jpeg,117,0.228515625,512
2024_3c_25_6_1_frame_43.jpeg,136,0.265625,512
2024_3c_25_6_1_frame_44.jpeg,129,0.251953125,512
2024_3c_25_6_1_frame_45.jpeg,130,0.25390625,512
2024_3c_25_6_1_frame_46.jpeg,124,0.2421875,512
2024_3c_25_6_1_frame_47.jpeg,137,0.267578125,512
2024_3c_25_6_1_frame_48.jpeg,136,0.265625,512
2024_3c_25_6_1_frame_49.jpeg,113,0.220703125,512
2024_3c_25_6_1_frame_5.jpeg,130,0.25390625,512
2024_3c_25_6_1_frame_50.jpeg,136,0.265625,512
2024_3c_25_6_1_frame_6.jpeg,131,0.255859375,512
2024_3c_25_6_1_frame_7.jpeg,136,0.265625,512
2024_3c_25_6_1_frame_8.jpeg,138,0.26953125,512
2024_3c_25_6_1_frame_9.jpeg,126,0.24609375,512
2024_3c_25_6_2_frame_1.jpeg,115,0.224609375,512
2024_3c_25_6_2_frame_10.jpeg,102,0.19921875,512
2024_3c_25_6_2_frame_11.jpeg,116,0.2265625,512
2024_3c_25_6_2_frame_12.jpeg,112,0.21875,512
2024_3c_25_6_2_frame_13.jpeg,97,0.189453125,512
2024_3c_25_6_2_frame_14.jpeg,113,0.220703125,512
2024_3c_25_6_2_frame_15.jpeg,106,0.20703125,512
2024_3c_25_6_2_frame_16.jpeg,109,0.212890625,512
2024_3c_25_6_2_frame_17.jpeg,102,0.19921875,512
2024_3c_25_6_2_frame_18.jpeg,112,0.21875,512
2024_3c_25_6_2_frame_19.jpeg,113,0.220703125,512
2024_3c_25_6_2_frame_2.jpeg,109,0.212890625,512
2024_3c_25_6_2_frame_20.jpeg,90,0.17578125,512
2024_3c_25_6_2_frame_21.jpeg,116,0.2265625,512
2024_3c_25_6_2_frame_22.jpeg,109,0.212890625,512
2024_3c_25_6_2_frame_23.jpeg,90,0.17578125,512
2024_3c_25_6_2_frame_24.jpeg,110,0.21484375,512
2024_3c_25_6_2_frame_25.jpeg,104,0.203125,512
2024_3c_25_6_2_frame_26.jpeg,109,0.212890625,512
2024_3c_25_6_2_frame_27.jpeg,96,0.1875,512
2024_3c_25_6_2_frame_28.jpeg,109,0.212890625,512
2024_3c_25_6_2_frame_29.jpeg,114,0.22265625,512
2024_3c_25_6_2_frame_3.jpeg,101,0.197265625,512
2024_3c_25_6_2_frame_30.jpeg,91,0.177734375,512
2024_3c_25_6_2_frame_31.jpeg,114,0.22265625,512
2024_3c_25_6_2_frame_32.jpeg,110,0.21484375,512
2024_3c_25_6_2_frame_33.jpeg,92,0.1796875,512
2024_3c_25_6_2_frame_34.jpeg,110,0.21484375,512
2024_3c_25_6_2_frame_35.jpeg,100,0.1953125,512
2024_3c_25_6_2_frame_36.jpeg,109,0.212890625,512
2024_3c_25_6_2_frame_37.jpeg,97,0.189453125,512
2024_3c_25_6_2_frame_38.jpeg,109,0.212890625,512
2024_3c_25_6_2_frame_39.jpeg,113,0.220703125,512
2024_3c_25_6_2_frame_4.jpeg,113,0.220703125,512
2024_3c_25_6_2_frame_40.jpeg,92,0.1796875,512
2024_3c_25_6_2_frame_41.jpeg,113,0.220703125,512
2024_3c_25_6_2_frame_42.jpeg,109,0.212890625,512
2024_3c_25_6_2_frame_43.jpeg,91,0.177734375,512
2024_3c_25_6_2_frame_44.jpeg,110,0.21484375,512
2024_3c_25_6_2_frame_45.jpeg,96,0.1875,512
2024_3c_25_6_2_frame_46.jpeg,109,0.212890625,512
2024_3c_25_6_2_frame_47.jpeg,102,0.19921875,512
2024_3c_25_6_2_frame_48.jpeg,109,0.212890625,512
2024_3c_25_6_2_frame_49.jpeg,113,0.220703125,512
2024_3c_25_6_2_frame_5.jpeg,113,0.220703125,512
2024_3c_25_6_2_frame_50.jpeg,91,0.177734375,512
2024_3c_25_6_2_frame_6.jpeg,112,0.21875,512
2024_3c_25_6_2_frame_7.jpeg,106,0.20703125,512
2024_3c_25_6_2_frame_8.jpeg,113,0.220703125,512
2024_3c_25_6_2_frame_9.jpeg,116,0.2265625,512
2024_3c_25_6_3_frame_1.jpeg,119,0.232421875,512
2024_3c_25_6_3_frame_10.jpeg,124,0.2421875,512
2024_3c_25_6_3_frame_11.jpeg,119,0.232421875,512
2024_3c_25_6_3_frame_12.jpeg,113,0.220703125,512
2024_3c_25_6_3_frame_13.jpeg,122,0.23828125,512
2024_3c_25_6_3_frame_14.jpeg,116,0.2265625,512
2024_3c_25_6_3_frame_15.jpeg,120,0.234375,512
2024_3c_25_6_3_frame_16.jpeg,113,0.220703125,512
2024_3c_25_6_3_frame_17.jpeg,119,0.232421875,512
2024_3c_25_6_3_frame_18.jpeg,124,0.2421875,512
2024_3c_25_6_3_frame_19.jpeg,105,0.205078125,512
2024_3c_25_6_3_frame_2.jpeg,113,0.220703125,512
2024_3c_25_6_3_frame_20.jpeg,124,0.2421875,512
2024_3c_25_6_3_frame_21.jpeg,119,0.232421875,512
2024_3c_25_6_3_frame_22.jpeg,104,0.203125,512
2024_3c_25_6_3_frame_23.jpeg,122,0.23828125,512
2024_3c_25_6_3_frame_24.jpeg,113,0.220703125,512
2024_3c_25_6_3_frame_25.jpeg,118,0.23046875,512
2024_3c_25_6_3_frame_26.jpeg,110,0.21484375,512
2024_3c_25_6_3_frame_27.jpeg,117,0.228515625,512
2024_3c_25_6_3_frame_28.jpeg,123,0.240234375,512
2024_3c_25_6_3_frame_29.jpeg,103,0.201171875,512
2024_3c_25_6_3_frame_3.jpeg,124,0.2421875,512
2024_3c_25_6_3_frame_30.jpeg,122,0.23828125,512
2024_3c_25_6_3_frame_31.jpeg,120,0.234375,512
2024_3c_25_6_3_frame_32.jpeg,104,0.203125,512
2024_3c_25_6_3_frame_33.jpeg,122,0.23828125,512
2024_3c_25_6_3_frame_34.jpeg,109,0.212890625,512
2024_3c_25_6_3_frame_35.jpeg,118,0.23046875,512
2024_3c_25_6_3_frame_36.jpeg,114,0.22265625,512
2024_3c_25_6_3_frame_37.jpeg,117,0.228515625,512
2024_3c_25_6_3_frame_38.jpeg,122,0.23828125,512
2024_3c_25_6_3_frame_39.jpeg,106,0.20703125,512
2024_3c_25_6_3_frame_4.jpeg,123,0.240234375,512
2024_3c_25_6_3_frame_40.jpeg,123,0.240234375,512
2024_3c_25_6_3_frame_41.jpeg,119,0.232421875,512
2024_3c_25_6_3_frame_42.jpeg,105,0.205078125,512
2024_3c_25_6_3_frame_43.jpeg,122,0.23828125,512
2024_3c_25_6_3_frame_44.jpeg,108,0.2109375,512
2024_3c_25_6_3_frame_45.jpeg,121,0.236328125,512
2024_3c_25_6_3_frame_46.jpeg,114,0.22265625,512
2024_3c_25_6_3_frame_47.jpeg,117,0.228515625,512
2024_3c_25_6_3_frame_48.jpeg,122,0.23828125,512
2024_3c_25_6_3_frame_49.jpeg,106,0.20703125,512
2024_3c_25_6_3_frame_5.jpeg,121,0.236328125,512
2024_3c_25_6_3_frame_50.jpeg,122,0.23828125,512
2024_3c_25_6_3_frame_6.jpeg,118,0.23046875,512
2024_3c_25_6_3_frame_7.jpeg,119,0.232421875,512
2024_3c_25_6_3_frame_8.jpeg,125,0.244140625,512
2024_3c_25_6_3_frame_9.jpeg,113,0.220703125,512
2024_3c_25_6_4_frame_1.jpeg,114,0.22265625,512
2024_3c_25_6_4_frame_10.jpeg,117,0.228515625,512
2024_3c_25_6_4_frame_11.jpeg,116,0.2265625,512
2024_3c_25_6_4_frame_12.jpeg,121,0.236328125,512
2024_3c_25_6_4_frame_13.jpeg,110,0.21484375,512
2024_3c_25_6_4_frame_14.jpeg,117,0.228515625,512
2024_3c_25_6_4_frame_15.jpeg,117,0.228515625,512
2024_3c_25_6_4_frame_16.jpeg,103,0.201171875,512
2024_3c_25_6_4_frame_17.jpeg,121,0.236328125,512
2024_3c_25_6_4_frame_18.jpeg,112,0.21875,512
2024_3c_25_6_4_frame_19.jpeg,109,0.212890625,512
2024_3c_25_6_4_frame_2.jpeg,121,0.236328125,512
2024_3c_25_6_4_frame_20.jpeg,113,0.220703125,512
2024_3c_25_6_4_frame_21.jpeg,112,0.21875,512
2024_3c_25_6_4_frame_22.jpeg,119,0.232421875,512
2024_3c_25_6_4_frame_23.jpeg,100,0.1953125,512
2024_3c_25_6_4_frame_24.jpeg,117,0.228515625,512
2024_3c_25_6_4_frame_25.jpeg,117,0.228515625,512
2024_3c_25_6_4_frame_26.jpeg,101,0.197265625,512
2024_3c_25_6_4_frame_27.jpeg,119,0.232421875,512
2024_3c_25_6_4_frame_28.jpeg,109,0.212890625,512
2024_3c_25_6_4_frame_29.jpeg,105,0.205078125,512
2024_3c_25_6_4_frame_3.jpeg,110,0.21484375,512
2024_3c_25_6_4_frame_30.jpeg,113,0.220703125,512
2024_3c_25_6_4_frame_31.jpeg,109,0.212890625,512
2024_3c_25_6_4_frame_32.jpeg,120,0.234375,512
2024_3c_25_6_4_frame_33.jpeg,102,0.19921875,512
2024_3c_25_6_4_frame_34.jpeg,117,0.228515625,512
2024_3c_25_6_4_frame_35.jpeg,117,0.228515625,512
2024_3c_25_6_4_frame_36.jpeg,101,0.197265625,512
2024_3c_25_6_4_frame_37.jpeg,119,0.232421875,512
2024_3c_25_6_4_frame_38.jpeg,112,0.21875,512
2024_3c_25_6_4_frame_39.jpeg,105,0.205078125,512
2024_3c_25_6_4_frame_4.jpeg,117,0.228515625,512
2024_3c_25_6_4_frame_40.jpeg,116,0.2265625,512
2024_3c_25_6_4_frame_41.jpeg,110,0.21484375,512
2024_3c_25_6_4_frame_42.jpeg,120,0.234375,512
2024_3c_25_6_4_frame_43.jpeg,103,0.201171875,512
2024_3c_25_6_4_frame_44.jpeg,116,0.2265625,512
2024_3c_25_6_4_frame_45.jpeg,116,0.2265625,512
2024_3c_25_6_4_frame_46.jpeg,97,0.189453125,512
2024_3c_25_6_4_frame_47.jpeg,119,0.232421875,512
2024_3c_25_6_4_frame_48.jpeg,113,0.220703125,512
2024_3c_25_6_4_frame_49.jpeg,106,0.20703125,512
2024_3c_25_6_4_frame_5.jpeg,121,0.236328125,512
2024_3c_25_6_4_frame_50.jpeg,114,0.22265625,512
2024_3c_25_6_4_frame_6.jpeg,109,0.212890625,512
2024_3c_25_6_4_frame_7.jpeg,122,0.23828125,512
2024_3c_25_6_4_frame_8.jpeg,116,0.2265625,512
2024_3c_25_6_4_frame_9.jpeg,108,0.2109375,512
2024_3c_25_6_5_frame_1.jpeg,112,0.21875,512
2024_3c_25_6_5_frame_10.jpeg,117,0.228515625,512
2024_3c_25_6_5_frame_11.jpeg,114,0.22265625,512
2024_3c_25_6_5_frame_12.jpeg,122,0.23828125,512
2024_3c_25_6_5_frame_13.jpeg,109,0.212890625,512
2024_3c_25_6_5_frame_14.jpeg,118,0.23046875,512
2024_3c_25_6_5_frame_15.jpeg,118,0.23046875,512
2024_3c_25_6_5_frame_16.jpeg,102,0.19921875,512
2024_3c_25_6_5_frame_17.jpeg,123,0.240234375,512
2024_3c_25_6_5_frame_18.jpeg,112,0.21875,512
2024_3c_25_6_5_frame_19.jpeg,109,0.212890625,512
2024_3c_25_6_5_frame_2.jpeg,122,0.23828125,512
2024_3c_25_6_5_frame_20.jpeg,110,0.21484375,512
2024_3c_25_6_5_frame_21.jpeg,112,0.21875,512
2024_3c_25_6_5_frame_22.jpeg,121,0.236328125,512
2024_3c_25_6_5_frame_23.jpeg,96,0.1875,512
2024_3c_25_6_5_frame_24.jpeg,119,0.232421875,512
2024_3c_25_6_5_frame_25.jpeg,119,0.232421875,512
2024_3c_25_6_5_frame_26.jpeg,101,0.197265625,512
2024_3c_25_6_5_frame_27.jpeg,122,0.23828125,512
2024_3c_25_6_5_frame_28.jpeg,109,0.212890625,512
2024_3c_25_6_5_frame_29.jpeg,106,0.20703125,512
2024_3c_25_6_5_frame_3.jpeg,110,0.21484375,512
2024_3c_25_6_5_frame_30.jpeg,114,0.22265625,512
2024_3c_25_6_5_frame_31.jpeg,110,0.21484375,512
2024_3c_25_6_5_frame_32.jpeg,122,0.23828125,512
2024_3c_25_6_5_frame_33.jpeg,101,0.197265625,512
2024_3c_25_6_5_frame_34.jpeg,117,0.228515625,512
2024_3c_25_6_5_frame_35.jpeg,119,0.232421875,512
2024_3c_25_6_5_frame_36.jpeg,103,0.201171875,512
2024_3c_25_6_5_frame_37.jpeg,123,0.240234375,512
2024_3c_25_6_5_frame_38.jpeg,109,0.212890625,512
2024_3c_25_6_5_frame_39.jpeg,108,0.2109375,512
2024_3c_25_6_5_frame_4.jpeg,117,0.228515625,512
2024_3c_25_6_5_frame_40.jpeg,115,0.224609375,512
2024_3c_25_6_5_frame_41.jpeg,109,0.212890625,512
2024_3c_25_6_5_frame_42.jpeg,122,0.23828125,512
2024_3c_25_6_5_frame_43.jpeg,103,0.201171875,512
2024_3c_25_6_5_frame_44.jpeg,117,0.228515625,512
2024_3c_25_6_5_frame_45.jpeg,117,0.228515625,512
2024_3c_25_6_5_frame_46.jpeg,101,0.197265625,512
2024_3c_25_6_5_frame_47.jpeg,122,0.23828125,512
2024_3c_25_6_5_frame_48.jpeg,110,0.21484375,512
2024_3c_25_6_5_frame_49.jpeg,106,0.20703125,512
2024_3c_25_6_5_frame_5.jpeg,121,0.236328125,512
2024_3c_25_6_5_frame_50.jpeg,114,0.22265625,512
2024_3c_25_6_5_frame_6.jpeg,109,0.212890625,512
2024_3c_25_6_5_frame_7.jpeg,122,0.23828125,512
2024_3c_25_6_5_frame_8.jpeg,116,0.2265625,512
2024_3c_25_6_5_frame_9.jpeg,110,0.21484375,512
2024_3c_25_6_6_frame_1.jpeg,116,0.2265625,512
2024_3c_25_6_6_frame_10.jpeg,122,0.23828125,512
2024_3c_25_6_6_frame_11.jpeg,117,0.228515625,512
2024_3c_25_6_6_frame_12.jpeg,124,0.2421875,512
2024_3c_25_6_6_frame_13.jpeg,116,0.2265625,512
2024_3c_25_6_6_frame_14.jpeg,124,0.2421875,512
2024_3c_25_6_6_frame_15.jpeg,124,0.2421875,512
2024_3c_25_6_6_frame_16.jpeg,113,0.220703125,512
2024_3c_25_6_6_frame_17.jpeg,126,0.24609375,512
2024_3c_25_6_6_frame_18.jpeg,116,0.2265625,512
2024_3c_25_6_6_frame_19.jpeg,114,0.22265625,512
2024_3c_25_6_6_frame_2.jpeg,124,0.2421875,512
2024_3c_25_6_6_frame_20.jpeg,121,0.236328125,512
2024_3c_25_6_6_frame_21.jpeg,116,0.2265625,512
2024_3c_25_6_6_frame_22.jpeg,124,0.2421875,512
2024_3c_25_6_6_frame_23.jpeg,109,0.212890625,512
2024_3c_25_6_6_frame_24.jpeg,119,0.232421875,512
2024_3c_25_6_6_frame_25.jpeg,119,0.232421875,512
2024_3c_25_6_6_frame_26.jpeg,106,0.20703125,512
2024_3c_25_6_6_frame_27.jpeg,126,0.24609375,512
2024_3c_25_6_6_frame_28.jpeg,113,0.220703125,512
2024_3c_25_6_6_frame_29.jpeg,110,0.21484375,512
2024_3c_25_6_6_frame_3.jpeg,119,0.232421875,512
2024_3c_25_6_6_frame_30.jpeg,121,0.236328125,512
2024_3c_25_6_6_frame_31.jpeg,113,0.220703125,512
2024_3c_25_6_6_frame_32.jpeg,124,0.2421875,512
2024_3c_25_6_6_frame_33.jpeg,109,0.212890625,512
2024_3c_25_6_6_frame_34.jpeg,119,0.232421875,512
2024_3c_25_6_6_frame_35.jpeg,119,0.232421875,512
2024_3c_25_6_6_frame_36.jpeg,106,0.20703125,512
2024_3c_25_6_6_frame_37.jpeg,126,0.24609375,512
2024_3c_25_6_6_frame_38.jpeg,112,0.21875,512
2024_3c_25_6_6_frame_39.jpeg,114,0.22265625,512
2024_3c_25_6_6_frame_4.jpeg,119,0.232421875,512
2024_3c_25_6_6_frame_40.jpeg,122,0.23828125,512
2024_3c_25_6_6_frame_41.jpeg,109,0.212890625,512
2024_3c_25_6_6_frame_42.jpeg,124,0.2421875,512
2024_3c_25_6_6_frame_43.jpeg,110,0.21484375,512
2024_3c_25_6_6_frame_44.jpeg,119,0.232421875,512
2024_3c_25_6_6_frame_45.jpeg,119,0.232421875,512
2024_3c_25_6_6_frame_46.jpeg,104,0.203125,512
2024_3c_25_6_6_frame_47.jpeg,126,0.24609375,512
2024_3c_25_6_6_frame_48.jpeg,114,0.22265625,512
2024_3c_25_6_6_frame_49.jpeg,114,0.22265625,512
2024_3c_25_6_6_frame_5.jpeg,126,0.24609375,512
2024_3c_25_6_6_frame_50.jpeg,121,0.236328125,512
2024_3c_25_6_6_frame_6.jpeg,121,0.236328125,512
2024_3c_25_6_6_frame_7.jpeg,126,0.24609375,512
2024_3c_25_6_6_frame_8.jpeg,119,0.232421875,512
2024_3c_25_6_6_frame_9.jpeg,118,0.23046875,512
2024_3c_25_6_7_frame_1.jpeg,117,0.228515625,512
2024_3c_25_6_7_frame_10.jpeg,109,0.212890625,512
2024_3c_25_6_7_frame_11.jpeg,116,0.2265625,512
2024_3c_25_6_7_frame_12.jpeg,114,0.22265625,512
2024_3c_25_6_7_frame_13.jpeg,109,0.212890625,512
2024_3c_25_6_7_frame_14.jpeg,119,0.232421875,512
2024_3c_25_6_7_frame_15.jpeg,109,0.212890625,512
2024_3c_25_6_7_frame_16.jpeg,116,0.2265625,512
2024_3c_25_6_7_frame_17.jpeg,109,0.212890625,512
2024_3c_25_6_7_frame_18.jpeg,113,0.220703125,512
2024_3c_25_6_7_frame_19.jpeg,119,0.232421875,512
2024_3c_25_6_7_frame_2.jpeg,116,0.2265625,512
2024_3c_25_6_7_frame_20.jpeg,101,0.197265625,512
2024_3c_25_6_7_frame_21.jpeg,116,0.2265625,512
2024_3c_25_6_7_frame_22.jpeg,113,0.220703125,512
2024_3c_25_6_7_frame_23.jpeg,96,0.1875,512
2024_3c_25_6_7_frame_24.jpeg,117,0.228515625,512
2024_3c_25_6_7_frame_25.jpeg,104,0.203125,512
2024_3c_25_6_7_frame_26.jpeg,110,0.21484375,512
2024_3c_25_6_7_frame_27.jpeg,109,0.212890625,512
2024_3c_25_6_7_frame_28.jpeg,112,0.21875,512
2024_3c_25_6_7_frame_29.jpeg,116,0.2265625,512
2024_3c_25_6_7_frame_3.jpeg,109,0.212890625,512
2024_3c_25_6_7_frame_30.jpeg,100,0.1953125,512
2024_3c_25_6_7_frame_31.jpeg,116,0.2265625,512
2024_3c_25_6_7_frame_32.jpeg,114,0.22265625,512
2024_3c_25_6_7_frame_33.jpeg,101,0.197265625,512
2024_3c_25_6_7_frame_34.jpeg,119,0.232421875,512
2024_3c_25_6_7_frame_35.jpeg,104,0.203125,512
2024_3c_25_6_7_frame_36.jpeg,113,0.220703125,512
2024_3c_25_6_7_frame_37.jpeg,112,0.21875,512
2024_3c_25_6_7_frame_38.jpeg,109,0.212890625,512
2024_3c_25_6_7_frame_39.jpeg,116,0.2265625,512
2024_3c_25_6_7_frame_4.jpeg,120,0.234375,512
2024_3c_25_6_7_frame_40.jpeg,101,0.197265625,512
2024_3c_25_6_7_frame_41.jpeg,117,0.228515625,512
2024_3c_25_6_7_frame_42.jpeg,112,0.21875,512
2024_3c_25_6_7_frame_43.jpeg,101,0.197265625,512
2024_3c_25_6_7_frame_44.jpeg,117,0.228515625,512
2024_3c_25_6_7_frame_45.jpeg,100,0.1953125,512
2024_3c_25_6_7_frame_46.jpeg,112,0.21875,512
2024_3c_25_6_7_frame_47.jpeg,110,0.21484375,512
2024_3c_25_6_7_frame_48.jpeg,109,0.212890625,512
2024_3c_25_6_7_frame_49.jpeg,116,0.2265625,512
2024_3c_25_6_7_frame_5.jpeg,117,0.228515625,512
2024_3c_25_6_7_frame_50.jpeg,101,0.197265625,512
2024_3c_25_6_7_frame_6.jpeg,116,0.2265625,512
2024_3c_25_6_7_frame_7.jpeg,116,0.2265625,512
2024_3c_25_6_7_frame_8.jpeg,116,0.2265625,512
2024_3c_25_6_7_frame_9.jpeg,119,0.232421875,512
2024_3c_25_6_8_frame_1.jpeg,117,0.228515625,512
2024_3c_25_6_8_frame_10.jpeg,121,0.236328125,512
2024_3c_25_6_8_frame_11.jpeg,119,0.232421875,512
2024_3c_25_6_8_frame_12.jpeg,124,0.2421875,512
2024_3c_25_6_8_frame_13.jpeg,114,0.22265625,512
2024_3c_25_6_8_frame_14.jpeg,122,0.23828125,512
2024_3c_25_6_8_frame_15.jpeg,124,0.2421875,512
2024_3c_25_6_8_frame_16.jpeg,110,0.21484375,512
2024_3c_25_6_8_frame_17.jpeg,126,0.24609375,512
2024_3c_25_6_8_frame_18.jpeg,117,0.228515625,512
2024_3c_25_6_8_frame_19.jpeg,110,0.21484375,512
2024_3c_25_6_8_frame_2.jpeg,124,0.2421875,512
2024_3c_25_6_8_frame_20.jpeg,122,0.23828125,512
2024_3c_25_6_8_frame_21.jpeg,116,0.2265625,512
2024_3c_25_6_8_frame_22.jpeg,123,0.240234375,512
2024_3c_25_6_8_frame_23.jpeg,109,0.212890625,512
2024_3c_25_6_8_frame_24.jpeg,119,0.232421875,512
2024_3c_25_6_8_frame_25.jpeg,122,0.23828125,512
2024_3c_25_6_8_frame_26.jpeg,104,0.203125,512
2024_3c_25_6_8_frame_27.jpeg,126,0.24609375,512
2024_3c_25_6_8_frame_28.jpeg,116,0.2265625,512
2024_3c_25_6_8_frame_29.jpeg,109,0.212890625,512
2024_3c_25_6_8_frame_3.jpeg,119,0.232421875,512
2024_3c_25_6_8_frame_30.jpeg,121,0.236328125,512
2024_3c_25_6_8_frame_31.jpeg,112,0.21875,512
2024_3c_25_6_8_frame_32.jpeg,123,0.240234375,512
2024_3c_25_6_8_frame_33.jpeg,109,0.212890625,512
2024_3c_25_6_8_frame_34.jpeg,119,0.232421875,512
2024_3c_25_6_8_frame_35.jpeg,122,0.23828125,512
2024_3c_25_6_8_frame_36.jpeg,106,0.20703125,512
2024_3c_25_6_8_frame_37.jpeg,125,0.244140625,512
2024_3c_25_6_8_frame_38.jpeg,116,0.2265625,512
2024_3c_25_6_8_frame_39.jpeg,110,0.21484375,512
2024_3c_25_6_8_frame_4.jpeg,119,0.232421875,512
2024_3c_25_6_8_frame_40.jpeg,121,0.236328125,512
2024_3c_25_6_8_frame_41.jpeg,112,0.21875,512
2024_3c_25_6_8_frame_42.jpeg,124,0.2421875,512
2024_3c_25_6_8_frame_43.jpeg,110,0.21484375,512
2024_3c_25_6_8_frame_44.jpeg,119,0.232421875,512
2024_3c_25_6_8_frame_45.jpeg,122,0.23828125,512
2024_3c_25_6_8_frame_46.jpeg,106,0.20703125,512
2024_3c_25_6_8_frame_47.jpeg,125,0.244140625,512
2024_3c_25_6_8_frame_48.jpeg,118,0.23046875,512
2024_3c_25_6_8_frame_49.jpeg,110,0.21484375,512
2024_3c_25_6_8_frame_5.jpeg,126,0.24609375,512
2024_3c_25_6_8_frame_50.jpeg,120,0.234375,512
2024_3c_25_6_8_frame_6.jpeg,120,0.234375,512
2024_3c_25_6_8_frame_7.jpeg,126,0.24609375,512
2024_3c_25_6_8_frame_8.jpeg,119,0.232421875,512
2024_3c_25_6_8_frame_9.jpeg,118,0.23046875,512
2024_3c_25_6_9_frame_1.jpeg,126,0.24609375,512
2024_3c_25_6_9_frame_10.jpeg,120,0.234375,512
2024_3c_25_6_9_frame_11.jpeg,126,0.24609375,512
2024_3c_25_6_9_frame_12.jpeg,124,0.2421875,512
2024_3c_25_6_9_frame_13.jpeg,120,0.234375,512
2024_3c_25_6_9_frame_14.jpeg,126,0.24609375,512
2024_3c_25_6_9_frame_15.jpeg,118,0.23046875,512
2024_3c_25_6_9_frame_16.jpeg,123,0.240234375,512
2024_3c_25_6_9_frame_17.jpeg,122,0.23828125,512
2024_3c_25_6_9_frame_18.jpeg,122,0.23828125,512
2024_3c_25_6_9_frame_19.jpeg,126,0.24609375,512
2024_3c_25_6_9_frame_2.jpeg,122,0.23828125,512
2024_3c_25_6_9_frame_20.jpeg,114,0.22265625,512
2024_3c_25_6_9_frame_21.jpeg,126,0.24609375,512
2024_3c_25_6_9_frame_22.jpeg,122,0.23828125,512
2024_3c_25_6_9_frame_23.jpeg,110,0.21484375,512
2024_3c_25_6_9_frame_24.jpeg,126,0.24609375,512
2024_3c_25_6_9_frame_25.jpeg,114,0.22265625,512
2024_3c_25_6_9_frame_26.jpeg,122,0.23828125,512
2024_3c_25_6_9_frame_27.jpeg,118,0.23046875,512
2024_3c_25_6_9_frame_28.jpeg,118,0.23046875,512
2024_3c_25_6_9_frame_29.jpeg,126,0.24609375,512
2024_3c_25_6_9_frame_3.jpeg,120,0.234375,512
2024_3c_25_6_9_frame_30.jpeg,110,0.21484375,512
2024_3c_25_6_9_frame_31.jpeg,126,0.24609375,512
2024_3c_25_6_9_frame_32.jpeg,122,0.23828125,512
2024_3c_25_6_9_frame_33.jpeg,110,0.21484375,512
2024_3c_25_6_9_frame_34.jpeg,126,0.24609375,512
2024_3c_25_6_9_frame_35.jpeg,110,0.21484375,512
2024_3c_25_6_9_frame_36.jpeg,122,0.23828125,512
2024_3c_25_6_9_frame_37.jpeg,118,0.23046875,512
2024_3c_25_6_9_frame_38.jpeg,118,0.23046875,512
2024_3c_25_6_9_frame_39.jpeg,126,0.24609375,512
2024_3c_25_6_9_frame_4.jpeg,126,0.24609375,512
2024_3c_25_6_9_frame_40.jpeg,113,0.220703125,512
2024_3c_25_6_9_frame_41.jpeg,126,0.24609375,512
2024_3c_25_6_9_frame_42.jpeg,122,0.23828125,512
2024_3c_25_6_9_frame_43.jpeg,113,0.220703125,512
2024_3c_25_6_9_frame_44.jpeg,126,0.24609375,512
2024_3c_25_6_9_frame_45.jpeg,109,0.212890625,512
2024_3c_25_6_9_frame_46.jpeg,122,0.23828125,512
2024_3c_25_6_9_frame_47.jpeg,119,0.232421875,512
2024_3c_25_6_9_frame_48.jpeg,119,0.232421875,512
2024_3c_25_6_9_frame_49.jpeg,126,0.24609375,512
2024_3c_25_6_9_frame_5.jpeg,126,0.24609375,512
2024_3c_25_6_9_frame_50.jpeg,114,0.22265625,512
2024_3c_25_6_9_frame_6.jpeg,124,0.2421875,512
2024_3c_25_6_9_frame_7.jpeg,122,0.23828125,512
2024_3c_25_6_9_frame_8.jpeg,124,0.2421875,512
2024_3c_25_6_9_frame_9.jpeg,127,0.248046875,512
2024_3c_25_7_1_frame_1.jpeg,136,0.265625,512
2024_3c_25_7_1_frame_10.jpeg,136,0.265625,512
2024_3c_25_7_1_frame_11.jpeg,136,0.265625,512
2024_3c_25_7_1_frame_12.jpeg,137,0.267578125,512
2024_3c_25_7_1_frame_13.jpeg,127,0.248046875,512
2024_3c_25_7_1_frame_14.jpeg,137,0.267578125,512
2024_3c_25_7_1_frame_15.jpeg,141,0.275390625,512
2024_3c_25_7_1_frame_16.jpeg,122,0.23828125,512
2024_3c_25_7_1_frame_17.jpeg,139,0.271484375,512
2024_3c_25_7_1_frame_18.jpeg,137,0.267578125,512
2024_3c_25_7_1_frame_19.jpeg,117,0.228515625,512
2024_3c_25_7_1_frame_2.jpeg,137,0.267578125,512
2024_3c_25_7_1_frame_20.jpeg,137,0.267578125,512
2024_3c_25_7_1_frame_21.jpeg,136,0.265625,512
2024_3c_25_7_1_frame_22.jpeg,132,0.2578125,512
2024_3c_25_7_1_frame_23.jpeg,121,0.236328125,512
2024_3c_25_7_1_frame_24.jpeg,136,0.265625,512
2024_3c_25_7_1_frame_25.jpeg,140,0.2734375,512
2024_3c_25_7_1_frame_26.jpeg,112,0.21875,512
2024_3c_25_7_1_frame_27.jpeg,139,0.271484375,512
2024_3c_25_7_1_frame_28.jpeg,137,0.267578125,512
2024_3c_25_7_1_frame_29.jpeg,114,0.22265625,512
2024_3c_25_7_1_frame_3.jpeg,130,0.25390625,512
2024_3c_25_7_1_frame_30.jpeg,133,0.259765625,512
2024_3c_25_7_1_frame_31.jpeg,134,0.26171875,512
2024_3c_25_7_1_frame_32.jpeg,134,0.26171875,512
2024_3c_25_7_1_frame_33.jpeg,122,0.23828125,512
2024_3c_25_7_1_frame_34.jpeg,136,0.265625,512
2024_3c_25_7_1_frame_35.jpeg,140,0.2734375,512
2024_3c_25_7_1_frame_36.jpeg,110,0.21484375,512
2024_3c_25_7_1_frame_37.jpeg,139,0.271484375,512
2024_3c_25_7_1_frame_38.jpeg,137,0.267578125,512
2024_3c_25_7_1_frame_39.jpeg,117,0.228515625,512
2024_3c_25_7_1_frame_4.jpeg,137,0.267578125,512
2024_3c_25_7_1_frame_40.jpeg,133,0.259765625,512
2024_3c_25_7_1_frame_41.jpeg,134,0.26171875,512
2024_3c_25_7_1_frame_42.jpeg,133,0.259765625,512
2024_3c_25_7_1_frame_43.jpeg,122,0.23828125,512
2024_3c_25_7_1_frame_44.jpeg,136,0.265625,512
2024_3c_25_7_1_frame_45.jpeg,140,0.2734375,512
2024_3c_25_7_1_frame_46.jpeg,110,0.21484375,512
2024_3c_25_7_1_frame_47.jpeg,138,0.26953125,512
2024_3c_25_7_1_frame_48.jpeg,137,0.267578125,512
2024_3c_25_7_1_frame_49.jpeg,116,0.2265625,512
2024_3c_25_7_1_frame_5.jpeg,140,0.2734375,512
2024_3c_25_7_1_frame_50.jpeg,132,0.2578125,512
2024_3c_25_7_1_frame_6.jpeg,127,0.248046875,512
2024_3c_25_7_1_frame_7.jpeg,139,0.271484375,512
2024_3c_25_7_1_frame_8.jpeg,136,0.265625,512
2024_3c_25_7_1_frame_9.jpeg,126,0.24609375,512
2024_3c_25_7_2_frame_1.jpeg,113,0.220703125,512
2024_3c_25_7_2_frame_10.jpeg,101,0.197265625,512
2024_3c_25_7_2_frame_11.jpeg,113,0.220703125,512
2024_3c_25_7_2_frame_12.jpeg,112,0.21875,512
2024_3c_25_7_2_frame_13.jpeg,94,0.18359375,512
2024_3c_25_7_2_frame_14.jpeg,115,0.224609375,512
2024_3c_25_7_2_frame_15.jpeg,106,0.20703125,512
2024_3c_25_7_2_frame_16.jpeg,104,0.203125,512
2024_3c_25_7_2_frame_17.jpeg,106,0.20703125,512
2024_3c_25_7_2_frame_18.jpeg,109,0.212890625,512
2024_3c_25_7_2_frame_19.jpeg,116,0.2265625,512
2024_3c_25_7_2_frame_2.jpeg,110,0.21484375,512
2024_3c_25_7_2_frame_20.jpeg,91,0.177734375,512
2024_3c_25_7_2_frame_21.jpeg,113,0.220703125,512
2024_3c_25_7_2_frame_22.jpeg,112,0.21875,512
2024_3c_25_7_2_frame_23.jpeg,91,0.177734375,512
2024_3c_25_7_2_frame_24.jpeg,114,0.22265625,512
2024_3c_25_7_2_frame_25.jpeg,101,0.197265625,512
2024_3c_25_7_2_frame_26.jpeg,101,0.197265625,512
2024_3c_25_7_2_frame_27.jpeg,105,0.205078125,512
2024_3c_25_7_2_frame_28.jpeg,105,0.205078125,512
2024_3c_25_7_2_frame_29.jpeg,116,0.2265625,512
2024_3c_25_7_2_frame_3.jpeg,99,0.193359375,512
2024_3c_25_7_2_frame_30.jpeg,91,0.177734375,512
2024_3c_25_7_2_frame_31.jpeg,112,0.21875,512
2024_3c_25_7_2_frame_32.jpeg,110,0.21484375,512
2024_3c_25_7_2_frame_33.jpeg,92,0.1796875,512
2024_3c_25_7_2_frame_34.jpeg,115,0.224609375,512
2024_3c_25_7_2_frame_35.jpeg,97,0.189453125,512
2024_3c_25_7_2_frame_36.jpeg,106,0.20703125,512
2024_3c_25_7_2_frame_37.jpeg,106,0.20703125,512
2024_3c_25_7_2_frame_38.jpeg,105,0.205078125,512
2024_3c_25_7_2_frame_39.jpeg,116,0.2265625,512
2024_3c_25_7_2_frame_4.jpeg,114,0.22265625,512
2024_3c_25_7_2_frame_40.jpeg,92,0.1796875,512
2024_3c_25_7_2_frame_41.jpeg,112,0.21875,512
2024_3c_25_7_2_frame_42.jpeg,112,0.21875,512
2024_3c_25_7_2_frame_43.jpeg,92,0.1796875,512
2024_3c_25_7_2_frame_44.jpeg,113,0.220703125,512
2024_3c_25_7_2_frame_45.jpeg,103,0.201171875,512
2024_3c_25_7_2_frame_46.jpeg,105,0.205078125,512
2024_3c_25_7_2_frame_47.jpeg,106,0.20703125,512
2024_3c_25_7_2_frame_48.jpeg,105,0.205078125,512
2024_3c_25_7_2_frame_49.jpeg,116,0.2265625,512
2024_3c_25_7_2_frame_5.jpeg,109,0.212890625,512
2024_3c_25_7_2_frame_50.jpeg,91,0.177734375,512
2024_3c_25_7_2_frame_6.jpeg,106,0.20703125,512
2024_3c_25_7_2_frame_7.jpeg,108,0.2109375,512
2024_3c_25_7_2_frame_8.jpeg,109,0.212890625,512
2024_3c_25_7_2_frame_9.jpeg,116,0.2265625,512
2024_3c_25_7_3_frame_1.jpeg,124,0.2421875,512
2024_3c_25_7_3_frame_10.jpeg,116,0.2265625,512
2024_3c_25_7_3_frame_11.jpeg,124,0.2421875,512
2024_3c_25_7_3_frame_12.jpeg,119,0.232421875,512
2024_3c_25_7_3_frame_13.jpeg,113,0.220703125,512
2024_3c_25_7_3_frame_14.jpeg,125,0.244140625,512
2024_3c_25_7_3_frame_15.jpeg,116,0.2265625,512
2024_3c_25_7_3_frame_16.jpeg,118,0.23046875,512
2024_3c_25_7_3_frame_17.jpeg,118,0.23046875,512
2024_3c_25_7_3_frame_18.jpeg,116,0.2265625,512
2024_3c_25_7_3_frame_19.jpeg,124,0.2421875,512
2024_3c_25_7_3_frame_2.jpeg,119,0.232421875,512
2024_3c_25_7_3_frame_20.jpeg,110,0.21484375,512
2024_3c_25_7_3_frame_21.jpeg,122,0.23828125,512
2024_3c_25_7_3_frame_22.jpeg,119,0.232421875,512
2024_3c_25_7_3_frame_23.jpeg,101,0.197265625,512
2024_3c_25_7_3_frame_24.jpeg,124,0.2421875,512
2024_3c_25_7_3_frame_25.jpeg,110,0.21484375,512
2024_3c_25_7_3_frame_26.jpeg,109,0.212890625,512
2024_3c_25_7_3_frame_27.jpeg,113,0.220703125,512
2024_3c_25_7_3_frame_28.jpeg,116,0.2265625,512
2024_3c_25_7_3_frame_29.jpeg,124,0.2421875,512
2024_3c_25_7_3_frame_3.jpeg,112,0.21875,512
2024_3c_25_7_3_frame_30.jpeg,101,0.197265625,512
2024_3c_25_7_3_frame_31.jpeg,119,0.232421875,512
2024_3c_25_7_3_frame_32.jpeg,119,0.232421875,512
2024_3c_25_7_3_frame_33.jpeg,103,0.201171875,512
2024_3c_25_7_3_frame_34.jpeg,125,0.244140625,512
2024_3c_25_7_3_frame_35.jpeg,110,0.21484375,512
2024_3c_25_7_3_frame_36.jpeg,113,0.220703125,512
2024_3c_25_7_3_frame_37.jpeg,118,0.23046875,512
2024_3c_25_7_3_frame_38.jpeg,112,0.21875,512
2024_3c_25_7_3_frame_39.jpeg,124,0.2421875,512
2024_3c_25_7_3_frame_4.jpeg,124,0.2421875,512
2024_3c_25_7_3_frame_40.jpeg,105,0.205078125,512
2024_3c_25_7_3_frame_41.jpeg,119,0.232421875,512
2024_3c_25_7_3_frame_42.jpeg,119,0.232421875,512
2024_3c_25_7_3_frame_43.jpeg,101,0.197265625,512
2024_3c_25_7_3_frame_44.jpeg,124,0.2421875,512
2024_3c_25_7_3_frame_45.jpeg,114,0.22265625,512
2024_3c_25_7_3_frame_46.jpeg,114,0.22265625,512
2024_3c_25_7_3_frame_47.jpeg,117,0.228515625,512
2024_3c_25_7_3_frame_48.jpeg,112,0.21875,512
2024_3c_25_7_3_frame_49.jpeg,124,0.2421875,512
2024_3c_25_7_3_frame_5.jpeg,119,0.232421875,512
2024_3c_25_7_3_frame_50.jpeg,104,0.203125,512
2024_3c_25_7_3_frame_6.jpeg,122,0.23828125,512
2024_3c_25_7_3_frame_7.jpeg,121,0.236328125,512
2024_3c_25_7_3_frame_8.jpeg,119,0.232421875,512
2024_3c_25_7_3_frame_9.jpeg,124,0.2421875,512
2024_3c_25_7_4_frame_1.jpeg,117,0.228515625,512
2024_3c_25_7_4_frame_10.jpeg,122,0.23828125,512
2024_3c_25_7_4_frame_11.jpeg,119,0.232421875,512
2024_3c_25_7_4_frame_12.jpeg,122,0.23828125,512
2024_3c_25_7_4_frame_13.jpeg,118,0.23046875,512
2024_3c_25_7_4_frame_14.jpeg,120,0.234375,512
2024_3c_25_7_4_frame_15.jpeg,126,0.24609375,512
2024_3c_25_7_4_frame_16.jpeg,110,0.21484375,512
2024_3c_25_7_4_frame_17.jpeg,125,0.244140625,512
2024_3c_25_7_4_frame_18.jpeg,120,0.234375,512
2024_3c_25_7_4_frame_19.jpeg,110,0.21484375,512
2024_3c_25_7_4_frame_2.jpeg,123,0.240234375,512
2024_3c_25_7_4_frame_20.jpeg,121,0.236328125,512
2024_3c_25_7_4_frame_21.jpeg,116,0.2265625,512
2024_3c_25_7_4_frame_22.jpeg,121,0.236328125,512
2024_3c_25_7_4_frame_23.jpeg,109,0.212890625,512
2024_3c_25_7_4_frame_24.jpeg,119,0.232421875,512
2024_3c_25_7_4_frame_25.jpeg,123,0.240234375,512
2024_3c_25_7_4_frame_26.jpeg,104,0.203125,512
2024_3c_25_7_4_frame_27.jpeg,124,0.2421875,512
2024_3c_25_7_4_frame_28.jpeg,116,0.2265625,512
2024_3c_25_7_4_frame_29.jpeg,101,0.197265625,512
2024_3c_25_7_4_frame_3.jpeg,120,0.234375,512
2024_3c_25_7_4_frame_30.jpeg,122,0.23828125,512
2024_3c_25_7_4_frame_31.jpeg,113,0.220703125,512
2024_3c_25_7_4_frame_32.jpeg,121,0.236328125,512
2024_3c_25_7_4_frame_33.jpeg,110,0.21484375,512
2024_3c_25_7_4_frame_34.jpeg,119,0.232421875,512
2024_3c_25_7_4_frame_35.jpeg,122,0.23828125,512
2024_3c_25_7_4_frame_36.jpeg,104,0.203125,512
2024_3c_25_7_4_frame_37.jpeg,124,0.2421875,512
2024_3c_25_7_4_frame_38.jpeg,120,0.234375,512
2024_3c_25_7_4_frame_39.jpeg,109,0.212890625,512
2024_3c_25_7_4_frame_4.jpeg,120,0.234375,512
2024_3c_25_7_4_frame_40.jpeg,121,0.236328125,512
2024_3c_25_7_4_frame_41.jpeg,109,0.212890625,512
2024_3c_25_7_4_frame_42.jpeg,121,0.236328125,512
2024_3c_25_7_4_frame_43.jpeg,109,0.212890625,512
2024_3c_25_7_4_frame_44.jpeg,117,0.228515625,512
2024_3c_25_7_4_frame_45.jpeg,119,0.232421875,512
2024_3c_25_7_4_frame_46.jpeg,103,0.201171875,512
2024_3c_25_7_4_frame_47.jpeg,124,0.2421875,512
2024_3c_25_7_4_frame_48.jpeg,119,0.232421875,512
2024_3c_25_7_4_frame_49.jpeg,109,0.212890625,512
2024_3c_25_7_4_frame_5.jpeg,126,0.24609375,512
2024_3c_25_7_4_frame_50.jpeg,121,0.236328125,512
2024_3c_25_7_4_frame_6.jpeg,121,0.236328125,512
2024_3c_25_7_4_frame_7.jpeg,126,0.24609375,512
2024_3c_25_7_4_frame_8.jpeg,120,0.234375,512
2024_3c_25_7_4_frame_9.jpeg,116,0.2265625,512
2024_3c_25_7_5_frame_1.jpeg,117,0.228515625,512
2024_3c_25_7_5_frame_10.jpeg,124,0.2421875,512
2024_3c_25_7_5_frame_11.jpeg,119,0.232421875,512
2024_3c_25_7_5_frame_12.jpeg,122,0.23828125,512
2024_3c_25_7_5_frame_13.jpeg,120,0.234375,512
2024_3c_25_7_5_frame_14.jpeg,126,0.24609375,512
2024_3c_25_7_5_frame_15.jpeg,126,0.24609375,512
2024_3c_25_7_5_frame_16.jpeg,113,0.220703125,512
2024_3c_25_7_5_frame_17.jpeg,126,0.24609375,512
2024_3c_25_7_5_frame_18.jpeg,121,0.236328125,512
2024_3c_25_7_5_frame_19.jpeg,113,0.220703125,512
2024_3c_25_7_5_frame_2.jpeg,124,0.2421875,512
2024_3c_25_7_5_frame_20.jpeg,123,0.240234375,512
2024_3c_25_7_5_frame_21.jpeg,118,0.23046875,512
2024_3c_25_7_5_frame_22.jpeg,123,0.240234375,512
2024_3c_25_7_5_frame_23.jpeg,110,0.21484375,512
2024_3c_25_7_5_frame_24.jpeg,120,0.234375,512
2024_3c_25_7_5_frame_25.jpeg,126,0.24609375,512
2024_3c_25_7_5_frame_26.jpeg,105,0.205078125,512
2024_3c_25_7_5_frame_27.jpeg,126,0.24609375,512
2024_3c_25_7_5_frame_28.jpeg,119,0.232421875,512
2024_3c_25_7_5_frame_29.jpeg,109,0.212890625,512
2024_3c_25_7_5_frame_3.jpeg,121,0.236328125,512
2024_3c_25_7_5_frame_30.jpeg,122,0.23828125,512
2024_3c_25_7_5_frame_31.jpeg,116,0.2265625,512
2024_3c_25_7_5_frame_32.jpeg,122,0.23828125,512
2024_3c_25_7_5_frame_33.jpeg,110,0.21484375,512
2024_3c_25_7_5_frame_34.jpeg,120,0.234375,512
2024_3c_25_7_5_frame_35.jpeg,126,0.24609375,512
2024_3c_25_7_5_frame_36.jpeg,109,0.212890625,512
2024_3c_25_7_5_frame_37.jpeg,126,0.24609375,512
2024_3c_25_7_5_frame_38.jpeg,124,0.2421875,512
2024_3c_25_7_5_frame_39.jpeg,113,0.220703125,512
2024_3c_25_7_5_frame_4.jpeg,119,0.232421875,512
2024_3c_25_7_5_frame_40.jpeg,122,0.23828125,512
2024_3c_25_7_5_frame_41.jpeg,112,0.21875,512
2024_3c_25_7_5_frame_42.jpeg,122,0.23828125,512
2024_3c_25_7_5_frame_43.jpeg,114,0.22265625,512
2024_3c_25_7_5_frame_44.jpeg,120,0.234375,512
2024_3c_25_7_5_frame_45.jpeg,124,0.2421875,512
2024_3c_25_7_5_frame_46.jpeg,109,0.212890625,512
2024_3c_25_7_5_frame_47.jpeg,126,0.24609375,512
2024_3c_25_7_5_frame_48.jpeg,122,0.23828125,512
2024_3c_25_7_5_frame_49.jpeg,110,0.21484375,512
2024_3c_25_7_5_frame_5.jpeg,126,0.24609375,512
2024_3c_25_7_5_frame_50.jpeg,122,0.23828125,512
2024_3c_25_7_5_frame_6.jpeg,121,0.236328125,512
2024_3c_25_7_5_frame_7.jpeg,126,0.24609375,512
2024_3c_25_7_5_frame_8.jpeg,124,0.2421875,512
2024_3c_25_7_5_frame_9.jpeg,118,0.23046875,512
2024_3c_25_7_6_frame_1.jpeg,116,0.2265625,512
2024_3c_25_7_6_frame_10.jpeg,125,0.244140625,512
2024_3c_25_7_6_frame_11.jpeg,117,0.228515625,512
2024_3c_25_7_6_frame_12.jpeg,122,0.23828125,512
2024_3c_25_7_6_frame_13.jpeg,121,0.236328125,512
2024_3c_25_7_6_frame_14.jpeg,124,0.2421875,512
2024_3c_25_7_6_frame_15.jpeg,126,0.24609375,512
2024_3c_25_7_6_frame_16.jpeg,110,0.21484375,512
2024_3c_25_7_6_frame_17.jpeg,126,0.24609375,512
2024_3c_25_7_6_frame_18.jpeg,119,0.232421875,512
2024_3c_25_7_6_frame_19.jpeg,112,0.21875,512
2024_3c_25_7_6_frame_2.jpeg,124,0.2421875,512
2024_3c_25_7_6_frame_20.jpeg,122,0.23828125,512
2024_3c_25_7_6_frame_21.jpeg,116,0.2265625,512
2024_3c_25_7_6_frame_22.jpeg,122,0.23828125,512
2024_3c_25_7_6_frame_23.jpeg,109,0.212890625,512
2024_3c_25_7_6_frame_24.jpeg,119,0.232421875,512
2024_3c_25_7_6_frame_25.jpeg,126,0.24609375,512
2024_3c_25_7_6_frame_26.jpeg,105,0.205078125,512
2024_3c_25_7_6_frame_27.jpeg,126,0.24609375,512
2024_3c_25_7_6_frame_28.jpeg,116,0.2265625,512
2024_3c_25_7_6_frame_29.jpeg,109,0.212890625,512
2024_3c_25_7_6_frame_3.jpeg,121,0.236328125,512
2024_3c_25_7_6_frame_30.jpeg,122,0.23828125,512
2024_3c_25_7_6_frame_31.jpeg,112,0.21875,512
2024_3c_25_7_6_frame_32.jpeg,122,0.23828125,512
2024_3c_25_7_6_frame_33.jpeg,110,0.21484375,512
2024_3c_25_7_6_frame_34.jpeg,120,0.234375,512
2024_3c_25_7_6_frame_35.jpeg,126,0.24609375,512
2024_3c_25_7_6_frame_36.jpeg,109,0.212890625,512
2024_3c_25_7_6_frame_37.jpeg,126,0.24609375,512
2024_3c_25_7_6_frame_38.jpeg,119,0.232421875,512
2024_3c_25_7_6_frame_39.jpeg,110,0.21484375,512
2024_3c_25_7_6_frame_4.jpeg,120,0.234375,512
2024_3c_25_7_6_frame_40.jpeg,122,0.23828125,512
2024_3c_25_7_6_frame_41.jpeg,109,0.212890625,512
2024_3c_25_7_6_frame_42.jpeg,122,0.23828125,512
2024_3c_25_7_6_frame_43.jpeg,114,0.22265625,512
2024_3c_25_7_6_frame_44.jpeg,119,0.232421875,512
2024_3c_25_7_6_frame_45.jpeg,122,0.23828125,512
2024_3c_25_7_6_frame_46.jpeg,109,0.212890625,512
2024_3c_25_7_6_frame_47.jpeg,124,0.2421875,512
2024_3c_25_7_6_frame_48.jpeg,119,0.232421875,512
2024_3c_25_7_6_frame_49.jpeg,110,0.21484375,512
2024_3c_25_7_6_frame_5.jpeg,126,0.24609375,512
2024_3c_25_7_6_frame_50.jpeg,122,0.23828125,512
2024_3c_25_7_6_frame_6.jpeg,120,0.234375,512
2024_3c_25_7_6_frame_7.jpeg,126,0.24609375,512
2024_3c_25_7_6_frame_8.jpeg,119,0.232421875,512
2024_3c_25_7_6_frame_9.jpeg,119,0.232421875,512
2024_3c_25_7_7_frame_1.jpeg,126,0.24609375,512
2024_3c_25_7_7_frame_10.jpeg,122,0.23828125,512
2024_3c_25_7_7_frame_11.jpeg,126,0.24609375,512
2024_3c_25_7_7_frame_12.jpeg,126,0.24609375,512
2024_3c_25_7_7_frame_13.jpeg,120,0.234375,512
2024_3c_25_7_7_frame_14.jpeg,128,0.25,512
2024_3c_25_7_7_frame_15.jpeg,118,0.23046875,512
2024_3c_25_7_7_frame_16.jpeg,123,0.240234375,512
2024_3c_25_7_7_frame_17.jpeg,123,0.240234375,512
2024_3c_25_7_7_frame_18.jpeg,120,0.234375,512
2024_3c_25_7_7_frame_19.jpeg,127,0.248046875,512
2024_3c_25_7_7_frame_2.jpeg,124,0.2421875,512
2024_3c_25_7_7_frame_20.jpeg,116,0.2265625,512
2024_3c_25_7_7_frame_21.jpeg,126,0.24609375,512
2024_3c_25_7_7_frame_22.jpeg,124,0.2421875,512
2024_3c_25_7_7_frame_23.jpeg,110,0.21484375,512
2024_3c_25_7_7_frame_24.jpeg,128,0.25,512
2024_3c_25_7_7_frame_25.jpeg,117,0.228515625,512
2024_3c_25_7_7_frame_26.jpeg,120,0.234375,512
2024_3c_25_7_7_frame_27.jpeg,122,0.23828125,512
2024_3c_25_7_7_frame_28.jpeg,116,0.2265625,512
2024_3c_25_7_7_frame_29.jpeg,127,0.248046875,512
2024_3c_25_7_7_frame_3.jpeg,121,0.236328125,512
2024_3c_25_7_7_frame_30.jpeg,112,0.21875,512
2024_3c_25_7_7_frame_31.jpeg,124,0.2421875,512
2024_3c_25_7_7_frame_32.jpeg,124,0.2421875,512
2024_3c_25_7_7_frame_33.jpeg,110,0.21484375,512
2024_3c_25_7_7_frame_34.jpeg,128,0.25,512
2024_3c_25_7_7_frame_35.jpeg,113,0.220703125,512
2024_3c_25_7_7_frame_36.jpeg,120,0.234375,512
2024_3c_25_7_7_frame_37.jpeg,122,0.23828125,512
2024_3c_25_7_7_frame_38.jpeg,116,0.2265625,512
2024_3c_25_7_7_frame_39.jpeg,126,0.24609375,512
2024_3c_25_7_7_frame_4.jpeg,127,0.248046875,512
2024_3c_25_7_7_frame_40.jpeg,113,0.220703125,512
2024_3c_25_7_7_frame_41.jpeg,124,0.2421875,512
2024_3c_25_7_7_frame_42.jpeg,124,0.2421875,512
2024_3c_25_7_7_frame_43.jpeg,109,0.212890625,512
2024_3c_25_7_7_frame_44.jpeg,127,0.248046875,512
2024_3c_25_7_7_frame_45.jpeg,116,0.2265625,512
2024_3c_25_7_7_frame_46.jpeg,121,0.236328125,512
2024_3c_25_7_7_frame_47.jpeg,122,0.23828125,512
2024_3c_25_7_7_frame_48.jpeg,116,0.2265625,512
2024_3c_25_7_7_frame_49.jpeg,127,0.248046875,512
2024_3c_25_7_7_frame_5.jpeg,121,0.236328125,512
2024_3c_25_7_7_frame_50.jpeg,113,0.220703125,512
2024_3c_25_7_7_frame_6.jpeg,123,0.240234375,512
2024_3c_25_7_7_frame_7.jpeg,125,0.244140625,512
2024_3c_25_7_7_frame_8.jpeg,119,0.232421875,512
2024_3c_25_7_7_frame_9.jpeg,127,0.248046875,512
2024_3c_25_7_8_frame_1.jpeg,126,0.24609375,512
2024_3c_25_7_8_frame_10.jpeg,120,0.234375,512
2024_3c_25_7_8_frame_11.jpeg,126,0.24609375,512
2024_3c_25_7_8_frame_12.jpeg,124,0.2421875,512
2024_3c_25_7_8_frame_13.jpeg,114,0.22265625,512
2024_3c_25_7_8_frame_14.jpeg,124,0.2421875,512
2024_3c_25_7_8_frame_15.jpeg,119,0.232421875,512
2024_3c_25_7_8_frame_16.jpeg,119,0.232421875,512
2024_3c_25_7_8_frame_17.jpeg,121,0.236328125,512
2024_3c_25_7_8_frame_18.jpeg,119,0.232421875,512
2024_3c_25_7_8_frame_19.jpeg,125,0.244140625,512
2024_3c_25_7_8_frame_2.jpeg,122,0.23828125,512
2024_3c_25_7_8_frame_20.jpeg,112,0.21875,512
2024_3c_25_7_8_frame_21.jpeg,124,0.2421875,512
2024_3c_25_7_8_frame_22.jpeg,122,0.23828125,512
2024_3c_25_7_8_frame_23.jpeg,109,0.212890625,512
2024_3c_25_7_8_frame_24.jpeg,126,0.24609375,512
2024_3c_25_7_8_frame_25.jpeg,116,0.2265625,512
2024_3c_25_7_8_frame_26.jpeg,114,0.22265625,512
2024_3c_25_7_8_frame_27.jpeg,121,0.236328125,512
2024_3c_25_7_8_frame_28.jpeg,116,0.2265625,512
2024_3c_25_7_8_frame_29.jpeg,124,0.2421875,512
2024_3c_25_7_8_frame_3.jpeg,117,0.228515625,512
2024_3c_25_7_8_frame_30.jpeg,109,0.212890625,512
2024_3c_25_7_8_frame_31.jpeg,122,0.23828125,512
2024_3c_25_7_8_frame_32.jpeg,122,0.23828125,512
2024_3c_25_7_8_frame_33.jpeg,109,0.212890625,512
2024_3c_25_7_8_frame_34.jpeg,124,0.2421875,512
2024_3c_25_7_8_frame_35.jpeg,113,0.220703125,512
2024_3c_25_7_8_frame_36.jpeg,114,0.22265625,512
2024_3c_25_7_8_frame_37.jpeg,121,0.236328125,512
2024_3c_25_7_8_frame_38.jpeg,116,0.2265625,512
2024_3c_25_7_8_frame_39.jpeg,124,0.2421875,512
2024_3c_25_7_8_frame_4.jpeg,126,0.24609375,512
2024_3c_25_7_8_frame_40.jpeg,109,0.212890625,512
2024_3c_25_7_8_frame_41.jpeg,122,0.23828125,512
2024_3c_25_7_8_frame_42.jpeg,122,0.23828125,512
2024_3c_25_7_8_frame_43.jpeg,109,0.212890625,512
2024_3c_25_7_8_frame_44.jpeg,124,0.2421875,512
2024_3c_25_7_8_frame_45.jpeg,114,0.22265625,512
2024_3c_25_7_8_frame_46.jpeg,114,0.22265625,512
2024_3c_25_7_8_frame_47.jpeg,121,0.236328125,512
2024_3c_25_7_8_frame_48.jpeg,116,0.2265625,512
2024_3c_25_7_8_frame_49.jpeg,124,0.2421875,512
2024_3c_25_7_8_frame_5.jpeg,123,0.240234375,512
2024_3c_25_7_8_frame_50.jpeg,109,0.212890625,512
2024_3c_25_7_8_frame_6.jpeg,122,0.23828125,512
2024_3c_25_7_8_frame_7.jpeg,122,0.23828125,512
2024_3c_25_7_8_frame_8.jpeg,123,0.240234375,512
2024_3c_25_7_8_frame_9.jpeg,126,0.24609375,512
2024_3c_25_7_9_frame_1.jpeg,123,0.240234375,512
2024_3c_25_7_9_frame_10.jpeg,127,0.248046875,512
2024_3c_25_7_9_frame_11.jpeg,124,0.2421875,512
2024_3c_25_7_9_frame_12.jpeg,127,0.248046875,512
2024_3c_25_7_9_frame_13.jpeg,121,0.236328125,512
2024_3c_25_7_9_frame_14.jpeg,126,0.24609375,512
2024_3c_25_7_9_frame_15.jpeg,128,0.25,512
2024_3c_25_7_9_frame_16.jpeg,116,0.2265625,512
2024_3c_25_7_9_frame_17.jpeg,129,0.251953125,512
2024_3c_25_7_9_frame_18.jpeg,126,0.24609375,512
2024_3c_25_7_9_frame_19.jpeg,118,0.23046875,512
2024_3c_25_7_9_frame_2.jpeg,126,0.24609375,512
2024_3c_25_7_9_frame_20.jpeg,126,0.24609375,512
2024_3c_25_7_9_frame_21.jpeg,122,0.23828125,512
2024_3c_25_7_9_frame_22.jpeg,126,0.24609375,512
2024_3c_25_7_9_frame_23.jpeg,118,0.23046875,512
2024_3c_25_7_9_frame_24.jpeg,126,0.24609375,512
2024_3c_25_7_9_frame_25.jpeg,128,0.25,512
2024_3c_25_7_9_frame_26.jpeg,109,0.212890625,512
2024_3c_25_7_9_frame_27.jpeg,129,0.251953125,512
2024_3c_25_7_9_frame_28.jpeg,126,0.24609375,512
2024_3c_25_7_9_frame_29.jpeg,114,0.22265625,512
2024_3c_25_7_9_frame_3.jpeg,122,0.23828125,512
2024_3c_25_7_9_frame_30.jpeg,126,0.24609375,512
2024_3c_25_7_9_frame_31.jpeg,119,0.232421875,512
2024_3c_25_7_9_frame_32.jpeg,126,0.24609375,512
2024_3c_25_7_9_frame_33.jpeg,118,0.23046875,512
2024_3c_25_7_9_frame_34.jpeg,126,0.24609375,512
2024_3c_25_7_9_frame_35.jpeg,129,0.251953125,512
2024_3c_25_7_9_frame_36.jpeg,109,0.212890625,512
2024_3c_25_7_9_frame_37.jpeg,130,0.25390625,512
2024_3c_25_7_9_frame_38.jpeg,126,0.24609375,512
2024_3c_25_7_9_frame_39.jpeg,114,0.22265625,512
2024_3c_25_7_9_frame_4.jpeg,126,0.24609375,512
2024_3c_25_7_9_frame_40.jpeg,127,0.248046875,512
2024_3c_25_7_9_frame_41.jpeg,116,0.2265625,512
2024_3c_25_7_9_frame_42.jpeg,126,0.24609375,512
2024_3c_25_7_9_frame_43.jpeg,119,0.232421875,512
2024_3c_25_7_9_frame_44.jpeg,126,0.24609375,512
2024_3c_25_7_9_frame_45.jpeg,126,0.24609375,512
2024_3c_25_7_9_frame_46.jpeg,114,0.22265625,512
2024_3c_25_7_9_frame_47.jpeg,129,0.251953125,512
2024_3c_25_7_9_frame_48.jpeg,126,0.24609375,512
2024_3c_25_7_9_frame_49.jpeg,117,0.228515625,512
2024_3c_25_7_9_frame_5.jpeg,129,0.251953125,512
2024_3c_25_7_9_frame_50.jpeg,127,0.248046875,512
2024_3c_25_7_9_frame_6.jpeg,124,0.2421875,512
2024_3c_25_7_9_frame_7.jpeg,129,0.251953125,512
2024_3c_25_7_9_frame_8.jpeg,126,0.24609375,512
2024_3c_25_7_9_frame_9.jpeg,122,0.23828125,512
2024_3c_25_8_1_frame_1.jpeg,127,0.248046875,512
2024_3c_25_8_1_frame_10.jpeg,129,0.251953125,512
2024_3c_25_8_1_frame_11.jpeg,128,0.25,512
2024_3c_25_8_1_frame_12.jpeg,110,0.21484375,512
2024_3c_25_8_1_frame_13.jpeg,130,0.25390625,512
2024_3c_25_8_1_frame_14.jpeg,129,0.251953125,512
2024_3c_25_8_1_frame_15.jpeg,116,0.2265625,512
2024_3c_25_8_1_frame_16.jpeg,124,0.2421875,512
2024_3c_25_8_1_frame_17.jpeg,126,0.24609375,512
2024_3c_25_8_1_frame_18.jpeg,127,0.248046875,512
2024_3c_25_8_1_frame_19.jpeg,110,0.21484375,512
2024_3c_25_8_1_frame_2.jpeg,110,0.21484375,512
2024_3c_25_8_1_frame_20.jpeg,129,0.251953125,512
2024_3c_25_8_1_frame_21.jpeg,128,0.25,512
2024_3c_25_8_1_frame_22.jpeg,98,0.19140625,512
2024_3c_25_8_1_frame_23.jpeg,130,0.25390625,512
2024_3c_25_8_1_frame_24.jpeg,122,0.23828125,512
2024_3c_25_8_1_frame_25.jpeg,110,0.21484375,512
2024_3c_25_8_1_frame_26.jpeg,124,0.2421875,512
2024_3c_25_8_1_frame_27.jpeg,122,0.23828125,512
2024_3c_25_8_1_frame_28.jpeg,127,0.248046875,512
2024_3c_25_8_1_frame_29.jpeg,105,0.205078125,512
2024_3c_25_8_1_frame_3.jpeg,127,0.248046875,512
2024_3c_25_8_1_frame_30.jpeg,127,0.248046875,512
2024_3c_25_8_1_frame_31.jpeg,128,0.25,512
2024_3c_25_8_1_frame_32.jpeg,98,0.19140625,512
2024_3c_25_8_1_frame_33.jpeg,130,0.25390625,512
2024_3c_25_8_1_frame_34.jpeg,122,0.23828125,512
2024_3c_25_8_1_frame_35.jpeg,110,0.21484375,512
2024_3c_25_8_1_frame_36.jpeg,124,0.2421875,512
2024_3c_25_8_1_frame_37.jpeg,122,0.23828125,512
2024_3c_25_8_1_frame_38.jpeg,128,0.25,512
2024_3c_25_8_1_frame_39.jpeg,108,0.2109375,512
2024_3c_25_8_1_frame_4.jpeg,127,0.248046875,512
2024_3c_25_8_1_frame_40.jpeg,128,0.25,512
2024_3c_25_8_1_frame_41.jpeg,128,0.25,512
2024_3c_25_8_1_frame_42.jpeg,101,0.197265625,512
2024_3c_25_8_1_frame_43.jpeg,128,0.25,512
2024_3c_25_8_1_frame_44.jpeg,124,0.2421875,512
2024_3c_25_8_1_frame_45.jpeg,110,0.21484375,512
2024_3c_25_8_1_frame_46.jpeg,123,0.240234375,512
2024_3c_25_8_1_frame_47.jpeg,122,0.23828125,512
2024_3c_25_8_1_frame_48.jpeg,127,0.248046875,512
2024_3c_25_8_1_frame_49.jpeg,108,0.2109375,512
2024_3c_25_8_1_frame_5.jpeg,121,0.236328125,512
2024_3c_25_8_1_frame_50.jpeg,127,0.248046875,512
2024_3c_25_8_1_frame_6.jpeg,126,0.24609375,512
2024_3c_25_8_1_frame_7.jpeg,126,0.24609375,512
2024_3c_25_8_1_frame_8.jpeg,128,0.25,512
2024_3c_25_8_1_frame_9.jpeg,121,0.236328125,512
2024_3c_25_8_2_frame_1.jpeg,106,0.20703125,512
2024_3c_25_8_2_frame_10.jpeg,117,0.228515625,512
2024_3c_25_8_2_frame_11.jpeg,109,0.212890625,512
2024_3c_25_8_2_frame_12.jpeg,109,0.212890625,512
2024_3c_25_8_2_frame_13.jpeg,108,0.2109375,512
2024_3c_25_8_2_frame_14.jpeg,112,0.21875,512
2024_3c_25_8_2_frame_15.jpeg,116,0.2265625,512
2024_3c_25_8_2_frame_16.jpeg,89,0.173828125,512
2024_3c_25_8_2_frame_17.jpeg,116,0.2265625,512
2024_3c_25_8_2_frame_18.jpeg,112,0.21875,512
2024_3c_25_8_2_frame_19.jpeg,90,0.17578125,512
2024_3c_25_8_2_frame_2.jpeg,110,0.21484375,512
2024_3c_25_8_2_frame_20.jpeg,117,0.228515625,512
2024_3c_25_8_2_frame_21.jpeg,105,0.205078125,512
2024_3c_25_8_2_frame_22.jpeg,108,0.2109375,512
2024_3c_25_8_2_frame_23.jpeg,96,0.1875,512
2024_3c_25_8_2_frame_24.jpeg,109,0.212890625,512
2024_3c_25_8_2_frame_25.jpeg,116,0.2265625,512
2024_3c_25_8_2_frame_26.jpeg,84,0.1640625,512
2024_3c_25_8_2_frame_27.jpeg,113,0.220703125,512
2024_3c_25_8_2_frame_28.jpeg,109,0.212890625,512
2024_3c_25_8_2_frame_29.jpeg,89,0.173828125,512
2024_3c_25_8_2_frame_3.jpeg,108,0.2109375,512
2024_3c_25_8_2_frame_30.jpeg,115,0.224609375,512
2024_3c_25_8_2_frame_31.jpeg,101,0.197265625,512
2024_3c_25_8_2_frame_32.jpeg,109,0.212890625,512
2024_3c_25_8_2_frame_33.jpeg,101,0.197265625,512
2024_3c_25_8_2_frame_34.jpeg,109,0.212890625,512
2024_3c_25_8_2_frame_35.jpeg,116,0.2265625,512
2024_3c_25_8_2_frame_36.jpeg,91,0.177734375,512
2024_3c_25_8_2_frame_37.jpeg,114,0.22265625,512
2024_3c_25_8_2_frame_38.jpeg,109,0.212890625,512
2024_3c_25_8_2_frame_39.jpeg,91,0.177734375,512
2024_3c_25_8_2_frame_4.jpeg,114,0.22265625,512
2024_3c_25_8_2_frame_40.jpeg,117,0.228515625,512
2024_3c_25_8_2_frame_41.jpeg,100,0.1953125,512
2024_3c_25_8_2_frame_42.jpeg,110,0.21484375,512
2024_3c_25_8_2_frame_43.jpeg,106,0.20703125,512
2024_3c_25_8_2_frame_44.jpeg,110,0.21484375,512
2024_3c_25_8_2_frame_45.jpeg,117,0.228515625,512
2024_3c_25_8_2_frame_46.jpeg,91,0.177734375,512
2024_3c_25_8_2_frame_47.jpeg,114,0.22265625,512
2024_3c_25_8_2_frame_48.jpeg,112,0.21875,512
2024_3c_25_8_2_frame_49.jpeg,91,0.177734375,512
2024_3c_25_8_2_frame_5.jpeg,116,0.2265625,512
2024_3c_25_8_2_frame_50.jpeg,118,0.23046875,512
2024_3c_25_8_2_frame_6.jpeg,105,0.205078125,512
2024_3c_25_8_2_frame_7.jpeg,116,0.2265625,512
2024_3c_25_8_2_frame_8.jpeg,112,0.21875,512
2024_3c_25_8_2_frame_9.jpeg,97,0.189453125,512
2024_3c_25_8_3_frame_1.jpeg,118,0.23046875,512
2024_3c_25_8_3_frame_10.jpeg,110,0.21484375,512
2024_3c_25_8_3_frame_11.jpeg,119,0.232421875,512
2024_3c_25_8_3_frame_12.jpeg,122,0.23828125,512
2024_3c_25_8_3_frame_13.jpeg,105,0.205078125,512
2024_3c_25_8_3_frame_14.jpeg,123,0.240234375,512
2024_3c_25_8_3_frame_15.jpeg,116,0.2265625,512
2024_3c_25_8_3_frame_16.jpeg,109,0.212890625,512
2024_3c_25_8_3_frame_17.jpeg,118,0.23046875,512
2024_3c_25_8_3_frame_18.jpeg,112,0.21875,512
2024_3c_25_8_3_frame_19.jpeg,121,0.236328125,512
2024_3c_25_8_3_frame_2.jpeg,119,0.232421875,512
2024_3c_25_8_3_frame_20.jpeg,101,0.197265625,512
2024_3c_25_8_3_frame_21.jpeg,119,0.232421875,512
2024_3c_25_8_3_frame_22.jpeg,119,0.232421875,512
2024_3c_25_8_3_frame_23.jpeg,99,0.193359375,512
2024_3c_25_8_3_frame_24.jpeg,124,0.2421875,512
2024_3c_25_8_3_frame_25.jpeg,110,0.21484375,512
2024_3c_25_8_3_frame_26.jpeg,103,0.201171875,512
2024_3c_25_8_3_frame_27.jpeg,117,0.228515625,512
2024_3c_25_8_3_frame_28.jpeg,110,0.21484375,512
2024_3c_25_8_3_frame_29.jpeg,121,0.236328125,512
2024_3c_25_8_3_frame_3.jpeg,110,0.21484375,512
2024_3c_25_8_3_frame_30.jpeg,96,0.1875,512
2024_3c_25_8_3_frame_31.jpeg,116,0.2265625,512
2024_3c_25_8_3_frame_32.jpeg,119,0.232421875,512
2024_3c_25_8_3_frame_33.jpeg,99,0.193359375,512
2024_3c_25_8_3_frame_34.jpeg,122,0.23828125,512
2024_3c_25_8_3_frame_35.jpeg,110,0.21484375,512
2024_3c_25_8_3_frame_36.jpeg,102,0.19921875,512
2024_3c_25_8_3_frame_37.jpeg,118,0.23046875,512
2024_3c_25_8_3_frame_38.jpeg,109,0.212890625,512
2024_3c_25_8_3_frame_39.jpeg,121,0.236328125,512
2024_3c_25_8_3_frame_4.jpeg,122,0.23828125,512
2024_3c_25_8_3_frame_40.jpeg,96,0.1875,512
2024_3c_25_8_3_frame_41.jpeg,116,0.2265625,512
2024_3c_25_8_3_frame_42.jpeg,119,0.232421875,512
2024_3c_25_8_3_frame_43.jpeg,100,0.1953125,512
2024_3c_25_8_3_frame_44.jpeg,123,0.240234375,512
2024_3c_25_8_3_frame_45.jpeg,110,0.21484375,512
2024_3c_25_8_3_frame_46.jpeg,105,0.205078125,512
2024_3c_25_8_3_frame_47.jpeg,120,0.234375,512
2024_3c_25_8_3_frame_48.jpeg,109,0.212890625,512
2024_3c_25_8_3_frame_49.jpeg,122,0.23828125,512
2024_3c_25_8_3_frame_5.jpeg,116,0.2265625,512
2024_3c_25_8_3_frame_50.jpeg,101,0.197265625,512
2024_3c_25_8_3_frame_6.jpeg,109,0.212890625,512
2024_3c_25_8_3_frame_7.jpeg,121,0.236328125,512
2024_3c_25_8_3_frame_8.jpeg,116,0.2265625,512
2024_3c_25_8_3_frame_9.jpeg,122,0.23828125,512
2024_3c_25_8_4_frame_1.jpeg,119,0.232421875,512
2024_3c_25_8_4_frame_10.jpeg,116,0.2265625,512
2024_3c_25_8_4_frame_11.jpeg,119,0.232421875,512
2024_3c_25_8_4_frame_12.jpeg,124,0.2421875,512
2024_3c_25_8_4_frame_13.jpeg,109,0.212890625,512
2024_3c_25_8_4_frame_14.jpeg,125,0.244140625,512
2024_3c_25_8_4_frame_15.jpeg,119,0.232421875,512
2024_3c_25_8_4_frame_16.jpeg,114,0.22265625,512
2024_3c_25_8_4_frame_17.jpeg,121,0.236328125,512
2024_3c_25_8_4_frame_18.jpeg,116,0.2265625,512
2024_3c_25_8_4_frame_19.jpeg,122,0.23828125,512
2024_3c_25_8_4_frame_2.jpeg,124,0.2421875,512
2024_3c_25_8_4_frame_20.jpeg,109,0.212890625,512
2024_3c_25_8_4_frame_21.jpeg,118,0.23046875,512
2024_3c_25_8_4_frame_22.jpeg,122,0.23828125,512
2024_3c_25_8_4_frame_23.jpeg,96,0.1875,512
2024_3c_25_8_4_frame_24.jpeg,125,0.244140625,512
2024_3c_25_8_4_frame_25.jpeg,116,0.2265625,512
2024_3c_25_8_4_frame_26.jpeg,109,0.212890625,512
2024_3c_25_8_4_frame_27.jpeg,121,0.236328125,512
2024_3c_25_8_4_frame_28.jpeg,116,0.2265625,512
2024_3c_25_8_4_frame_29.jpeg,122,0.23828125,512
2024_3c_25_8_4_frame_3.jpeg,110,0.21484375,512
2024_3c_25_8_4_frame_30.jpeg,109,0.212890625,512
2024_3c_25_8_4_frame_31.jpeg,119,0.232421875,512
2024_3c_25_8_4_frame_32.jpeg,122,0.23828125,512
2024_3c_25_8_4_frame_33.jpeg,96,0.1875,512
2024_3c_25_8_4_frame_34.jpeg,124,0.2421875,512
2024_3c_25_8_4_frame_35.jpeg,116,0.2265625,512
2024_3c_25_8_4_frame_36.jpeg,109,0.212890625,512
2024_3c_25_8_4_frame_37.jpeg,121,0.236328125,512
2024_3c_25_8_4_frame_38.jpeg,114,0.22265625,512
2024_3c_25_8_4_frame_39.jpeg,122,0.23828125,512
2024_3c_25_8_4_frame_4.jpeg,125,0.244140625,512
2024_3c_25_8_4_frame_40.jpeg,109,0.212890625,512
2024_3c_25_8_4_frame_41.jpeg,116,0.2265625,512
2024_3c_25_8_4_frame_42.jpeg,122,0.23828125,512
2024_3c_25_8_4_frame_43.jpeg,103,0.201171875,512
2024_3c_25_8_4_frame_44.jpeg,124,0.2421875,512
2024_3c_25_8_4_frame_45.jpeg,112,0.21875,512
2024_3c_25_8_4_frame_46.jpeg,109,0.212890625,512
2024_3c_25_8_4_frame_47.jpeg,121,0.236328125,512
2024_3c_25_8_4_frame_48.jpeg,114,0.22265625,512
2024_3c_25_8_4_frame_49.jpeg,122,0.23828125,512
2024_3c_25_8_4_frame_5.jpeg,119,0.232421875,512
2024_3c_25_8_4_frame_50.jpeg,106,0.20703125,512
2024_3c_25_8_4_frame_6.jpeg,119,0.232421875,512
2024_3c_25_8_4_frame_7.jpeg,121,0.236328125,512
2024_3c_25_8_4_frame_8.jpeg,119,0.232421875,512
2024_3c_25_8_4_frame_9.jpeg,122,0.23828125,512
2024_3c_25_8_5_frame_1.jpeg,124,0.2421875,512
2024_3c_25_8_5_frame_10.jpeg,116,0.2265625,512
2024_3c_25_8_5_frame_11.jpeg,124,0.2421875,512
2024_3c_25_8_5_frame_12.jpeg,114,0.22265625,512
2024_3c_25_8_5_frame_13.jpeg,119,0.232421875,512
2024_3c_25_8_5_frame_14.jpeg,118,0.23046875,512
2024_3c_25_8_5_frame_15.jpeg,119,0.232421875,512
2024_3c_25_8_5_frame_16.jpeg,124,0.2421875,512
2024_3c_25_8_5_frame_17.jpeg,104,0.203125,512
2024_3c_25_8_5_frame_18.jpeg,123,0.240234375,512
2024_3c_25_8_5_frame_19.jpeg,119,0.232421875,512
2024_3c_25_8_5_frame_2.jpeg,114,0.22265625,512
2024_3c_25_8_5_frame_20.jpeg,106,0.20703125,512
2024_3c_25_8_5_frame_21.jpeg,122,0.23828125,512
2024_3c_25_8_5_frame_22.jpeg,112,0.21875,512
2024_3c_25_8_5_frame_23.jpeg,118,0.23046875,512
2024_3c_25_8_5_frame_24.jpeg,113,0.220703125,512
2024_3c_25_8_5_frame_25.jpeg,114,0.22265625,512
2024_3c_25_8_5_frame_26.jpeg,123,0.240234375,512
2024_3c_25_8_5_frame_27.jpeg,95,0.185546875,512
2024_3c_25_8_5_frame_28.jpeg,123,0.240234375,512
2024_3c_25_8_5_frame_29.jpeg,116,0.2265625,512
2024_3c_25_8_5_frame_3.jpeg,119,0.232421875,512
2024_3c_25_8_5_frame_30.jpeg,104,0.203125,512
2024_3c_25_8_5_frame_31.jpeg,122,0.23828125,512
2024_3c_25_8_5_frame_32.jpeg,109,0.212890625,512
2024_3c_25_8_5_frame_33.jpeg,118,0.23046875,512
2024_3c_25_8_5_frame_34.jpeg,113,0.220703125,512
2024_3c_25_8_5_frame_35.jpeg,113,0.220703125,512
2024_3c_25_8_5_frame_36.jpeg,122,0.23828125,512
2024_3c_25_8_5_frame_37.jpeg,96,0.1875,512
2024_3c_25_8_5_frame_38.jpeg,119,0.232421875,512
2024_3c_25_8_5_frame_39.jpeg,116,0.2265625,512
2024_3c_25_8_5_frame_4.jpeg,118,0.23046875,512
2024_3c_25_8_5_frame_40.jpeg,105,0.205078125,512
2024_3c_25_8_5_frame_41.jpeg,124,0.2421875,512
2024_3c_25_8_5_frame_42.jpeg,104,0.203125,512
2024_3c_25_8_5_frame_43.jpeg,118,0.23046875,512
2024_3c_25_8_5_frame_44.jpeg,114,0.22265625,512
2024_3c_25_8_5_frame_45.jpeg,116,0.2265625,512
2024_3c_25_8_5_frame_46.jpeg,121,0.236328125,512
2024_3c_25_8_5_frame_47.jpeg,96,0.1875,512
2024_3c_25_8_5_frame_48.jpeg,119,0.232421875,512
2024_3c_25_8_5_frame_49.jpeg,116,0.2265625,512
2024_3c_25_8_5_frame_5.jpeg,119,0.232421875,512
2024_3c_25_8_5_frame_50.jpeg,109,0.212890625,512
2024_3c_25_8_5_frame_6.jpeg,122,0.23828125,512
2024_3c_25_8_5_frame_7.jpeg,114,0.22265625,512
2024_3c_25_8_5_frame_8.jpeg,124,0.2421875,512
2024_3c_25_8_5_frame_9.jpeg,119,0.232421875,512
2024_3c_25_8_6_frame_1.jpeg,112,0.21875,512
2024_3c_25_8_6_frame_10.jpeg,122,0.23828125,512
2024_3c_25_8_6_frame_11.jpeg,113,0.220703125,512
2024_3c_25_8_6_frame_12.jpeg,119,0.232421875,512
2024_3c_25_8_6_frame_13.jpeg,114,0.22265625,512
2024_3c_25_8_6_frame_14.jpeg,114,0.22265625,512
2024_3c_25_8_6_frame_15.jpeg,122,0.23828125,512
2024_3c_25_8_6_frame_16.jpeg,106,0.20703125,512
2024_3c_25_8_6_frame_17.jpeg,118,0.23046875,512
2024_3c_25_8_6_frame_18.jpeg,114,0.22265625,512
2024_3c_25_8_6_frame_19.jpeg,108,0.2109375,512
2024_3c_25_8_6_frame_2.jpeg,119,0.232421875,512
2024_3c_25_8_6_frame_20.jpeg,119,0.232421875,512
2024_3c_25_8_6_frame_21.jpeg,109,0.212890625,512
2024_3c_25_8_6_frame_22.jpeg,110,0.21484375,512
2024_3c_25_8_6_frame_23.jpeg,110,0.21484375,512
2024_3c_25_8_6_frame_24.jpeg,112,0.21875,512
2024_3c_25_8_6_frame_25.jpeg,122,0.23828125,512
2024_3c_25_8_6_frame_26.jpeg,101,0.197265625,512
2024_3c_25_8_6_frame_27.jpeg,119,0.232421875,512
2024_3c_25_8_6_frame_28.jpeg,113,0.220703125,512
2024_3c_25_8_6_frame_29.jpeg,104,0.203125,512
2024_3c_25_8_6_frame_3.jpeg,114,0.22265625,512
2024_3c_25_8_6_frame_30.jpeg,119,0.232421875,512
2024_3c_25_8_6_frame_31.jpeg,106,0.20703125,512
2024_3c_25_8_6_frame_32.jpeg,110,0.21484375,512
2024_3c_25_8_6_frame_33.jpeg,110,0.21484375,512
2024_3c_25_8_6_frame_34.jpeg,112,0.21875,512
2024_3c_25_8_6_frame_35.jpeg,117,0.228515625,512
2024_3c_25_8_6_frame_36.jpeg,101,0.197265625,512
2024_3c_25_8_6_frame_37.jpeg,119,0.232421875,512
2024_3c_25_8_6_frame_38.jpeg,114,0.22265625,512
2024_3c_25_8_6_frame_39.jpeg,106,0.20703125,512
2024_3c_25_8_6_frame_4.jpeg,119,0.232421875,512
2024_3c_25_8_6_frame_40.jpeg,122,0.23828125,512
2024_3c_25_8_6_frame_41.jpeg,106,0.20703125,512
2024_3c_25_8_6_frame_42.jpeg,110,0.21484375,512
2024_3c_25_8_6_frame_43.jpeg,110,0.21484375,512
2024_3c_25_8_6_frame_44.jpeg,112,0.21875,512
2024_3c_25_8_6_frame_45.jpeg,117,0.228515625,512
2024_3c_25_8_6_frame_46.jpeg,101,0.197265625,512
2024_3c_25_8_6_frame_47.jpeg,116,0.2265625,512
2024_3c_25_8_6_frame_48.jpeg,116,0.2265625,512
2024_3c_25_8_6_frame_49.jpeg,106,0.20703125,512
2024_3c_25_8_6_frame_5.jpeg,121,0.236328125,512
2024_3c_25_8_6_frame_50.jpeg,121,0.236328125,512
2024_3c_25_8_6_frame_6.jpeg,114,0.22265625,512
2024_3c_25_8_6_frame_7.jpeg,118,0.23046875,512
2024_3c_25_8_6_frame_8.jpeg,114,0.22265625,512
2024_3c_25_8_6_frame_9.jpeg,113,0.220703125,512
2024_3c_25_8_7_frame_1.jpeg,126,0.24609375,512
2024_3c_25_8_7_frame_10.jpeg,123,0.240234375,512
2024_3c_25_8_7_frame_11.jpeg,126,0.24609375,512
2024_3c_25_8_7_frame_12.jpeg,127,0.248046875,512
2024_3c_25_8_7_frame_13.jpeg,116,0.2265625,512
2024_3c_25_8_7_frame_14.jpeg,128,0.25,512
2024_3c_25_8_7_frame_15.jpeg,119,0.232421875,512
2024_3c_25_8_7_frame_16.jpeg,120,0.234375,512
2024_3c_25_8_7_frame_17.jpeg,125,0.244140625,512
2024_3c_25_8_7_frame_18.jpeg,119,0.232421875,512
2024_3c_25_8_7_frame_19.jpeg,126,0.24609375,512
2024_3c_25_8_7_frame_2.jpeg,126,0.24609375,512
2024_3c_25_8_7_frame_20.jpeg,114,0.22265625,512
2024_3c_25_8_7_frame_21.jpeg,126,0.24609375,512
2024_3c_25_8_7_frame_22.jpeg,126,0.24609375,512
2024_3c_25_8_7_frame_23.jpeg,109,0.212890625,512
2024_3c_25_8_7_frame_24.jpeg,127,0.248046875,512
2024_3c_25_8_7_frame_25.jpeg,121,0.236328125,512
2024_3c_25_8_7_frame_26.jpeg,110,0.21484375,512
2024_3c_25_8_7_frame_27.jpeg,124,0.2421875,512
2024_3c_25_8_7_frame_28.jpeg,116,0.2265625,512
2024_3c_25_8_7_frame_29.jpeg,126,0.24609375,512
2024_3c_25_8_7_frame_3.jpeg,117,0.228515625,512
2024_3c_25_8_7_frame_30.jpeg,110,0.21484375,512
2024_3c_25_8_7_frame_31.jpeg,124,0.2421875,512
2024_3c_25_8_7_frame_32.jpeg,126,0.24609375,512
2024_3c_25_8_7_frame_33.jpeg,109,0.212890625,512
2024_3c_25_8_7_frame_34.jpeg,127,0.248046875,512
2024_3c_25_8_7_frame_35.jpeg,119,0.232421875,512
2024_3c_25_8_7_frame_36.jpeg,110,0.21484375,512
2024_3c_25_8_7_frame_37.jpeg,124,0.2421875,512
2024_3c_25_8_7_frame_38.jpeg,116,0.2265625,512
2024_3c_25_8_7_frame_39.jpeg,126,0.24609375,512
2024_3c_25_8_7_frame_4.jpeg,127,0.248046875,512
2024_3c_25_8_7_frame_40.jpeg,110,0.21484375,512
2024_3c_25_8_7_frame_41.jpeg,121,0.236328125,512
2024_3c_25_8_7_frame_42.jpeg,126,0.24609375,512
2024_3c_25_8_7_frame_43.jpeg,109,0.212890625,512
2024_3c_25_8_7_frame_44.jpeg,126,0.24609375,512
2024_3c_25_8_7_frame_45.jpeg,123,0.240234375,512
2024_3c_25_8_7_frame_46.jpeg,116,0.2265625,512
2024_3c_25_8_7_frame_47.jpeg,124,0.2421875,512
2024_3c_25_8_7_frame_48.jpeg,116,0.2265625,512
2024_3c_25_8_7_frame_49.jpeg,126,0.24609375,512
2024_3c_25_8_7_frame_5.jpeg,126,0.24609375,512
2024_3c_25_8_7_frame_50.jpeg,110,0.21484375,512
2024_3c_25_8_7_frame_6.jpeg,123,0.240234375,512
2024_3c_25_8_7_frame_7.jpeg,126,0.24609375,512
2024_3c_25_8_7_frame_8.jpeg,119,0.232421875,512
2024_3c_25_8_7_frame_9.jpeg,126,0.24609375,512
2024_3c_25_8_8_frame_1.jpeg,124,0.2421875,512
2024_3c_25_8_8_frame_10.jpeg,114,0.22265625,512
2024_3c_25_8_8_frame_11.jpeg,124,0.2421875,512
2024_3c_25_8_8_frame_12.jpeg,113,0.220703125,512
2024_3c_25_8_8_frame_13.jpeg,118,0.23046875,512
2024_3c_25_8_8_frame_14.jpeg,117,0.228515625,512
2024_3c_25_8_8_frame_15.jpeg,114,0.22265625,512
2024_3c_25_8_8_frame_16.jpeg,123,0.240234375,512
2024_3c_25_8_8_frame_17.jpeg,109,0.212890625,512
2024_3c_25_8_8_frame_18.jpeg,122,0.23828125,512
2024_3c_25_8_8_frame_19.jpeg,118,0.23046875,512
2024_3c_25_8_8_frame_2.jpeg,113,0.220703125,512
2024_3c_25_8_8_frame_20.jpeg,109,0.212890625,512
2024_3c_25_8_8_frame_21.jpeg,122,0.23828125,512
2024_3c_25_8_8_frame_22.jpeg,110,0.21484375,512
2024_3c_25_8_8_frame_23.jpeg,113,0.220703125,512
2024_3c_25_8_8_frame_24.jpeg,112,0.21875,512
2024_3c_25_8_8_frame_25.jpeg,113,0.220703125,512
2024_3c_25_8_8_frame_26.jpeg,122,0.23828125,512
2024_3c_25_8_8_frame_27.jpeg,97,0.189453125,512
2024_3c_25_8_8_frame_28.jpeg,117,0.228515625,512
2024_3c_25_8_8_frame_29.jpeg,118,0.23046875,512
2024_3c_25_8_8_frame_3.jpeg,119,0.232421875,512
2024_3c_25_8_8_frame_30.jpeg,104,0.203125,512
2024_3c_25_8_8_frame_31.jpeg,122,0.23828125,512
2024_3c_25_8_8_frame_32.jpeg,109,0.212890625,512
2024_3c_25_8_8_frame_33.jpeg,117,0.228515625,512
2024_3c_25_8_8_frame_34.jpeg,112,0.21875,512
2024_3c_25_8_8_frame_35.jpeg,113,0.220703125,512
2024_3c_25_8_8_frame_36.jpeg,122,0.23828125,512
2024_3c_25_8_8_frame_37.jpeg,96,0.1875,512
2024_3c_25_8_8_frame_38.jpeg,118,0.23046875,512
2024_3c_25_8_8_frame_39.jpeg,118,0.23046875,512
2024_3c_25_8_8_frame_4.jpeg,119,0.232421875,512
2024_3c_25_8_8_frame_40.jpeg,109,0.212890625,512
2024_3c_25_8_8_frame_41.jpeg,123,0.240234375,512
2024_3c_25_8_8_frame_42.jpeg,105,0.205078125,512
2024_3c_25_8_8_frame_43.jpeg,117,0.228515625,512
2024_3c_25_8_8_frame_44.jpeg,113,0.220703125,512
2024_3c_25_8_8_frame_45.jpeg,110,0.21484375,512
2024_3c_25_8_8_frame_46.jpeg,122,0.23828125,512
2024_3c_25_8_8_frame_47.jpeg,101,0.197265625,512
2024_3c_25_8_8_frame_48.jpeg,117,0.228515625,512
2024_3c_25_8_8_frame_49.jpeg,119,0.232421875,512
2024_3c_25_8_8_frame_5.jpeg,118,0.23046875,512
2024_3c_25_8_8_frame_50.jpeg,109,0.212890625,512
2024_3c_25_8_8_frame_6.jpeg,122,0.23828125,512
2024_3c_25_8_8_frame_7.jpeg,119,0.232421875,512
2024_3c_25_8_8_frame_8.jpeg,121,0.236328125,512
2024_3c_25_8_8_frame_9.jpeg,118,0.23046875,512
2024_3c_25_8_9_frame_1.jpeg,126,0.24609375,512
2024_3c_25_8_9_frame_10.jpeg,125,0.244140625,512
2024_3c_25_8_9_frame_11.jpeg,126,0.24609375,512
2024_3c_25_8_9_frame_12.jpeg,128,0.25,512
2024_3c_25_8_9_frame_13.jpeg,121,0.236328125,512
2024_3c_25_8_9_frame_14.jpeg,129,0.251953125,512
2024_3c_25_8_9_frame_15.jpeg,123,0.240234375,512
2024_3c_25_8_9_frame_16.jpeg,122,0.23828125,512
2024_3c_25_8_9_frame_17.jpeg,127,0.248046875,512
2024_3c_25_8_9_frame_18.jpeg,122,0.23828125,512
2024_3c_25_8_9_frame_19.jpeg,127,0.248046875,512
2024_3c_25_8_9_frame_2.jpeg,126,0.24609375,512
2024_3c_25_8_9_frame_20.jpeg,121,0.236328125,512
2024_3c_25_8_9_frame_21.jpeg,124,0.2421875,512
2024_3c_25_8_9_frame_22.jpeg,126,0.24609375,512
2024_3c_25_8_9_frame_23.jpeg,110,0.21484375,512
2024_3c_25_8_9_frame_24.jpeg,128,0.25,512
2024_3c_25_8_9_frame_25.jpeg,119,0.232421875,512
2024_3c_25_8_9_frame_26.jpeg,118,0.23046875,512
2024_3c_25_8_9_frame_27.jpeg,127,0.248046875,512
2024_3c_25_8_9_frame_28.jpeg,117,0.228515625,512
2024_3c_25_8_9_frame_29.jpeg,127,0.248046875,512
2024_3c_25_8_9_frame_3.jpeg,122,0.23828125,512
2024_3c_25_8_9_frame_30.jpeg,118,0.23046875,512
2024_3c_25_8_9_frame_31.jpeg,122,0.23828125,512
2024_3c_25_8_9_frame_32.jpeg,126,0.24609375,512
2024_3c_25_8_9_frame_33.jpeg,110,0.21484375,512
2024_3c_25_8_9_frame_34.jpeg,128,0.25,512
2024_3c_25_8_9_frame_35.jpeg,122,0.23828125,512
2024_3c_25_8_9_frame_36.jpeg,117,0.228515625,512
2024_3c_25_8_9_frame_37.jpeg,126,0.24609375,512
2024_3c_25_8_9_frame_38.jpeg,118,0.23046875,512
2024_3c_25_8_9_frame_39.jpeg,126,0.24609375,512
2024_3c_25_8_9_frame_4.jpeg,127,0.248046875,512
2024_3c_25_8_9_frame_40.jpeg,118,0.23046875,512
2024_3c_25_8_9_frame_41.jpeg,122,0.23828125,512
2024_3c_25_8_9_frame_42.jpeg,126,0.24609375,512
2024_3c_25_8_9_frame_43.jpeg,114,0.22265625,512
2024_3c_25_8_9_frame_44.jpeg,127,0.248046875,512
2024_3c_25_8_9_frame_45.jpeg,124,0.2421875,512
2024_3c_25_8_9_frame_46.jpeg,117,0.228515625,512
2024_3c_25_8_9_frame_47.jpeg,126,0.24609375,512
2024_3c_25_8_9_frame_48.jpeg,117,0.228515625,512
2024_3c_25_8_9_frame_49.jpeg,127,0.248046875,512
2024_3c_25_8_9_frame_5.jpeg,126,0.24609375,512
2024_3c_25_8_9_frame_50.jpeg,118,0.23046875,512
2024_3c_25_8_9_frame_6.jpeg,125,0.244140625,512
2024_3c_25_8_9_frame_7.jpeg,127,0.248046875,512
2024_3c_25_8_9_frame_8.jpeg,124,0.2421875,512
2024_3c_25_8_9_frame_9.jpeg,127,0.248046875,512
2024_3c_25_9_1_frame_1.jpeg,137,0.267578125,512
2024_3c_25_9_1_frame_10.jpeg,141,0.275390625,512
2024_3c_25_9_1_frame_11.jpeg,140,0.2734375,512
2024_3c_25_9_1_frame_12.jpeg,128,0.25,512
2024_3c_25_9_1_frame_13.jpeg,137,0.267578125,512
2024_3c_25_9_1_frame_14.jpeg,138,0.26953125,512
2024_3c_25_9_1_frame_15.jpeg,137,0.267578125,512
2024_3c_25_9_1_frame_16.jpeg,130,0.25390625,512
2024_3c_25_9_1_frame_17.jpeg,142,0.27734375,512
2024_3c_25_9_1_frame_18.jpeg,140,0.2734375,512
2024_3c_25_9_1_frame_19.jpeg,118,0.23046875,512
2024_3c_25_9_1_frame_2.jpeg,130,0.25390625,512
2024_3c_25_9_1_frame_20.jpeg,141,0.275390625,512
2024_3c_25_9_1_frame_21.jpeg,139,0.271484375,512
2024_3c_25_9_1_frame_22.jpeg,124,0.2421875,512
2024_3c_25_9_1_frame_23.jpeg,138,0.26953125,512
2024_3c_25_9_1_frame_24.jpeg,138,0.26953125,512
2024_3c_25_9_1_frame_25.jpeg,135,0.263671875,512
2024_3c_25_9_1_frame_26.jpeg,127,0.248046875,512
2024_3c_25_9_1_frame_27.jpeg,137,0.267578125,512
2024_3c_25_9_1_frame_28.jpeg,140,0.2734375,512
2024_3c_25_9_1_frame_29.jpeg,113,0.220703125,512
2024_3c_25_9_1_frame_3.jpeg,140,0.2734375,512
2024_3c_25_9_1_frame_30.jpeg,141,0.275390625,512
2024_3c_25_9_1_frame_31.jpeg,138,0.26953125,512
2024_3c_25_9_1_frame_32.jpeg,124,0.2421875,512
2024_3c_25_9_1_frame_33.jpeg,137,0.267578125,512
2024_3c_25_9_1_frame_34.jpeg,138,0.26953125,512
2024_3c_25_9_1_frame_35.jpeg,138,0.26953125,512
2024_3c_25_9_1_frame_36.jpeg,128,0.25,512
2024_3c_25_9_1_frame_37.jpeg,137,0.267578125,512
2024_3c_25_9_1_frame_38.jpeg,140,0.2734375,512
2024_3c_25_9_1_frame_39.jpeg,114,0.22265625,512
2024_3c_25_9_1_frame_4.jpeg,141,0.275390625,512
2024_3c_25_9_1_frame_40.jpeg,140,0.2734375,512
2024_3c_25_9_1_frame_41.jpeg,142,0.27734375,512
2024_3c_25_9_1_frame_42.jpeg,127,0.248046875,512
2024_3c_25_9_1_frame_43.jpeg,138,0.26953125,512
2024_3c_25_9_1_frame_44.jpeg,138,0.26953125,512
2024_3c_25_9_1_frame_45.jpeg,134,0.26171875,512
2024_3c_25_9_1_frame_46.jpeg,127,0.248046875,512
2024_3c_25_9_1_frame_47.jpeg,138,0.26953125,512
2024_3c_25_9_1_frame_48.jpeg,141,0.275390625,512
2024_3c_25_9_1_frame_49.jpeg,113,0.220703125,512
2024_3c_25_9_1_frame_5.jpeg,137,0.267578125,512
2024_3c_25_9_1_frame_50.jpeg,139,0.271484375,512
2024_3c_25_9_1_frame_6.jpeg,134,0.26171875,512
2024_3c_25_9_1_frame_7.jpeg,137,0.267578125,512
2024_3c_25_9_1_frame_8.jpeg,142,0.27734375,512
2024_3c_25_9_1_frame_9.jpeg,129,0.251953125,512
2024_3c_25_9_2_frame_1.jpeg,100,0.1953125,512
2024_3c_25_9_2_frame_10.jpeg,98,0.19140625,512
2024_3c_25_9_2_frame_11.jpeg,103,0.201171875,512
2024_3c_25_9_2_frame_12.jpeg,104,0.203125,512
2024_3c_25_9_2_frame_13.jpeg,89,0.173828125,512
2024_3c_25_9_2_frame_14.jpeg,103,0.201171875,512
2024_3c_25_9_2_frame_15.jpeg,103,0.201171875,512
2024_3c_25_9_2_frame_16.jpeg,85,0.166015625,512
2024_3c_25_9_2_frame_17.jpeg,104,0.203125,512
2024_3c_25_9_2_frame_18.jpeg,98,0.19140625,512
2024_3c_25_9_2_frame_19.jpeg,89,0.173828125,512
2024_3c_25_9_2_frame_2.jpeg,105,0.205078125,512
2024_3c_25_9_2_frame_20.jpeg,99,0.193359375,512
2024_3c_25_9_2_frame_21.jpeg,100,0.1953125,512
2024_3c_25_9_2_frame_22.jpeg,104,0.203125,512
2024_3c_25_9_2_frame_23.jpeg,78,0.15234375,512
2024_3c_25_9_2_frame_24.jpeg,103,0.201171875,512
2024_3c_25_9_2_frame_25.jpeg,103,0.201171875,512
2024_3c_25_9_2_frame_26.jpeg,80,0.15625,512
2024_3c_25_9_2_frame_27.jpeg,106,0.20703125,512
2024_3c_25_9_2_frame_28.jpeg,95,0.185546875,512
2024_3c_25_9_2_frame_29.jpeg,89,0.173828125,512
2024_3c_25_9_2_frame_3.jpeg,89,0.173828125,512
2024_3c_25_9_2_frame_30.jpeg,96,0.1875,512
2024_3c_25_9_2_frame_31.jpeg,98,0.19140625,512
2024_3c_25_9_2_frame_32.jpeg,104,0.203125,512
2024_3c_25_9_2_frame_33.jpeg,80,0.15625,512
2024_3c_25_9_2_frame_34.jpeg,103,0.201171875,512
2024_3c_25_9_2_frame_35.jpeg,100,0.1953125,512
2024_3c_25_9_2_frame_36.jpeg,83,0.162109375,512
2024_3c_25_9_2_frame_37.jpeg,104,0.203125,512
2024_3c_25_9_2_frame_38.jpeg,90,0.17578125,512
2024_3c_25_9_2_frame_39.jpeg,94,0.18359375,512
2024_3c_25_9_2_frame_4.jpeg,103,0.201171875,512
2024_3c_25_9_2_frame_40.jpeg,97,0.189453125,512
2024_3c_25_9_2_frame_41.jpeg,94,0.18359375,512
2024_3c_25_9_2_frame_42.jpeg,104,0.203125,512
2024_3c_25_9_2_frame_43.jpeg,83,0.162109375,512
2024_3c_25_9_2_frame_44.jpeg,104,0.203125,512
2024_3c_25_9_2_frame_45.jpeg,101,0.197265625,512
2024_3c_25_9_2_frame_46.jpeg,84,0.1640625,512
2024_3c_25_9_2_frame_47.jpeg,104,0.203125,512
2024_3c_25_9_2_frame_48.jpeg,93,0.181640625,512
2024_3c_25_9_2_frame_49.jpeg,93,0.181640625,512
2024_3c_25_9_2_frame_5.jpeg,106,0.20703125,512
2024_3c_25_9_2_frame_50.jpeg,97,0.189453125,512
2024_3c_25_9_2_frame_6.jpeg,90,0.17578125,512
2024_3c_25_9_2_frame_7.jpeg,104,0.203125,512
2024_3c_25_9_2_frame_8.jpeg,100,0.1953125,512
2024_3c_25_9_2_frame_9.jpeg,97,0.189453125,512
2024_3c_25_9_3_frame_1.jpeg,127,0.248046875,512
2024_3c_25_9_3_frame_10.jpeg,128,0.25,512
2024_3c_25_9_3_frame_11.jpeg,127,0.248046875,512
2024_3c_25_9_3_frame_12.jpeg,129,0.251953125,512
2024_3c_25_9_3_frame_13.jpeg,121,0.236328125,512
2024_3c_25_9_3_frame_14.jpeg,130,0.25390625,512
2024_3c_25_9_3_frame_15.jpeg,129,0.251953125,512
2024_3c_25_9_3_frame_16.jpeg,113,0.220703125,512
2024_3c_25_9_3_frame_17.jpeg,130,0.25390625,512
2024_3c_25_9_3_frame_18.jpeg,126,0.24609375,512
2024_3c_25_9_3_frame_19.jpeg,121,0.236328125,512
2024_3c_25_9_3_frame_2.jpeg,130,0.25390625,512
2024_3c_25_9_3_frame_20.jpeg,124,0.2421875,512
2024_3c_25_9_3_frame_21.jpeg,126,0.24609375,512
2024_3c_25_9_3_frame_22.jpeg,130,0.25390625,512
2024_3c_25_9_3_frame_23.jpeg,110,0.21484375,512
2024_3c_25_9_3_frame_24.jpeg,129,0.251953125,512
2024_3c_25_9_3_frame_25.jpeg,129,0.251953125,512
2024_3c_25_9_3_frame_26.jpeg,110,0.21484375,512
2024_3c_25_9_3_frame_27.jpeg,130,0.25390625,512
2024_3c_25_9_3_frame_28.jpeg,122,0.23828125,512
2024_3c_25_9_3_frame_29.jpeg,121,0.236328125,512
2024_3c_25_9_3_frame_3.jpeg,121,0.236328125,512
2024_3c_25_9_3_frame_30.jpeg,125,0.244140625,512
2024_3c_25_9_3_frame_31.jpeg,122,0.23828125,512
2024_3c_25_9_3_frame_32.jpeg,130,0.25390625,512
2024_3c_25_9_3_frame_33.jpeg,110,0.21484375,512
2024_3c_25_9_3_frame_34.jpeg,130,0.25390625,512
2024_3c_25_9_3_frame_35.jpeg,129,0.251953125,512
2024_3c_25_9_3_frame_36.jpeg,110,0.21484375,512
2024_3c_25_9_3_frame_37.jpeg,130,0.25390625,512
2024_3c_25_9_3_frame_38.jpeg,122,0.23828125,512
2024_3c_25_9_3_frame_39.jpeg,121,0.236328125,512
2024_3c_25_9_3_frame_4.jpeg,129,0.251953125,512
2024_3c_25_9_3_frame_40.jpeg,126,0.24609375,512
2024_3c_25_9_3_frame_41.jpeg,122,0.23828125,512
2024_3c_25_9_3_frame_42.jpeg,130,0.25390625,512
2024_3c_25_9_3_frame_43.jpeg,110,0.21484375,512
2024_3c_25_9_3_frame_44.jpeg,129,0.251953125,512
2024_3c_25_9_3_frame_45.jpeg,129,0.251953125,512
2024_3c_25_9_3_frame_46.jpeg,110,0.21484375,512
2024_3c_25_9_3_frame_47.jpeg,131,0.255859375,512
2024_3c_25_9_3_frame_48.jpeg,122,0.23828125,512
2024_3c_25_9_3_frame_49.jpeg,121,0.236328125,512
2024_3c_25_9_3_frame_5.jpeg,131,0.255859375,512
2024_3c_25_9_3_frame_50.jpeg,126,0.24609375,512
2024_3c_25_9_3_frame_6.jpeg,123,0.240234375,512
2024_3c_25_9_3_frame_7.jpeg,130,0.25390625,512
2024_3c_25_9_3_frame_8.jpeg,127,0.248046875,512
2024_3c_25_9_3_frame_9.jpeg,124,0.2421875,512
2024_3c_25_9_4_frame_1.jpeg,110,0.21484375,512
2024_3c_25_9_4_frame_10.jpeg,116,0.2265625,512
2024_3c_25_9_4_frame_11.jpeg,113,0.220703125,512
2024_3c_25_9_4_frame_12.jpeg,118,0.23046875,512
2024_3c_25_9_4_frame_13.jpeg,102,0.19921875,512
2024_3c_25_9_4_frame_14.jpeg,116,0.2265625,512
2024_3c_25_9_4_frame_15.jpeg,117,0.228515625,512
2024_3c_25_9_4_frame_16.jpeg,96,0.1875,512
2024_3c_25_9_4_frame_17.jpeg,119,0.232421875,512
2024_3c_25_9_4_frame_18.jpeg,109,0.212890625,512
2024_3c_25_9_4_frame_19.jpeg,101,0.197265625,512
2024_3c_25_9_4_frame_2.jpeg,118,0.23046875,512
2024_3c_25_9_4_frame_20.jpeg,112,0.21875,512
2024_3c_25_9_4_frame_21.jpeg,109,0.212890625,512
2024_3c_25_9_4_frame_22.jpeg,117,0.228515625,512
2024_3c_25_9_4_frame_23.jpeg,94,0.18359375,512
2024_3c_25_9_4_frame_24.jpeg,113,0.220703125,512
2024_3c_25_9_4_frame_25.jpeg,113,0.220703125,512
2024_3c_25_9_4_frame_26.jpeg,91,0.177734375,512
2024_3c_25_9_4_frame_27.jpeg,119,0.232421875,512
2024_3c_25_9_4_frame_28.jpeg,107,0.208984375,512
2024_3c_25_9_4_frame_29.jpeg,100,0.1953125,512
2024_3c_25_9_4_frame_3.jpeg,109,0.212890625,512
2024_3c_25_9_4_frame_30.jpeg,109,0.212890625,512
2024_3c_25_9_4_frame_31.jpeg,109,0.212890625,512
2024_3c_25_9_4_frame_32.jpeg,118,0.23046875,512
2024_3c_25_9_4_frame_33.jpeg,97,0.189453125,512
2024_3c_25_9_4_frame_34.jpeg,113,0.220703125,512
2024_3c_25_9_4_frame_35.jpeg,113,0.220703125,512
2024_3c_25_9_4_frame_36.jpeg,100,0.1953125,512
2024_3c_25_9_4_frame_37.jpeg,119,0.232421875,512
2024_3c_25_9_4_frame_38.jpeg,106,0.20703125,512
2024_3c_25_9_4_frame_39.jpeg,102,0.19921875,512
2024_3c_25_9_4_frame_4.jpeg,113,0.220703125,512
2024_3c_25_9_4_frame_40.jpeg,110,0.21484375,512
2024_3c_25_9_4_frame_41.jpeg,106,0.20703125,512
2024_3c_25_9_4_frame_42.jpeg,118,0.23046875,512
2024_3c_25_9_4_frame_43.jpeg,96,0.1875,512
2024_3c_25_9_4_frame_44.jpeg,113,0.220703125,512
2024_3c_25_9_4_frame_45.jpeg,114,0.22265625,512
2024_3c_25_9_4_frame_46.jpeg,101,0.197265625,512
2024_3c_25_9_4_frame_47.jpeg,121,0.236328125,512
2024_3c_25_9_4_frame_48.jpeg,106,0.20703125,512
2024_3c_25_9_4_frame_49.jpeg,105,0.205078125,512
2024_3c_25_9_4_frame_5.jpeg,117,0.228515625,512
2024_3c_25_9_4_frame_50.jpeg,112,0.21875,512
2024_3c_25_9_4_frame_6.jpeg,105,0.205078125,512
2024_3c_25_9_4_frame_7.jpeg,119,0.232421875,512
2024_3c_25_9_4_frame_8.jpeg,112,0.21875,512
2024_3c_25_9_4_frame_9.jpeg,108,0.2109375,512
2024_3c_25_9_5_frame_1.jpeg,117,0.228515625,512
2024_3c_25_9_5_frame_10.jpeg,109,0.212890625,512
2024_3c_25_9_5_frame_11.jpeg,119,0.232421875,512
2024_3c_25_9_5_frame_12.jpeg,113,0.220703125,512
2024_3c_25_9_5_frame_13.jpeg,109,0.212890625,512
2024_3c_25_9_5_frame_14.jpeg,119,0.232421875,512
2024_3c_25_9_5_frame_15.jpeg,109,0.212890625,512
2024_3c_25_9_5_frame_16.jpeg,117,0.228515625,512
2024_3c_25_9_5_frame_17.jpeg,108,0.2109375,512
2024_3c_25_9_5_frame_18.jpeg,113,0.220703125,512
2024_3c_25_9_5_frame_19.jpeg,117,0.228515625,512
2024_3c_25_9_5_frame_2.jpeg,113,0.220703125,512
2024_3c_25_9_5_frame_20.jpeg,101,0.197265625,512
2024_3c_25_9_5_frame_21.jpeg,117,0.228515625,512
2024_3c_25_9_5_frame_22.jpeg,112,0.21875,512
2024_3c_25_9_5_frame_23.jpeg,101,0.197265625,512
2024_3c_25_9_5_frame_24.jpeg,119,0.232421875,512
2024_3c_25_9_5_frame_25.jpeg,104,0.203125,512
2024_3c_25_9_5_frame_26.jpeg,116,0.2265625,512
2024_3c_25_9_5_frame_27.jpeg,101,0.197265625,512
2024_3c_25_9_5_frame_28.jpeg,112,0.21875,512
2024_3c_25_9_5_frame_29.jpeg,116,0.2265625,512
2024_3c_25_9_5_frame_3.jpeg,109,0.212890625,512
2024_3c_25_9_5_frame_30.jpeg,96,0.1875,512
2024_3c_25_9_5_frame_31.jpeg,117,0.228515625,512
2024_3c_25_9_5_frame_32.jpeg,109,0.212890625,512
2024_3c_25_9_5_frame_33.jpeg,96,0.1875,512
2024_3c_25_9_5_frame_34.jpeg,118,0.23046875,512
2024_3c_25_9_5_frame_35.jpeg,104,0.203125,512
2024_3c_25_9_5_frame_36.jpeg,117,0.228515625,512
2024_3c_25_9_5_frame_37.jpeg,109,0.212890625,512
2024_3c_25_9_5_frame_38.jpeg,109,0.212890625,512
2024_3c_25_9_5_frame_39.jpeg,116,0.2265625,512
2024_3c_25_9_5_frame_4.jpeg,119,0.232421875,512
2024_3c_25_9_5_frame_40.jpeg,95,0.185546875,512
2024_3c_25_9_5_frame_41.jpeg,117,0.228515625,512
2024_3c_25_9_5_frame_42.jpeg,112,0.21875,512
2024_3c_25_9_5_frame_43.jpeg,101,0.197265625,512
2024_3c_25_9_5_frame_44.jpeg,119,0.232421875,512
2024_3c_25_9_5_frame_45.jpeg,103,0.201171875,512
2024_3c_25_9_5_frame_46.jpeg,117,0.228515625,512
2024_3c_25_9_5_frame_47.jpeg,109,0.212890625,512
2024_3c_25_9_5_frame_48.jpeg,109,0.212890625,512
2024_3c_25_9_5_frame_49.jpeg,117,0.228515625,512
2024_3c_25_9_5_frame_5.jpeg,113,0.220703125,512
2024_3c_25_9_5_frame_50.jpeg,102,0.19921875,512
2024_3c_25_9_5_frame_6.jpeg,119,0.232421875,512
2024_3c_25_9_5_frame_7.jpeg,112,0.21875,512
2024_3c_25_9_5_frame_8.jpeg,113,0.220703125,512
2024_3c_25_9_5_frame_9.jpeg,119,0.232421875,512
2024_3c_25_9_6_frame_1.jpeg,119,0.232421875,512
2024_3c_25_9_6_frame_10.jpeg,126,0.24609375,512
2024_3c_25_9_6_frame_11.jpeg,122,0.23828125,512
2024_3c_25_9_6_frame_12.jpeg,127,0.248046875,512
2024_3c_25_9_6_frame_13.jpeg,120,0.234375,512
2024_3c_25_9_6_frame_14.jpeg,127,0.248046875,512
2024_3c_25_9_6_frame_15.jpeg,126,0.24609375,512
2024_3c_25_9_6_frame_16.jpeg,117,0.228515625,512
2024_3c_25_9_6_frame_17.jpeg,129,0.251953125,512
2024_3c_25_9_6_frame_18.jpeg,119,0.232421875,512
2024_3c_25_9_6_frame_19.jpeg,118,0.23046875,512
2024_3c_25_9_6_frame_2.jpeg,128,0.25,512
2024_3c_25_9_6_frame_20.jpeg,125,0.244140625,512
2024_3c_25_9_6_frame_21.jpeg,119,0.232421875,512
2024_3c_25_9_6_frame_22.jpeg,128,0.25,512
2024_3c_25_9_6_frame_23.jpeg,110,0.21484375,512
2024_3c_25_9_6_frame_24.jpeg,126,0.24609375,512
2024_3c_25_9_6_frame_25.jpeg,127,0.248046875,512
2024_3c_25_9_6_frame_26.jpeg,110,0.21484375,512
2024_3c_25_9_6_frame_27.jpeg,129,0.251953125,512
2024_3c_25_9_6_frame_28.jpeg,116,0.2265625,512
2024_3c_25_9_6_frame_29.jpeg,116,0.2265625,512
2024_3c_25_9_6_frame_3.jpeg,122,0.23828125,512
2024_3c_25_9_6_frame_30.jpeg,124,0.2421875,512
2024_3c_25_9_6_frame_31.jpeg,119,0.232421875,512
2024_3c_25_9_6_frame_32.jpeg,127,0.248046875,512
2024_3c_25_9_6_frame_33.jpeg,109,0.212890625,512
2024_3c_25_9_6_frame_34.jpeg,126,0.24609375,512
2024_3c_25_9_6_frame_35.jpeg,126,0.24609375,512
2024_3c_25_9_6_frame_36.jpeg,110,0.21484375,512
2024_3c_25_9_6_frame_37.jpeg,130,0.25390625,512
2024_3c_25_9_6_frame_38.jpeg,116,0.2265625,512
2024_3c_25_9_6_frame_39.jpeg,117,0.228515625,512
2024_3c_25_9_6_frame_4.jpeg,126,0.24609375,512
2024_3c_25_9_6_frame_40.jpeg,125,0.244140625,512
2024_3c_25_9_6_frame_41.jpeg,116,0.2265625,512
2024_3c_25_9_6_frame_42.jpeg,127,0.248046875,512
2024_3c_25_9_6_frame_43.jpeg,110,0.21484375,512
2024_3c_25_9_6_frame_44.jpeg,126,0.24609375,512
2024_3c_25_9_6_frame_45.jpeg,126,0.24609375,512
2024_3c_25_9_6_frame_46.jpeg,110,0.21484375,512
2024_3c_25_9_6_frame_47.jpeg,129,0.251953125,512
2024_3c_25_9_6_frame_48.jpeg,117,0.228515625,512
2024_3c_25_9_6_frame_49.jpeg,117,0.228515625,512
2024_3c_25_9_6_frame_5.jpeg,128,0.25,512
2024_3c_25_9_6_frame_50.jpeg,124,0.2421875,512
2024_3c_25_9_6_frame_6.jpeg,124,0.2421875,512
2024_3c_25_9_6_frame_7.jpeg,129,0.251953125,512
2024_3c_25_9_6_frame_8.jpeg,126,0.24609375,512
2024_3c_25_9_6_frame_9.jpeg,124,0.2421875,512
2024_3c_25_9_7_frame_1.jpeg,123,0.240234375,512
2024_3c_25_9_7_frame_10.jpeg,126,0.24609375,512
2024_3c_25_9_7_frame_11.jpeg,126,0.24609375,512
2024_3c_25_9_7_frame_12.jpeg,128,0.25,512
2024_3c_25_9_7_frame_13.jpeg,121,0.236328125,512
2024_3c_25_9_7_frame_14.jpeg,126,0.24609375,512
2024_3c_25_9_7_frame_15.jpeg,126,0.24609375,512
2024_3c_25_9_7_frame_16.jpeg,121,0.236328125,512
2024_3c_25_9_7_frame_17.jpeg,129,0.251953125,512
2024_3c_25_9_7_frame_18.jpeg,124,0.2421875,512
2024_3c_25_9_7_frame_19.jpeg,120,0.234375,512
2024_3c_25_9_7_frame_2.jpeg,128,0.25,512
2024_3c_25_9_7_frame_20.jpeg,126,0.24609375,512
2024_3c_25_9_7_frame_21.jpeg,119,0.232421875,512
2024_3c_25_9_7_frame_22.jpeg,127,0.248046875,512
2024_3c_25_9_7_frame_23.jpeg,110,0.21484375,512
2024_3c_25_9_7_frame_24.jpeg,126,0.24609375,512
2024_3c_25_9_7_frame_25.jpeg,126,0.24609375,512
2024_3c_25_9_7_frame_26.jpeg,110,0.21484375,512
2024_3c_25_9_7_frame_27.jpeg,129,0.251953125,512
2024_3c_25_9_7_frame_28.jpeg,119,0.232421875,512
2024_3c_25_9_7_frame_29.jpeg,118,0.23046875,512
2024_3c_25_9_7_frame_3.jpeg,123,0.240234375,512
2024_3c_25_9_7_frame_30.jpeg,125,0.244140625,512
2024_3c_25_9_7_frame_31.jpeg,119,0.232421875,512
2024_3c_25_9_7_frame_32.jpeg,128,0.25,512
2024_3c_25_9_7_frame_33.jpeg,110,0.21484375,512
2024_3c_25_9_7_frame_34.jpeg,126,0.24609375,512
2024_3c_25_9_7_frame_35.jpeg,126,0.24609375,512
2024_3c_25_9_7_frame_36.jpeg,110,0.21484375,512
2024_3c_25_9_7_frame_37.jpeg,129,0.251953125,512
2024_3c_25_9_7_frame_38.jpeg,117,0.228515625,512
2024_3c_25_9_7_frame_39.jpeg,120,0.234375,512
2024_3c_25_9_7_frame_4.jpeg,126,0.24609375,512
2024_3c_25_9_7_frame_40.jpeg,126,0.24609375,512
2024_3c_25_9_7_frame_41.jpeg,117,0.228515625,512
2024_3c_25_9_7_frame_42.jpeg,126,0.24609375,512
2024_3c_25_9_7_frame_43.jpeg,114,0.22265625,512
2024_3c_25_9_7_frame_44.jpeg,126,0.24609375,512
2024_3c_25_9_7_frame_45.jpeg,126,0.24609375,512
2024_3c_25_9_7_frame_46.jpeg,110,0.21484375,512
2024_3c_25_9_7_frame_47.jpeg,129,0.251953125,512
2024_3c_25_9_7_frame_48.jpeg,117,0.228515625,512
2024_3c_25_9_7_frame_49.jpeg,120,0.234375,512
2024_3c_25_9_7_frame_5.jpeg,128,0.25,512
2024_3c_25_9_7_frame_50.jpeg,127,0.248046875,512
2024_3c_25_9_7_frame_6.jpeg,124,0.2421875,512
2024_3c_25_9_7_frame_7.jpeg,129,0.251953125,512
2024_3c_25_9_7_frame_8.jpeg,123,0.240234375,512
2024_3c_25_9_7_frame_9.jpeg,124,0.2421875,512
2024_3c_25_9_8_frame_1.jpeg,126,0.24609375,512
2024_3c_25_9_8_frame_10.jpeg,121,0.236328125,512
2024_3c_25_9_8_frame_11.jpeg,126,0.24609375,512
2024_3c_25_9_8_frame_12.jpeg,126,0.24609375,512
2024_3c_25_9_8_frame_13.jpeg,120,0.234375,512
2024_3c_25_9_8_frame_14.jpeg,127,0.248046875,512
2024_3c_25_9_8_frame_15.jpeg,119,0.232421875,512
2024_3c_25_9_8_frame_16.jpeg,124,0.2421875,512
2024_3c_25_9_8_frame_17.jpeg,122,0.23828125,512
2024_3c_25_9_8_frame_18.jpeg,122,0.23828125,512
2024_3c_25_9_8_frame_19.jpeg,127,0.248046875,512
2024_3c_25_9_8_frame_2.jpeg,126,0.24609375,512
2024_3c_25_9_8_frame_20.jpeg,110,0.21484375,512
2024_3c_25_9_8_frame_21.jpeg,126,0.24609375,512
2024_3c_25_9_8_frame_22.jpeg,122,0.23828125,512
2024_3c_25_9_8_frame_23.jpeg,110,0.21484375,512
2024_3c_25_9_8_frame_24.jpeg,126,0.24609375,512
2024_3c_25_9_8_frame_25.jpeg,114,0.22265625,512
2024_3c_25_9_8_frame_26.jpeg,123,0.240234375,512
2024_3c_25_9_8_frame_27.jpeg,119,0.232421875,512
2024_3c_25_9_8_frame_28.jpeg,117,0.228515625,512
2024_3c_25_9_8_frame_29.jpeg,126,0.24609375,512
2024_3c_25_9_8_frame_3.jpeg,121,0.236328125,512
2024_3c_25_9_8_frame_30.jpeg,109,0.212890625,512
2024_3c_25_9_8_frame_31.jpeg,126,0.24609375,512
2024_3c_25_9_8_frame_32.jpeg,119,0.232421875,512
2024_3c_25_9_8_frame_33.jpeg,110,0.21484375,512
2024_3c_25_9_8_frame_34.jpeg,126,0.24609375,512
2024_3c_25_9_8_frame_35.jpeg,113,0.220703125,512
2024_3c_25_9_8_frame_36.jpeg,124,0.2421875,512
2024_3c_25_9_8_frame_37.jpeg,119,0.232421875,512
2024_3c_25_9_8_frame_38.jpeg,118,0.23046875,512
2024_3c_25_9_8_frame_39.jpeg,126,0.24609375,512
2024_3c_25_9_8_frame_4.jpeg,127,0.248046875,512
2024_3c_25_9_8_frame_40.jpeg,110,0.21484375,512
2024_3c_25_9_8_frame_41.jpeg,126,0.24609375,512
2024_3c_25_9_8_frame_42.jpeg,119,0.232421875,512
2024_3c_25_9_8_frame_43.jpeg,110,0.21484375,512
2024_3c_25_9_8_frame_44.jpeg,127,0.248046875,512
2024_3c_25_9_8_frame_45.jpeg,113,0.220703125,512
2024_3c_25_9_8_frame_46.jpeg,125,0.244140625,512
2024_3c_25_9_8_frame_47.jpeg,119,0.232421875,512
2024_3c_25_9_8_frame_48.jpeg,117,0.228515625,512
2024_3c_25_9_8_frame_49.jpeg,126,0.24609375,512
2024_3c_25_9_8_frame_5.jpeg,126,0.24609375,512
2024_3c_25_9_8_frame_50.jpeg,109,0.212890625,512
2024_3c_25_9_8_frame_6.jpeg,126,0.24609375,512
2024_3c_25_9_8_frame_7.jpeg,124,0.2421875,512
2024_3c_25_9_8_frame_8.jpeg,126,0.24609375,512
2024_3c_25_9_8_frame_9.jpeg,127,0.248046875,512
2024_3c_25_9_9_frame_1.jpeg,127,0.248046875,512
2024_3c_25_9_9_frame_10.jpeg,134,0.26171875,512
2024_3c_25_9_9_frame_11.jpeg,126,0.24609375,512
2024_3c_25_9_9_frame_12.jpeg,134,0.26171875,512
2024_3c_25_9_9_frame_13.jpeg,127,0.248046875,512
2024_3c_25_9_9_frame_14.jpeg,130,0.25390625,512
2024_3c_25_9_9_frame_15.jpeg,131,0.255859375,512
2024_3c_25_9_9_frame_16.jpeg,125,0.244140625,512
2024_3c_25_9_9_frame_17.jpeg,133,0.259765625,512
2024_3c_25_9_9_frame_18.jpeg,126,0.24609375,512
2024_3c_25_9_9_frame_19.jpeg,127,0.248046875,512
2024_3c_25_9_9_frame_2.jpeg,135,0.263671875,512
2024_3c_25_9_9_frame_20.jpeg,130,0.25390625,512
2024_3c_25_9_9_frame_21.jpeg,126,0.24609375,512
2024_3c_25_9_9_frame_22.jpeg,135,0.263671875,512
2024_3c_25_9_9_frame_23.jpeg,123,0.240234375,512
2024_3c_25_9_9_frame_24.jpeg,128,0.25,512
2024_3c_25_9_9_frame_25.jpeg,131,0.255859375,512
2024_3c_25_9_9_frame_26.jpeg,124,0.2421875,512
2024_3c_25_9_9_frame_27.jpeg,133,0.259765625,512
2024_3c_25_9_9_frame_28.jpeg,124,0.2421875,512
2024_3c_25_9_9_frame_29.jpeg,125,0.244140625,512
2024_3c_25_9_9_frame_3.jpeg,128,0.25,512
2024_3c_25_9_9_frame_30.jpeg,129,0.251953125,512
2024_3c_25_9_9_frame_31.jpeg,123,0.240234375,512
2024_3c_25_9_9_frame_32.jpeg,135,0.263671875,512
2024_3c_25_9_9_frame_33.jpeg,122,0.23828125,512
2024_3c_25_9_9_frame_34.jpeg,128,0.25,512
2024_3c_25_9_9_frame_35.jpeg,131,0.255859375,512
2024_3c_25_9_9_frame_36.jpeg,123,0.240234375,512
2024_3c_25_9_9_frame_37.jpeg,133,0.259765625,512
2024_3c_25_9_9_frame_38.jpeg,124,0.2421875,512
2024_3c_25_9_9_frame_39.jpeg,125,0.244140625,512
2024_3c_25_9_9_frame_4.jpeg,127,0.248046875,512
2024_3c_25_9_9_frame_40.jpeg,130,0.25390625,512
2024_3c_25_9_9_frame_41.jpeg,119,0.232421875,512
2024_3c_25_9_9_frame_42.jpeg,135,0.263671875,512
2024_3c_25_9_9_frame_43.jpeg,123,0.240234375,512
2024_3c_25_9_9_frame_44.jpeg,127,0.248046875,512
2024_3c_25_9_9_frame_45.jpeg,130,0.25390625,512
2024_3c_25_9_9_frame_46.jpeg,123,0.240234375,512
2024_3c_25_9_9_frame_47.jpeg,132,0.2578125,512
2024_3c_25_9_9_frame_48.jpeg,119,0.232421875,512
2024_3c_25_9_9_frame_49.jpeg,126,0.24609375,512
2024_3c_25_9_9_frame_5.jpeg,131,0.255859375,512
2024_3c_25_9_9_frame_50.jpeg,130,0.25390625,512
2024_3c_25_9_9_frame_6.jpeg,129,0.251953125,512
2024_3c_25_9_9_frame_7.jpeg,133,0.259765625,512
2024_3c_25_9_9_frame_8.jpeg,128,0.25,512
2024_3c_25_9_9_frame_9.jpeg,129,0.251953125,512
