filename,row_left_px,row_right_px,row_left_norm,row_right_norm,row_px,row_norm
7075_22c_40_1_1_frame_1.jpeg,306.5072021484375,308.2082824707031,0.598646879196167,0.601969301700592,307.3577423095703,0.6003080904483795
7075_22c_40_1_1_frame_10.jpeg,306.2517395019531,308.1000671386719,0.5981479287147522,0.6017579436302185,307.1759033203125,0.5999529361724854
7075_22c_40_1_1_frame_11.jpeg,306.1690368652344,307.8603515625,0.5979864001274109,0.6012897491455078,307.0146942138672,0.5996380746364594
7075_22c_40_1_1_frame_12.jpeg,306.10491943359375,308.1833190917969,0.5978611707687378,0.6019205451011658,307.1441192626953,0.5998908579349518
7075_22c_40_1_1_frame_13.jpeg,306.30029296875,308.4017333984375,0.5982427597045898,0.6023471355438232,307.35101318359375,0.6002949476242065
7075_22c_40_1_1_frame_14.jpeg,306.10888671875,307.8653564453125,0.5978689193725586,0.601299524307251,306.98712158203125,0.5995842218399048
7075_22c_40_1_1_frame_15.jpeg,306.63177490234375,308.60125732421875,0.5988901853561401,0.6027368307113647,307.61651611328125,0.6008135080337524
7075_22c_40_1_1_frame_16.jpeg,305.54827880859375,307.6517333984375,0.5967739820480347,0.6008822917938232,306.6000061035156,0.598828136920929
7075_22c_40_1_1_frame_17.jpeg,306.3841247558594,308.297119140625,0.5984064936637878,0.6021428108215332,307.3406219482422,0.6002746522426605
7075_22c_40_1_1_frame_18.jpeg,306.1112365722656,308.1344299316406,0.5978735089302063,0.6018250584602356,307.1228332519531,0.599849283695221
7075_22c_40_1_1_frame_19.jpeg,305.8748779296875,307.949462890625,0.5974118709564209,0.601463794708252,306.91217041015625,0.5994378328323364
7075_22c_40_1_1_frame_2.jpeg,305.95477294921875,308.02728271484375,0.5975679159164429,0.6016157865524292,306.99102783203125,0.599591851234436
7075_22c_40_1_1_frame_20.jpeg,306.09564208984375,307.94091796875,0.5978430509567261,0.6014471054077148,307.0182800292969,0.5996450781822205
7075_22c_40_1_1_frame_21.jpeg,306.3141784667969,307.9915771484375,0.5982698798179626,0.601546049118042,307.1528778076172,0.5999079644680023
7075_22c_40_1_1_frame_22.jpeg,306.2803039550781,308.3948669433594,0.598203718662262,0.6023337244987488,307.33758544921875,0.6002687215805054
7075_22c_40_1_1_frame_23.jpeg,306.2682800292969,308.4847106933594,0.5981802344322205,0.6025092005729675,307.3764953613281,0.600344717502594
7075_22c_40_1_1_frame_24.jpeg,306.01116943359375,307.77105712890625,0.5976780652999878,0.601115345954895,306.89111328125,0.5993967056274414
7075_22c_40_1_1_frame_25.jpeg,306.6549987792969,308.6755065917969,0.5989355444908142,0.6028818488121033,307.6652526855469,0.6009086966514587
7075_22c_40_1_1_frame_26.jpeg,305.5746154785156,307.7659912109375,0.5968254208564758,0.6011054515838623,306.67030334472656,0.5989654362201691
7075_22c_40_1_1_frame_27.jpeg,306.4813537597656,308.4709167480469,0.5985963940620422,0.602482259273529,307.47613525390625,0.6005393266677856
7075_22c_40_1_1_frame_28.jpeg,306.0613708496094,308.1385803222656,0.5977761149406433,0.601833164691925,307.0999755859375,0.5998046398162842
7075_22c_40_1_1_frame_29.jpeg,305.8827819824219,307.970947265625,0.5974273085594177,0.6015057563781738,306.92686462402344,0.5994665324687958
7075_22c_40_1_1_frame_3.jpeg,306.6239318847656,308.6473083496094,0.5988748669624329,0.6028267741203308,307.6356201171875,0.6008508205413818
7075_22c_40_1_1_frame_30.jpeg,306.1784973144531,308.0718994140625,0.5980048775672913,0.6017029285430908,307.1251983642578,0.599853903055191
7075_22c_40_1_1_frame_31.jpeg,306.16815185546875,307.8590393066406,0.5979846715927124,0.6012871861457825,307.0135955810547,0.5996359288692474
7075_22c_40_1_1_frame_32.jpeg,306.1970520019531,308.2994079589844,0.5980411171913147,0.6021472811698914,307.24822998046875,0.600094199180603
7075_22c_40_1_1_frame_33.jpeg,306.19317626953125,308.3126220703125,0.5980335474014282,0.6021730899810791,307.2528991699219,0.6001033186912537
7075_22c_40_1_1_frame_34.jpeg,306.1997985839844,307.9762268066406,0.5980464816093445,0.60151606798172,307.0880126953125,0.5997812747955322
7075_22c_40_1_1_frame_35.jpeg,306.6036682128906,308.5618896484375,0.598835289478302,0.6026599407196045,307.58277893066406,0.6007476150989532
7075_22c_40_1_1_frame_36.jpeg,305.5947570800781,307.6888732910156,0.5968647599220276,0.6009548306465149,306.6418151855469,0.5989097952842712
7075_22c_40_1_1_frame_37.jpeg,306.2309875488281,308.144287109375,0.5981073975563049,0.601844310760498,307.18763732910156,0.5999758541584015
7075_22c_40_1_1_frame_38.jpeg,306.03704833984375,308.0151062011719,0.5977286100387573,0.6015920042991638,307.0260772705078,0.5996603071689606
7075_22c_40_1_1_frame_39.jpeg,305.82147216796875,307.8415222167969,0.597307562828064,0.6012529730796814,306.8314971923828,0.5992802679538727
7075_22c_40_1_1_frame_4.jpeg,306.3062744140625,308.1651611328125,0.5982544422149658,0.6018850803375244,307.2357177734375,0.6000697612762451
7075_22c_40_1_1_frame_40.jpeg,306.4195556640625,308.2861633300781,0.5984756946563721,0.6021214127540588,307.3528594970703,0.6002985537052155
7075_22c_40_1_1_frame_41.jpeg,306.1679382324219,307.8724060058594,0.597984254360199,0.6013132929801941,307.0201721191406,0.5996487736701965
7075_22c_40_1_1_frame_42.jpeg,306.18499755859375,308.282470703125,0.5980175733566284,0.602114200592041,307.2337341308594,0.6000658869743347
7075_22c_40_1_1_frame_43.jpeg,306.5225524902344,308.6007385253906,0.598676860332489,0.6027358174324036,307.5616455078125,0.6007063388824463
7075_22c_40_1_1_frame_44.jpeg,306.2373046875,308.0543518066406,0.5981197357177734,0.601668655872345,307.1458282470703,0.5998941957950592
7075_22c_40_1_1_frame_45.jpeg,306.7353210449219,308.75079345703125,0.599092423915863,0.6030288934707642,307.74305725097656,0.6010606586933136
7075_22c_40_1_1_frame_46.jpeg,305.71795654296875,307.82269287109375,0.5971053838729858,0.601216197013855,306.77032470703125,0.5991607904434204
7075_22c_40_1_1_frame_47.jpeg,306.3372497558594,308.3324279785156,0.5983149409294128,0.6022117733955383,307.3348388671875,0.6002633571624756
7075_22c_40_1_1_frame_48.jpeg,306.1548767089844,308.2143249511719,0.5979587435722351,0.6019811034202576,307.1846008300781,0.5999699234962463
7075_22c_40_1_1_frame_49.jpeg,305.8746643066406,307.93988037109375,0.5974114537239075,0.6014450788497925,306.9072723388672,0.59942826628685
7075_22c_40_1_1_frame_5.jpeg,306.696044921875,308.7044372558594,0.5990157127380371,0.6029383540153503,307.7002410888672,0.6009770333766937
7075_22c_40_1_1_frame_50.jpeg,306.4810485839844,308.3758239746094,0.5985957980155945,0.6022965312004089,307.4284362792969,0.6004461646080017
7075_22c_40_1_1_frame_6.jpeg,305.8893127441406,307.91607666015625,0.5974400639533997,0.6013985872268677,306.90269470214844,0.5994193255901337
7075_22c_40_1_1_frame_7.jpeg,306.4239501953125,308.3958435058594,0.5984842777252197,0.6023356318473816,307.40989685058594,0.6004099547863007
7075_22c_40_1_1_frame_8.jpeg,305.9942321777344,307.9801025390625,0.5976449847221375,0.6015236377716064,306.98716735839844,0.599584311246872
7075_22c_40_1_1_frame_9.jpeg,305.8460388183594,307.86376953125,0.5973555445671082,0.6012964248657227,306.8549041748047,0.5993259847164154
7075_22c_40_1_2_frame_1.jpeg,303.6289367675781,303.4853515625,0.593025267124176,0.5927448272705078,303.55714416503906,0.5928850471973419
7075_22c_40_1_2_frame_10.jpeg,302.2686462402344,301.36651611328125,0.5903684496879578,0.5886064767837524,301.8175811767578,0.5894874632358551
7075_22c_40_1_2_frame_11.jpeg,303.3420104980469,302.82391357421875,0.5924648642539978,0.591452956199646,303.0829620361328,0.5919589102268219
7075_22c_40_1_2_frame_12.jpeg,302.7854309082031,302.1007385253906,0.5913777947425842,0.5900405049324036,302.4430847167969,0.5907091498374939
7075_22c_40_1_2_frame_13.jpeg,302.91986083984375,302.0395812988281,0.5916403532028198,0.5899210572242737,302.47972106933594,0.5907807052135468
7075_22c_40_1_2_frame_14.jpeg,304.05908203125,303.6317138671875,0.5938653945922852,0.5930306911468506,303.84539794921875,0.5934480428695679
7075_22c_40_1_2_frame_15.jpeg,303.077880859375,302.4991149902344,0.5919489860534668,0.5908185839653015,302.7884979248047,0.5913837850093842
7075_22c_40_1_2_frame_16.jpeg,302.6663513183594,301.9112548828125,0.5911452174186707,0.5896704196929932,302.28880310058594,0.5904078185558319
7075_22c_40_1_2_frame_17.jpeg,302.4696960449219,301.7147521972656,0.590761125087738,0.5892866253852844,302.09222412109375,0.5900238752365112
7075_22c_40_1_2_frame_18.jpeg,304.0425720214844,303.6546630859375,0.5938331484794617,0.5930755138397217,303.84861755371094,0.5934543311595917
7075_22c_40_1_2_frame_19.jpeg,302.95526123046875,302.1263732910156,0.5917094945907593,0.5900905728340149,302.5408172607422,0.5909000337123871
7075_22c_40_1_2_frame_2.jpeg,302.81011962890625,302.11669921875,0.5914260149002075,0.5900716781616211,302.4634094238281,0.5907488465309143
7075_22c_40_1_2_frame_20.jpeg,302.4740295410156,301.52423095703125,0.5907695889472961,0.5889145135879517,301.99913024902344,0.5898420512676239
7075_22c_40_1_2_frame_21.jpeg,303.5699157714844,303.1868591308594,0.5929099917411804,0.5921618342399597,303.3783874511719,0.5925359129905701
7075_22c_40_1_2_frame_22.jpeg,302.70037841796875,302.0232849121094,0.5912116765975952,0.5898892283439636,302.36183166503906,0.5905504524707794
7075_22c_40_1_2_frame_23.jpeg,302.8372497558594,301.9242248535156,0.5914790034294128,0.5896957516670227,302.3807373046875,0.5905873775482178
7075_22c_40_1_2_frame_24.jpeg,303.7752990722656,303.3432312011719,0.5933111310005188,0.5924672484397888,303.55926513671875,0.5928891897201538
7075_22c_40_1_2_frame_25.jpeg,302.75006103515625,302.13629150390625,0.5913087129592896,0.5901099443435669,302.44317626953125,0.5907093286514282
7075_22c_40_1_2_frame_26.jpeg,302.41217041015625,301.6783752441406,0.5906487703323364,0.5892155766487122,302.04527282714844,0.5899321734905243
7075_22c_40_1_2_frame_27.jpeg,302.82666015625,302.1615905761719,0.5914583206176758,0.5901593565940857,302.49412536621094,0.5908088386058807
7075_22c_40_1_2_frame_28.jpeg,303.98980712890625,303.5816345214844,0.593730092048645,0.5929328799247742,303.7857208251953,0.5933314859867096
7075_22c_40_1_2_frame_29.jpeg,302.9305725097656,302.1365661621094,0.591661274433136,0.5901104807853699,302.5335693359375,0.5908858776092529
7075_22c_40_1_2_frame_3.jpeg,302.7919616699219,301.8609619140625,0.5913905501365662,0.5895721912384033,302.3264617919922,0.5904813706874847
7075_22c_40_1_2_frame_30.jpeg,302.4228210449219,301.4950256347656,0.590669572353363,0.5888574719429016,301.95892333984375,0.5897635221481323
7075_22c_40_1_2_frame_31.jpeg,303.3780822753906,302.943359375,0.5925353169441223,0.5916862487792969,303.1607208251953,0.5921107828617096
7075_22c_40_1_2_frame_32.jpeg,302.68939208984375,302.0276794433594,0.5911902189254761,0.5898978114128113,302.35853576660156,0.5905440151691437
7075_22c_40_1_2_frame_33.jpeg,302.9077453613281,302.0564880371094,0.591616690158844,0.5899540781974792,302.48211669921875,0.5907853841781616
7075_22c_40_1_2_frame_34.jpeg,303.649658203125,303.2110595703125,0.5930657386779785,0.5922091007232666,303.43035888671875,0.5926374197006226
7075_22c_40_1_2_frame_35.jpeg,302.8497619628906,302.29754638671875,0.5915034413337708,0.5904248952865601,302.5736541748047,0.5909641683101654
7075_22c_40_1_2_frame_36.jpeg,302.2693176269531,301.5245361328125,0.5903697609901428,0.5889151096343994,301.8969268798828,0.5896424353122711
7075_22c_40_1_2_frame_37.jpeg,302.6853942871094,302.00628662109375,0.5911824107170105,0.5898560285568237,302.34584045410156,0.5905192196369171
7075_22c_40_1_2_frame_38.jpeg,303.958740234375,303.6018371582031,0.5936694145202637,0.5929723381996155,303.78028869628906,0.5933208763599396
7075_22c_40_1_2_frame_39.jpeg,302.7628173828125,301.95062255859375,0.5913336277008057,0.5897473096847534,302.3567199707031,0.5905404686927795
7075_22c_40_1_2_frame_4.jpeg,303.8215026855469,303.3654479980469,0.5934013724327087,0.5925106406211853,303.5934753417969,0.592956006526947
7075_22c_40_1_2_frame_40.jpeg,302.4073791503906,301.47125244140625,0.5906394124031067,0.5888110399246216,301.93931579589844,0.5897252261638641
7075_22c_40_1_2_frame_41.jpeg,303.641845703125,303.4913635253906,0.593050479888916,0.5927565693855286,303.5666046142578,0.5929035246372223
7075_22c_40_1_2_frame_42.jpeg,302.7156066894531,302.08856201171875,0.5912414193153381,0.5900167226791382,302.40208435058594,0.5906290709972382
7075_22c_40_1_2_frame_43.jpeg,302.0037841796875,301.2004699707031,0.5898511409759521,0.5882821679115295,301.6021270751953,0.5890666544437408
7075_22c_40_1_2_frame_44.jpeg,304.1258850097656,303.80950927734375,0.5939958691596985,0.593377947807312,303.9676971435547,0.5936869084835052
7075_22c_40_1_2_frame_45.jpeg,303.3399353027344,302.90655517578125,0.5924608111381531,0.5916143655776978,303.1232452392578,0.5920375883579254
7075_22c_40_1_2_frame_46.jpeg,302.17291259765625,301.3812561035156,0.5901814699172974,0.588635265827179,301.77708435058594,0.5894083678722382
7075_22c_40_1_2_frame_47.jpeg,302.76336669921875,302.15716552734375,0.5913347005844116,0.5901507139205933,302.46026611328125,0.5907427072525024
7075_22c_40_1_2_frame_48.jpeg,303.387939453125,303.0001525878906,0.5925545692443848,0.5917971730232239,303.1940460205078,0.5921758711338043
7075_22c_40_1_2_frame_49.jpeg,303.14495849609375,302.4300842285156,0.5920799970626831,0.5906837582588196,302.7875213623047,0.5913818776607513
7075_22c_40_1_2_frame_5.jpeg,302.9382629394531,302.3210754394531,0.5916762948036194,0.5904708504676819,302.6296691894531,0.5910735726356506
7075_22c_40_1_2_frame_50.jpeg,302.74432373046875,301.9388427734375,0.5912975072860718,0.5897243022918701,302.3415832519531,0.590510904788971
7075_22c_40_1_2_frame_6.jpeg,302.60809326171875,301.8435363769531,0.5910314321517944,0.5895381569862366,302.22581481933594,0.5902847945690155
7075_22c_40_1_2_frame_7.jpeg,302.6203308105469,301.89373779296875,0.5910553336143494,0.5896362066268921,302.2570343017578,0.5903457701206207
7075_22c_40_1_2_frame_8.jpeg,304.0625915527344,303.6730651855469,0.5938722491264343,0.5931114554405212,303.8678283691406,0.5934918522834778
7075_22c_40_1_2_frame_9.jpeg,302.9358215332031,302.111572265625,0.5916715264320374,0.5900616645812988,302.52369689941406,0.5908665955066681
7075_22c_40_1_3_frame_1.jpeg,301.6249084472656,300.8353576660156,0.5891111493110657,0.5875690579414368,301.2301330566406,0.5883401036262512
7075_22c_40_1_3_frame_10.jpeg,299.695068359375,298.7348937988281,0.5853419303894043,0.5834665894508362,299.21498107910156,0.5844042599201202
7075_22c_40_1_3_frame_11.jpeg,301.277587890625,300.50115966796875,0.588432788848877,0.5869163274765015,300.8893737792969,0.5876745581626892
7075_22c_40_1_3_frame_12.jpeg,301.3670349121094,300.74334716796875,0.5886074900627136,0.587389349937439,301.05519104003906,0.5879984200000763
7075_22c_40_1_3_frame_13.jpeg,300.2373352050781,299.3450012207031,0.5864010453224182,0.5846582055091858,299.7911682128906,0.585529625415802
7075_22c_40_1_3_frame_14.jpeg,300.3813171386719,299.5318298339844,0.5866822600364685,0.5850231051445007,299.9565734863281,0.5858526825904846
7075_22c_40_1_3_frame_15.jpeg,302.0079040527344,301.6516418457031,0.5898591876029968,0.5891633629798889,301.82977294921875,0.5895112752914429
7075_22c_40_1_3_frame_16.jpeg,299.9645080566406,299.00921630859375,0.5858681797981262,0.5840023756027222,299.4868621826172,0.5849352777004242
7075_22c_40_1_3_frame_17.jpeg,299.36517333984375,298.3129577636719,0.5846976041793823,0.5826424956321716,298.8390655517578,0.583670049905777
7075_22c_40_1_3_frame_18.jpeg,301.9539794921875,301.6357421875,0.5897538661956787,0.5891323089599609,301.79486083984375,0.5894430875778198
7075_22c_40_1_3_frame_19.jpeg,300.9285888671875,300.16119384765625,0.5877511501312256,0.5862523317337036,300.5448913574219,0.5870017409324646
7075_22c_40_1_3_frame_2.jpeg,301.39947509765625,300.6658020019531,0.5886708498001099,0.5872378945350647,301.0326385498047,0.5879543721675873
7075_22c_40_1_3_frame_20.jpeg,299.5029296875,298.4889221191406,0.5849666595458984,0.5829861760139465,298.9959259033203,0.5839764177799225
7075_22c_40_1_3_frame_21.jpeg,301.3770751953125,300.5746765136719,0.5886270999908447,0.5870599150657654,300.9758758544922,0.587843507528305
7075_22c_40_1_3_frame_22.jpeg,301.58624267578125,301.0762634277344,0.5890356302261353,0.5880395770072937,301.3312530517578,0.5885376036167145
7075_22c_40_1_3_frame_23.jpeg,299.60784912109375,298.6838073730469,0.5851715803146362,0.5833668112754822,299.1458282470703,0.5842691957950592
7075_22c_40_1_3_frame_24.jpeg,299.9834289550781,298.9855041503906,0.585905134677887,0.5839560627937317,299.4844665527344,0.5849305987358093
7075_22c_40_1_3_frame_25.jpeg,301.6865539550781,301.2319030761719,0.589231550693512,0.5883435606956482,301.459228515625,0.5887875556945801
7075_22c_40_1_3_frame_26.jpeg,300.5541076660156,299.7589416503906,0.5870197415351868,0.5854666829109192,300.1565246582031,0.586243212223053
7075_22c_40_1_3_frame_27.jpeg,299.6526794433594,298.6195068359375,0.5852591395378113,0.5832412242889404,299.13609313964844,0.5842501819133759
7075_22c_40_1_3_frame_28.jpeg,301.76251220703125,301.23150634765625,0.5893799066543579,0.5883427858352661,301.49700927734375,0.588861346244812
7075_22c_40_1_3_frame_29.jpeg,300.8625793457031,300.11724853515625,0.5876222252845764,0.586166501045227,300.4899139404297,0.5868943631649017
7075_22c_40_1_3_frame_3.jpeg,299.9140319824219,298.9353332519531,0.5857695937156677,0.583858072757721,299.4246826171875,0.5848138332366943
7075_22c_40_1_3_frame_30.jpeg,299.4759826660156,298.50457763671875,0.5849140286445618,0.5830167531967163,298.9902801513672,0.583965390920639
7075_22c_40_1_3_frame_31.jpeg,301.4367370605469,300.73236083984375,0.5887436270713806,0.5873678922653198,301.0845489501953,0.5880557596683502
7075_22c_40_1_3_frame_32.jpeg,301.53424072265625,301.02703857421875,0.588934063911438,0.587943434715271,301.2806396484375,0.5884387493133545
7075_22c_40_1_3_frame_33.jpeg,300.22686767578125,299.3592529296875,0.5863806009292603,0.5846860408782959,299.7930603027344,0.5855333209037781
7075_22c_40_1_3_frame_34.jpeg,300.08575439453125,299.2070007324219,0.5861049890518188,0.5843886733055115,299.64637756347656,0.5852468311786652
7075_22c_40_1_3_frame_35.jpeg,301.7702331542969,301.43585205078125,0.5893949866294861,0.5887418985366821,301.60304260253906,0.5890684425830841
7075_22c_40_1_3_frame_36.jpeg,300.00579833984375,299.1122741699219,0.5859488248825073,0.5842036604881287,299.5590362548828,0.585076242685318
7075_22c_40_1_3_frame_37.jpeg,299.3798522949219,298.3597106933594,0.5847262740135193,0.5827338099479675,298.8697814941406,0.5837300419807434
7075_22c_40_1_3_frame_38.jpeg,301.98822021484375,301.7274169921875,0.5898207426071167,0.5893113613128662,301.8578186035156,0.5895660519599915
7075_22c_40_1_3_frame_39.jpeg,300.9638671875,300.2304992675781,0.5878200531005859,0.5863876938819885,300.59718322753906,0.5871038734912872
7075_22c_40_1_3_frame_4.jpeg,300.2469177246094,299.2838439941406,0.5864197611808777,0.5845387578010559,299.765380859375,0.5854792594909668
7075_22c_40_1_3_frame_40.jpeg,299.7826843261719,298.8189697265625,0.5855130553245544,0.5836308002471924,299.3008270263672,0.5845719277858734
7075_22c_40_1_3_frame_41.jpeg,301.48077392578125,300.77337646484375,0.5888296365737915,0.587448000907898,301.1270751953125,0.5881388187408447
7075_22c_40_1_3_frame_42.jpeg,301.58380126953125,301.1636657714844,0.5890308618545532,0.5882102847099304,301.3737335205078,0.5886205732822418
7075_22c_40_1_3_frame_43.jpeg,299.67449951171875,298.8135986328125,0.5853017568588257,0.5836203098297119,299.2440490722656,0.5844610333442688
7075_22c_40_1_3_frame_44.jpeg,299.90338134765625,298.9510803222656,0.5857487916946411,0.583888828754425,299.42723083496094,0.5848188102245331
7075_22c_40_1_3_frame_45.jpeg,302.2444763183594,302.0320129394531,0.5903212428092957,0.5899062752723694,302.13824462890625,0.5901137590408325
7075_22c_40_1_3_frame_46.jpeg,300.19415283203125,299.2720642089844,0.586316704750061,0.5845157504081726,299.7331085205078,0.5854162275791168
7075_22c_40_1_3_frame_47.jpeg,299.54425048828125,298.55364990234375,0.5850473642349243,0.5831125974655151,299.0489501953125,0.5840799808502197
7075_22c_40_1_3_frame_48.jpeg,302.3403625488281,302.26605224609375,0.5905085206031799,0.5903633832931519,302.30320739746094,0.5904359519481659
7075_22c_40_1_3_frame_49.jpeg,301.3216552734375,300.58172607421875,0.5885188579559326,0.5870736837387085,300.9516906738281,0.5877962708473206
7075_22c_40_1_3_frame_5.jpeg,301.7166442871094,301.163330078125,0.5892903208732605,0.5882096290588379,301.4399871826172,0.5887499749660492
7075_22c_40_1_3_frame_50.jpeg,299.4478759765625,298.47064208984375,0.5848591327667236,0.5829504728317261,298.9592590332031,0.5839048027992249
7075_22c_40_1_3_frame_6.jpeg,300.6224670410156,299.7513427734375,0.5871532559394836,0.5854518413543701,300.18690490722656,0.5863025486469269
7075_22c_40_1_3_frame_7.jpeg,299.81011962890625,298.78033447265625,0.5855666399002075,0.5835553407669067,299.29522705078125,0.5845609903335571
7075_22c_40_1_3_frame_8.jpeg,301.8197021484375,301.2123718261719,0.589491605758667,0.5883054137229919,301.5160369873047,0.5888985097408295
7075_22c_40_1_3_frame_9.jpeg,301.06170654296875,300.33001708984375,0.5880111455917358,0.5865820646286011,300.69586181640625,0.5872966051101685
7075_22c_40_1_4_frame_1.jpeg,300.77813720703125,300.4025573730469,0.5874572992324829,0.5867237448692322,300.59034729003906,0.5870905220508575
7075_22c_40_1_4_frame_10.jpeg,298.6395263671875,297.9168701171875,0.5832803249359131,0.5818688869476318,298.2781982421875,0.5825746059417725
7075_22c_40_1_4_frame_11.jpeg,300.8718566894531,300.502197265625,0.5876403450965881,0.5869183540344238,300.68702697753906,0.587279349565506
7075_22c_40_1_4_frame_12.jpeg,298.8849182128906,298.2038879394531,0.583759605884552,0.5824294686317444,298.5444030761719,0.5830945372581482
7075_22c_40_1_4_frame_13.jpeg,297.6927795410156,297.0318908691406,0.5814312100410461,0.5801404118537903,297.3623352050781,0.5807858109474182
7075_22c_40_1_4_frame_14.jpeg,300.69708251953125,300.1527404785156,0.5872989892959595,0.5862358212471008,300.42491149902344,0.5867674052715302
7075_22c_40_1_4_frame_15.jpeg,300.33172607421875,299.8017272949219,0.5865854024887085,0.5855502486228943,300.0667266845703,0.5860678255558014
7075_22c_40_1_4_frame_16.jpeg,297.8094787597656,296.9924011230469,0.5816591382026672,0.5800632834434509,297.40093994140625,0.5808612108230591
7075_22c_40_1_4_frame_17.jpeg,299.0694885253906,298.5107116699219,0.5841200947761536,0.5830287337303162,298.79010009765625,0.5835744142532349
7075_22c_40_1_4_frame_18.jpeg,300.6992492675781,300.40338134765625,0.5873032212257385,0.5867253541946411,300.5513153076172,0.5870142877101898
7075_22c_40_1_4_frame_19.jpeg,297.8729248046875,297.0595703125,0.5817830562591553,0.5801944732666016,297.46624755859375,0.5809887647628784
7075_22c_40_1_4_frame_2.jpeg,298.9706115722656,298.33880615234375,0.5839269757270813,0.5826929807662964,298.6547088623047,0.5833099782466888
7075_22c_40_1_4_frame_20.jpeg,298.0817565917969,297.36138916015625,0.5821909308433533,0.5807839632034302,297.72157287597656,0.5814874470233917
7075_22c_40_1_4_frame_21.jpeg,301.0417785644531,300.7856140136719,0.5879722237586975,0.5874719023704529,300.9136962890625,0.5877220630645752
7075_22c_40_1_4_frame_22.jpeg,298.8914794921875,298.2015075683594,0.5837724208831787,0.5824248194694519,298.54649353027344,0.5830986201763153
7075_22c_40_1_4_frame_23.jpeg,297.2276306152344,296.6527099609375,0.5805227160453796,0.579399824142456,296.94017028808594,0.5799612700939178
7075_22c_40_1_4_frame_24.jpeg,300.7574157714844,300.26043701171875,0.5874168276786804,0.5864461660385132,300.50892639160156,0.5869314968585968
7075_22c_40_1_4_frame_25.jpeg,300.4827880859375,299.9897766113281,0.5868804454803467,0.5859175324440002,300.2362823486328,0.5863989889621735
7075_22c_40_1_4_frame_26.jpeg,296.8605651855469,296.069091796875,0.5798057913780212,0.5782599449157715,296.46482849121094,0.5790328681468964
7075_22c_40_1_4_frame_27.jpeg,298.8381652832031,298.3045349121094,0.5836682915687561,0.5826260447502136,298.57135009765625,0.5831471681594849
7075_22c_40_1_4_frame_28.jpeg,301.0959167480469,300.9911193847656,0.588077962398529,0.5878732800483704,301.04351806640625,0.5879756212234497
7075_22c_40_1_4_frame_29.jpeg,297.8645935058594,297.0693054199219,0.5817667841911316,0.5802134871482849,297.4669494628906,0.5809901356697083
7075_22c_40_1_4_frame_3.jpeg,298.00152587890625,297.34100341796875,0.5820342302322388,0.5807441473007202,297.6712646484375,0.5813891887664795
7075_22c_40_1_4_frame_30.jpeg,297.17596435546875,296.4338684082031,0.5804218053817749,0.5789723992347717,296.80491638183594,0.5796971023082733
7075_22c_40_1_4_frame_31.jpeg,301.13763427734375,300.9631042480469,0.588159441947937,0.5878185629844666,301.0503692626953,0.5879890024662018
7075_22c_40_1_4_frame_32.jpeg,298.70599365234375,298.0426025390625,0.5834101438522339,0.5821144580841064,298.3742980957031,0.5827623009681702
7075_22c_40_1_4_frame_33.jpeg,297.2263488769531,296.63995361328125,0.5805202126502991,0.5793749094009399,296.9331512451172,0.5799475610256195
7075_22c_40_1_4_frame_34.jpeg,300.7641296386719,300.3234558105469,0.587429940700531,0.5865692496299744,300.5437927246094,0.5869995951652527
7075_22c_40_1_4_frame_35.jpeg,300.5624084472656,300.13275146484375,0.5870359539985657,0.586196780204773,300.3475799560547,0.5866163671016693
7075_22c_40_1_4_frame_36.jpeg,297.024169921875,296.21405029296875,0.5801253318786621,0.5785430669784546,296.6191101074219,0.5793341994285583
7075_22c_40_1_4_frame_37.jpeg,298.6942138671875,298.1357727050781,0.5833871364593506,0.5822964310646057,298.4149932861328,0.5828417837619781
7075_22c_40_1_4_frame_38.jpeg,300.9111022949219,300.8164978027344,0.5877169966697693,0.5875322222709656,300.8638000488281,0.5876246094703674
7075_22c_40_1_4_frame_39.jpeg,297.7691955566406,296.9560546875,0.5815804600715637,0.5799922943115234,297.3626251220703,0.5807863771915436
7075_22c_40_1_4_frame_4.jpeg,300.7320861816406,300.1993713378906,0.5873673558235168,0.5863268971443176,300.4657287597656,0.5868471264839172
7075_22c_40_1_4_frame_40.jpeg,297.57952880859375,296.8621520996094,0.5812100172042847,0.5798088908195496,297.22084045410156,0.5805094540119171
7075_22c_40_1_4_frame_41.jpeg,301.04827880859375,300.8724060058594,0.5879849195480347,0.5876414179801941,300.96034240722656,0.5878131687641144
7075_22c_40_1_4_frame_42.jpeg,298.599609375,297.98388671875,0.5832023620605469,0.5819997787475586,298.291748046875,0.5826010704040527
7075_22c_40_1_4_frame_43.jpeg,297.08856201171875,296.457275390625,0.5802510976791382,0.5790181159973145,296.7729187011719,0.5796346068382263
7075_22c_40_1_4_frame_44.jpeg,300.7109069824219,300.2440185546875,0.5873259902000427,0.586414098739624,300.4774627685547,0.5868700444698334
7075_22c_40_1_4_frame_45.jpeg,300.46429443359375,300.0245666503906,0.5868443250656128,0.5859854817390442,300.2444305419922,0.5864149034023285
7075_22c_40_1_4_frame_46.jpeg,296.93670654296875,296.1321105957031,0.5799545049667358,0.5783830285072327,296.53440856933594,0.5791687667369843
7075_22c_40_1_4_frame_47.jpeg,298.6985168457031,298.1907958984375,0.5833955407142639,0.5824038982391357,298.4446563720703,0.5828997194766998
7075_22c_40_1_4_frame_48.jpeg,300.9318542480469,300.84381103515625,0.5877575278282166,0.5875855684280396,300.88783264160156,0.587671548128128
7075_22c_40_1_4_frame_49.jpeg,297.80560302734375,297.0284423828125,0.5816515684127808,0.5801336765289307,297.4170227050781,0.5808926224708557
7075_22c_40_1_4_frame_5.jpeg,300.3580627441406,299.89666748046875,0.5866368412971497,0.5857356786727905,300.1273651123047,0.5861862599849701
7075_22c_40_1_4_frame_50.jpeg,297.75390625,297.0645446777344,0.5815505981445312,0.5802041888237,297.4092254638672,0.5808773934841156
7075_22c_40_1_4_frame_6.jpeg,298.2421569824219,297.4615173339844,0.5825042128562927,0.5809795260429382,297.8518371582031,0.5817418694496155
7075_22c_40_1_4_frame_7.jpeg,299.3445739746094,298.81976318359375,0.5846573710441589,0.5836323499679565,299.08216857910156,0.5841448605060577
7075_22c_40_1_4_frame_8.jpeg,300.8400573730469,300.5294494628906,0.5875782370567322,0.5869715809822083,300.68475341796875,0.5872749090194702
7075_22c_40_1_4_frame_9.jpeg,298.2536926269531,297.40740966796875,0.5825267434120178,0.5808738470077515,297.83055114746094,0.5817002952098846
7075_22c_40_1_5_frame_1.jpeg,295.0486145019531,294.3474426269531,0.5762668251991272,0.5748973488807678,294.6980285644531,0.5755820870399475
7075_22c_40_1_5_frame_10.jpeg,293.0341796875,292.0634765625,0.5723323822021484,0.5704364776611328,292.548828125,0.5713844299316406
7075_22c_40_1_5_frame_11.jpeg,295.27264404296875,294.5656433105469,0.5767043828964233,0.5753235220909119,294.9191436767578,0.5760139524936676
7075_22c_40_1_5_frame_12.jpeg,293.6061706542969,292.6413269042969,0.5734495520591736,0.5715650916099548,293.1237487792969,0.5725073218345642
7075_22c_40_1_5_frame_13.jpeg,292.86358642578125,292.1064453125,0.571999192237854,0.5705204010009766,292.4850158691406,0.5712597966194153
7075_22c_40_1_5_frame_14.jpeg,295.3653259277344,294.8003234863281,0.5768854022026062,0.5757818818092346,295.08282470703125,0.5763336420059204
7075_22c_40_1_5_frame_15.jpeg,294.17279052734375,293.4364929199219,0.5745562314987183,0.5731181502342224,293.8046417236328,0.5738371908664703
7075_22c_40_1_5_frame_16.jpeg,293.23236083984375,292.52911376953125,0.5727194547653198,0.5713459253311157,292.8807373046875,0.5720326900482178
7075_22c_40_1_5_frame_17.jpeg,293.5562438964844,292.63275146484375,0.573352038860321,0.571548342704773,293.09449768066406,0.572450190782547
7075_22c_40_1_5_frame_18.jpeg,295.01922607421875,294.28070068359375,0.5762094259262085,0.574766993522644,294.64996337890625,0.5754882097244263
7075_22c_40_1_5_frame_19.jpeg,293.80181884765625,293.03289794921875,0.5738316774368286,0.5723298788070679,293.4173583984375,0.5730807781219482
7075_22c_40_1_5_frame_2.jpeg,293.7865905761719,292.8250427246094,0.5738019347190857,0.5719239115715027,293.3058166503906,0.5728629231452942
7075_22c_40_1_5_frame_20.jpeg,292.54766845703125,291.6552429199219,0.5713821649551392,0.5696391463279724,292.10145568847656,0.5705106556415558
7075_22c_40_1_5_frame_21.jpeg,295.6448669433594,295.0528869628906,0.5774313807487488,0.5762751698493958,295.348876953125,0.5768532752990723
7075_22c_40_1_5_frame_22.jpeg,293.41729736328125,292.47943115234375,0.5730806589126587,0.5712488889694214,292.9483642578125,0.57216477394104
7075_22c_40_1_5_frame_23.jpeg,292.2862243652344,291.4253234863281,0.5708715319633484,0.5691900849342346,291.85577392578125,0.5700308084487915
7075_22c_40_1_5_frame_24.jpeg,295.4471435546875,294.9414367675781,0.577045202255249,0.576057493686676,295.1942901611328,0.5765513479709625
7075_22c_40_1_5_frame_25.jpeg,294.2601623535156,293.5436706542969,0.5747268795967102,0.5733274817466736,293.90191650390625,0.5740271806716919
7075_22c_40_1_5_frame_26.jpeg,293.1156921386719,292.4855041503906,0.5724915862083435,0.5712607502937317,292.80059814453125,0.5718761682510376
7075_22c_40_1_5_frame_27.jpeg,293.6984558105469,292.7882080078125,0.5736297965049744,0.5718519687652588,293.2433319091797,0.5727408826351166
7075_22c_40_1_5_frame_28.jpeg,295.185302734375,294.4696350097656,0.5765337944030762,0.5751360058784485,294.8274688720703,0.5758349001407623
7075_22c_40_1_5_frame_29.jpeg,293.41143798828125,292.7043151855469,0.5730692148208618,0.5716881155967712,293.05787658691406,0.5723786652088165
7075_22c_40_1_5_frame_3.jpeg,292.8768005371094,292.0719909667969,0.5720250010490417,0.5704531073570251,292.4743957519531,0.5712390542030334
7075_22c_40_1_5_frame_30.jpeg,292.4005432128906,291.572265625,0.571094810962677,0.5694770812988281,291.9864044189453,0.5702859461307526
7075_22c_40_1_5_frame_31.jpeg,295.69140625,295.0769958496094,0.5775222778320312,0.5763222575187683,295.3842010498047,0.5769222676753998
7075_22c_40_1_5_frame_32.jpeg,293.3885498046875,292.4778137207031,0.5730245113372803,0.5712457299232483,292.9331817626953,0.5721351206302643
7075_22c_40_1_5_frame_33.jpeg,292.2561340332031,291.4247131347656,0.5708127617835999,0.5691888928413391,291.8404235839844,0.5700008273124695
7075_22c_40_1_5_frame_34.jpeg,295.734619140625,295.212158203125,0.5776066780090332,0.5765862464904785,295.473388671875,0.5770964622497559
7075_22c_40_1_5_frame_35.jpeg,294.1119384765625,293.3511962890625,0.5744373798370361,0.5729515552520752,293.7315673828125,0.5736944675445557
7075_22c_40_1_5_frame_36.jpeg,293.1863708496094,292.5498046875,0.5726296305656433,0.5713863372802734,292.8680877685547,0.5720079839229584
7075_22c_40_1_5_frame_37.jpeg,293.64447021484375,292.7121887207031,0.5735243558883667,0.5717034935951233,293.17832946777344,0.572613924741745
7075_22c_40_1_5_frame_38.jpeg,295.2095947265625,294.5552062988281,0.5765812397003174,0.5753031373023987,294.8824005126953,0.575942188501358
7075_22c_40_1_5_frame_39.jpeg,293.500244140625,292.8507385253906,0.5732426643371582,0.5719740986824036,293.1754913330078,0.5726083815097809
7075_22c_40_1_5_frame_4.jpeg,295.20623779296875,294.6261901855469,0.5765746831893921,0.5754417777061462,294.9162139892578,0.5760082304477692
7075_22c_40_1_5_frame_40.jpeg,292.6352233886719,291.81524658203125,0.5715531706809998,0.5699516534805298,292.22523498535156,0.5707524120807648
7075_22c_40_1_5_frame_41.jpeg,295.30523681640625,294.6635437011719,0.5767680406570435,0.5755147337913513,294.98439025878906,0.5761413872241974
7075_22c_40_1_5_frame_42.jpeg,293.83001708984375,292.9552001953125,0.5738867521286011,0.5721781253814697,293.3926086425781,0.5730324387550354
7075_22c_40_1_5_frame_43.jpeg,292.67413330078125,291.9902648925781,0.5716291666030884,0.5702934861183167,292.3321990966797,0.5709613263607025
7075_22c_40_1_5_frame_44.jpeg,295.8754577636719,295.4017639160156,0.5778817534446716,0.576956570148468,295.63861083984375,0.5774191617965698
7075_22c_40_1_5_frame_45.jpeg,294.2422790527344,293.52960205078125,0.5746919512748718,0.5733000040054321,293.8859405517578,0.573995977640152
7075_22c_40_1_5_frame_46.jpeg,293.2144775390625,292.6352233886719,0.5726845264434814,0.5715531706809998,292.9248504638672,0.5721188485622406
7075_22c_40_1_5_frame_47.jpeg,293.5798034667969,292.69049072265625,0.5733980536460876,0.571661114692688,293.13514709472656,0.5725295841693878
7075_22c_40_1_5_frame_48.jpeg,295.3442687988281,294.6903076171875,0.5768442749977112,0.5755670070648193,295.0172882080078,0.5762056410312653
7075_22c_40_1_5_frame_49.jpeg,293.50946044921875,292.8919677734375,0.5732606649398804,0.5720546245574951,293.2007141113281,0.5726576447486877
7075_22c_40_1_5_frame_5.jpeg,293.7315368652344,292.9071960449219,0.5736944079399109,0.572084367275238,293.3193664550781,0.5728893876075745
7075_22c_40_1_5_frame_50.jpeg,292.4778137207031,291.6503601074219,0.5712457299232483,0.5696296095848083,292.0640869140625,0.5704376697540283
7075_22c_40_1_5_frame_6.jpeg,293.0809326171875,292.2373352050781,0.5724236965179443,0.5707760453224182,292.6591339111328,0.5715998709201813
7075_22c_40_1_5_frame_7.jpeg,293.5836486816406,292.5993347167969,0.5734055638313293,0.5714830756187439,293.09149169921875,0.5724443197250366
7075_22c_40_1_5_frame_8.jpeg,294.8587951660156,294.06317138671875,0.5758960843086243,0.5743421316146851,294.4609832763672,0.5751191079616547
7075_22c_40_1_5_frame_9.jpeg,293.9100036621094,293.1124572753906,0.5740429759025574,0.5724852681159973,293.51123046875,0.5732641220092773
7075_22c_40_1_6_frame_1.jpeg,295.3985595703125,294.84112548828125,0.5769503116607666,0.5758615732192993,295.1198425292969,0.576405942440033
7075_22c_40_1_6_frame_10.jpeg,293.5411071777344,292.8453369140625,0.5733224749565125,0.5719635486602783,293.19322204589844,0.5726430118083954
7075_22c_40_1_6_frame_11.jpeg,295.2775573730469,294.7158508300781,0.5767139792442322,0.5756168961524963,294.9967041015625,0.5761654376983643
7075_22c_40_1_6_frame_12.jpeg,295.24066162109375,294.52685546875,0.5766419172286987,0.5752477645874023,294.8837585449219,0.5759448409080505
7075_22c_40_1_6_frame_13.jpeg,294.4376220703125,293.7650451660156,0.5750734806060791,0.5737598538398743,294.10133361816406,0.5744166672229767
7075_22c_40_1_6_frame_14.jpeg,294.0536804199219,293.14117431640625,0.5743235945701599,0.572541356086731,293.59742736816406,0.5734324753284454
7075_22c_40_1_6_frame_15.jpeg,295.52264404296875,294.87322998046875,0.5771926641464233,0.575924277305603,295.19793701171875,0.5765584707260132
7075_22c_40_1_6_frame_16.jpeg,294.8719787597656,294.287353515625,0.5759218335151672,0.5747799873352051,294.5796661376953,0.5753509104251862
7075_22c_40_1_6_frame_17.jpeg,293.1672058105469,292.38848876953125,0.5725921988487244,0.5710712671279907,292.77784729003906,0.5718317329883575
7075_22c_40_1_6_frame_18.jpeg,295.74755859375,295.202392578125,0.577631950378418,0.5765671730041504,295.4749755859375,0.5770995616912842
7075_22c_40_1_6_frame_19.jpeg,293.7424011230469,292.8663024902344,0.5737156271934509,0.572004497051239,293.3043518066406,0.572860062122345
7075_22c_40_1_6_frame_2.jpeg,295.3071594238281,294.55059814453125,0.5767717957496643,0.5752941370010376,294.9288787841797,0.576032966375351
7075_22c_40_1_6_frame_20.jpeg,293.7264099121094,293.14703369140625,0.5736843943595886,0.5725528001785278,293.4367218017578,0.5731185972690582
7075_22c_40_1_6_frame_21.jpeg,295.3244934082031,294.8700866699219,0.5768056511878967,0.5759181380271912,295.0972900390625,0.576361894607544
7075_22c_40_1_6_frame_22.jpeg,295.2948913574219,294.64459228515625,0.5767478346824646,0.5754777193069458,294.96974182128906,0.5761127769947052
7075_22c_40_1_6_frame_23.jpeg,293.7969665527344,293.2048645019531,0.5738222002983093,0.5726657509803772,293.50091552734375,0.5732439756393433
7075_22c_40_1_6_frame_24.jpeg,293.8282470703125,293.0225524902344,0.5738832950592041,0.572309672832489,293.42539978027344,0.5730964839458466
7075_22c_40_1_6_frame_25.jpeg,295.46539306640625,294.81768798828125,0.5770808458328247,0.5758157968521118,295.14154052734375,0.5764483213424683
7075_22c_40_1_6_frame_26.jpeg,294.8056640625,294.1785888671875,0.5757923126220703,0.5745675563812256,294.49212646484375,0.575179934501648
7075_22c_40_1_6_frame_27.jpeg,293.027099609375,292.3507995605469,0.5723185539245605,0.5709976553916931,292.68894958496094,0.5716581046581268
7075_22c_40_1_6_frame_28.jpeg,296.5242614746094,296.10711669921875,0.5791489481925964,0.5783342123031616,296.31568908691406,0.578741580247879
7075_22c_40_1_6_frame_29.jpeg,293.8127136230469,292.9856262207031,0.5738529562950134,0.5722375512123108,293.399169921875,0.5730452537536621
7075_22c_40_1_6_frame_3.jpeg,294.3978576660156,293.6756286621094,0.5749958157539368,0.5735852122306824,294.0367431640625,0.5742905139923096
7075_22c_40_1_6_frame_30.jpeg,293.2967224121094,292.7408142089844,0.5728451609611511,0.5717594027519226,293.0187683105469,0.5723022818565369
7075_22c_40_1_6_frame_31.jpeg,295.42718505859375,295.02398681640625,0.5770062208175659,0.5762187242507935,295.2255859375,0.5766124725341797
7075_22c_40_1_6_frame_32.jpeg,295.1176452636719,294.4520568847656,0.5764016509056091,0.5751016736030579,294.78485107421875,0.5757516622543335
7075_22c_40_1_6_frame_33.jpeg,293.7305908203125,293.1422119140625,0.5736925601959229,0.5725433826446533,293.4364013671875,0.5731179714202881
7075_22c_40_1_6_frame_34.jpeg,293.89349365234375,293.066162109375,0.5740107297897339,0.572394847869873,293.4798278808594,0.5732027888298035
7075_22c_40_1_6_frame_35.jpeg,295.2715148925781,294.6681823730469,0.5767021775245667,0.5755237936973572,294.9698486328125,0.5761129856109619
7075_22c_40_1_6_frame_36.jpeg,294.8255615234375,294.20703125,0.5758311748504639,0.5746231079101562,294.51629638671875,0.5752271413803101
7075_22c_40_1_6_frame_37.jpeg,293.0772705078125,292.4280090332031,0.5724165439605713,0.5711484551429749,292.7526397705078,0.5717824995517731
7075_22c_40_1_6_frame_38.jpeg,296.1138610839844,295.6069641113281,0.578347384929657,0.5773573517799377,295.86041259765625,0.5778523683547974
7075_22c_40_1_6_frame_39.jpeg,293.9535827636719,293.259033203125,0.5741280913352966,0.5727715492248535,293.60630798339844,0.5734498202800751
7075_22c_40_1_6_frame_4.jpeg,293.8443603515625,292.9151306152344,0.5739147663116455,0.5720998644828796,293.37974548339844,0.5730073153972626
7075_22c_40_1_6_frame_40.jpeg,293.7404479980469,293.24969482421875,0.5737118124961853,0.5727533102035522,293.4950714111328,0.5732325613498688
7075_22c_40_1_6_frame_41.jpeg,295.641357421875,295.2607116699219,0.5774245262145996,0.5766810774803162,295.45103454589844,0.5770528018474579
7075_22c_40_1_6_frame_42.jpeg,295.2975158691406,294.68084716796875,0.5767529606819153,0.575548529624939,294.9891815185547,0.5761507451534271
7075_22c_40_1_6_frame_43.jpeg,294.05877685546875,293.54833984375,0.5743335485458374,0.5733366012573242,293.8035583496094,0.5738350749015808
7075_22c_40_1_6_frame_44.jpeg,293.8546142578125,293.0978088378906,0.57393479347229,0.5724566578865051,293.47621154785156,0.5731957256793976
7075_22c_40_1_6_frame_45.jpeg,295.87078857421875,295.3447265625,0.577872633934021,0.5768451690673828,295.6077575683594,0.5773589015007019
7075_22c_40_1_6_frame_46.jpeg,295.1530456542969,294.6157531738281,0.5764707922935486,0.5754213929176331,294.8843994140625,0.5759460926055908
7075_22c_40_1_6_frame_47.jpeg,293.2044982910156,292.5977783203125,0.5726650357246399,0.5714800357818604,292.90113830566406,0.5720725357532501
7075_22c_40_1_6_frame_48.jpeg,296.25732421875,295.7833251953125,0.5786275863647461,0.5777018070220947,296.02032470703125,0.5781646966934204
7075_22c_40_1_6_frame_49.jpeg,294.06854248046875,293.3773193359375,0.5743526220321655,0.5730025768280029,293.7229309082031,0.5736775994300842
7075_22c_40_1_6_frame_5.jpeg,295.6565856933594,295.00262451171875,0.5774542689323425,0.5761770009994507,295.32960510253906,0.5768156349658966
7075_22c_40_1_6_frame_50.jpeg,293.4924621582031,293.0150146484375,0.5732274651527405,0.5722949504852295,293.2537384033203,0.572761207818985
7075_22c_40_1_6_frame_6.jpeg,294.6231994628906,293.87908935546875,0.5754359364509583,0.5739825963973999,294.2511444091797,0.5747092664241791
7075_22c_40_1_6_frame_7.jpeg,293.652099609375,292.8204040527344,0.5735392570495605,0.5719148516654968,293.2362518310547,0.5727270543575287
7075_22c_40_1_6_frame_8.jpeg,295.9965515136719,295.4379577636719,0.5781182646751404,0.5770272612571716,295.7172546386719,0.577572762966156
7075_22c_40_1_6_frame_9.jpeg,293.72454833984375,292.83453369140625,0.5736807584762573,0.5719424486160278,293.279541015625,0.5728116035461426
7075_22c_40_1_7_frame_1.jpeg,301.14886474609375,301.5513610839844,0.5881813764572144,0.588967502117157,301.35011291503906,0.5885744392871857
7075_22c_40_1_7_frame_10.jpeg,300.2226867675781,300.7747802734375,0.586372435092926,0.5874507427215576,300.4987335205078,0.5869115889072418
7075_22c_40_1_7_frame_11.jpeg,301.16839599609375,301.5812683105469,0.5882195234298706,0.5890259146690369,301.3748321533203,0.5886227190494537
7075_22c_40_1_7_frame_12.jpeg,301.7818603515625,302.22021484375,0.5894176959991455,0.5902738571166992,302.00103759765625,0.5898457765579224
7075_22c_40_1_7_frame_13.jpeg,300.6368103027344,301.0160217285156,0.5871812701225281,0.5879219174385071,300.826416015625,0.5875515937805176
7075_22c_40_1_7_frame_14.jpeg,300.6000671386719,300.8807067871094,0.5871095061302185,0.587657630443573,300.7403869628906,0.5873835682868958
7075_22c_40_1_7_frame_15.jpeg,301.88189697265625,302.4585266113281,0.5896130800247192,0.5907393097877502,302.1702117919922,0.5901761949062347
7075_22c_40_1_7_frame_16.jpeg,300.6087951660156,300.890869140625,0.5871265530586243,0.5876774787902832,300.7498321533203,0.5874020159244537
7075_22c_40_1_7_frame_17.jpeg,300.0365295410156,300.5008544921875,0.5860088467597961,0.5869157314300537,300.26869201660156,0.5864622890949249
7075_22c_40_1_7_frame_18.jpeg,301.40069580078125,301.87493896484375,0.5886732339859009,0.5895994901657104,301.6378173828125,0.5891363620758057
7075_22c_40_1_7_frame_19.jpeg,300.6138610839844,301.02349853515625,0.587136447429657,0.587936520576477,300.8186798095703,0.587536484003067
7075_22c_40_1_7_frame_2.jpeg,301.8468017578125,302.340576171875,0.5895445346832275,0.5905089378356934,302.09368896484375,0.5900267362594604
7075_22c_40_1_7_frame_20.jpeg,300.4246520996094,301.0097351074219,0.5867668986320496,0.5879096388816833,300.7171936035156,0.5873382687568665
7075_22c_40_1_7_frame_21.jpeg,301.149169921875,301.5816650390625,0.5881819725036621,0.589026689529419,301.36541748046875,0.5886043310165405
7075_22c_40_1_7_frame_22.jpeg,301.7380676269531,302.23333740234375,0.5893321633338928,0.5902994871139526,301.98570251464844,0.5898158252239227
7075_22c_40_1_7_frame_23.jpeg,300.146484375,300.58056640625,0.5862236022949219,0.587071418762207,300.363525390625,0.5866475105285645
7075_22c_40_1_7_frame_24.jpeg,300.7095642089844,301.1013488769531,0.5873233675956726,0.5880885720252991,300.90545654296875,0.5877059698104858
7075_22c_40_1_7_frame_25.jpeg,301.7112731933594,302.357177734375,0.58927983045578,0.5905413627624512,302.0342254638672,0.5899105966091156
7075_22c_40_1_7_frame_26.jpeg,300.7051696777344,300.9878845214844,0.587314784526825,0.5878669619560242,300.8465270996094,0.5875908732414246
7075_22c_40_1_7_frame_27.jpeg,300.2223205566406,300.8575439453125,0.5863717198371887,0.5876123905181885,300.53993225097656,0.5869920551776886
7075_22c_40_1_7_frame_28.jpeg,302.017333984375,302.6403503417969,0.5898776054382324,0.591094434261322,302.32884216308594,0.5904860198497772
7075_22c_40_1_7_frame_29.jpeg,300.7614440917969,301.2087097167969,0.5874246954917908,0.5882982611656189,300.9850769042969,0.5878614783287048
7075_22c_40_1_7_frame_3.jpeg,300.5968933105469,300.9353332519531,0.5871033072471619,0.587764322757721,300.76611328125,0.5874338150024414
7075_22c_40_1_7_frame_30.jpeg,300.4433288574219,301.1614685058594,0.5868033766746521,0.5882059931755066,300.8023986816406,0.5875046849250793
7075_22c_40_1_7_frame_31.jpeg,301.1988830566406,301.68072509765625,0.5882790684700012,0.5892201662063599,301.43980407714844,0.5887496173381805
7075_22c_40_1_7_frame_32.jpeg,301.5408020019531,302.0804138183594,0.5889468789100647,0.5900008082389832,301.81060791015625,0.5894738435745239
7075_22c_40_1_7_frame_33.jpeg,300.12744140625,300.6225891113281,0.586186408996582,0.5871534943580627,300.37501525878906,0.5866699516773224
7075_22c_40_1_7_frame_34.jpeg,300.56390380859375,300.9044494628906,0.5870388746261597,0.5877040028572083,300.7341766357422,0.587371438741684
7075_22c_40_1_7_frame_35.jpeg,301.6231384277344,302.24749755859375,0.5891076922416687,0.5903271436691284,301.93531799316406,0.5897174179553986
7075_22c_40_1_7_frame_36.jpeg,300.66290283203125,300.9283142089844,0.587232232093811,0.5877506136894226,300.7956085205078,0.5874914228916168
7075_22c_40_1_7_frame_37.jpeg,300.1853332519531,300.7721862792969,0.586299479007721,0.5874456763267517,300.478759765625,0.5868725776672363
7075_22c_40_1_7_frame_38.jpeg,301.69598388671875,302.197998046875,0.5892499685287476,0.5902304649353027,301.9469909667969,0.5897402167320251
7075_22c_40_1_7_frame_39.jpeg,300.64324951171875,301.1485290527344,0.5871938467025757,0.5881807208061218,300.89588928222656,0.5876872837543488
7075_22c_40_1_7_frame_4.jpeg,300.5366516113281,300.88427734375,0.5869856476783752,0.5876646041870117,300.71046447753906,0.5873251259326935
7075_22c_40_1_7_frame_40.jpeg,300.3871765136719,301.0663757324219,0.5866937041282654,0.5880202651023865,300.7267761230469,0.5873569846153259
7075_22c_40_1_7_frame_41.jpeg,301.20849609375,301.6366271972656,0.5882978439331055,0.5891340374946594,301.4225616455078,0.5887159407138824
7075_22c_40_1_7_frame_42.jpeg,301.8570251464844,302.4736022949219,0.5895645022392273,0.5907687544822693,302.1653137207031,0.5901666283607483
7075_22c_40_1_7_frame_43.jpeg,300.1841125488281,300.6772766113281,0.5862970948219299,0.5872603058815002,300.4306945800781,0.5867787003517151
7075_22c_40_1_7_frame_44.jpeg,300.4884033203125,300.7632141113281,0.5868914127349854,0.5874281525611877,300.6258087158203,0.5871597826480865
7075_22c_40_1_7_frame_45.jpeg,301.799560546875,302.4120178222656,0.5894522666931152,0.5906484723091125,302.1057891845703,0.5900503695011139
7075_22c_40_1_7_frame_46.jpeg,300.7606506347656,301.085205078125,0.5874231457710266,0.5880570411682129,300.9229278564453,0.5877400934696198
7075_22c_40_1_7_frame_47.jpeg,300.3175048828125,300.91339111328125,0.5865576267242432,0.5877214670181274,300.6154479980469,0.5871395468711853
7075_22c_40_1_7_frame_48.jpeg,301.6215515136719,302.2370300292969,0.5891045928001404,0.5903066992759705,301.9292907714844,0.5897056460380554
7075_22c_40_1_7_frame_49.jpeg,300.7599792480469,301.3002014160156,0.5874218344688416,0.5884769558906555,301.03009033203125,0.5879493951797485
7075_22c_40_1_7_frame_5.jpeg,301.8001708984375,302.3512268066406,0.5894534587860107,0.59052973985672,302.07569885253906,0.5899915993213654
7075_22c_40_1_7_frame_50.jpeg,300.511962890625,301.26788330078125,0.586937427520752,0.5884138345718384,300.8899230957031,0.5876756310462952
7075_22c_40_1_7_frame_6.jpeg,300.5561218261719,300.733154296875,0.5870236754417419,0.587369441986084,300.64463806152344,0.587196558713913
7075_22c_40_1_7_frame_7.jpeg,300.6162414550781,301.0592956542969,0.5871410965919495,0.5880064368247986,300.8377685546875,0.587573766708374
7075_22c_40_1_7_frame_8.jpeg,301.5346984863281,301.9364013671875,0.5889349579811096,0.5897195339202881,301.7355499267578,0.5893272459506989
7075_22c_40_1_7_frame_9.jpeg,300.4451904296875,300.8033142089844,0.5868070125579834,0.5875064730644226,300.62425231933594,0.587156742811203
7075_22c_40_1_8_frame_1.jpeg,299.3642578125,299.145263671875,0.5846958160400391,0.5842680931091309,299.2547607421875,0.584481954574585
7075_22c_40_1_8_frame_10.jpeg,297.04986572265625,296.3739929199219,0.580175518989563,0.5788554549217224,296.71192932128906,0.5795154869556427
7075_22c_40_1_8_frame_11.jpeg,299.9150390625,299.817626953125,0.5857715606689453,0.5855813026428223,299.8663330078125,0.5856764316558838
7075_22c_40_1_8_frame_12.jpeg,298.01220703125,297.4711608886719,0.5820550918579102,0.5809983611106873,297.74168395996094,0.5815267264842987
7075_22c_40_1_8_frame_13.jpeg,296.6553039550781,295.9119873046875,0.579404890537262,0.5779531002044678,296.2836456298828,0.5786789953708649
7075_22c_40_1_8_frame_14.jpeg,299.3501281738281,299.2643127441406,0.5846682190895081,0.5845006108283997,299.3072204589844,0.5845844149589539
7075_22c_40_1_8_frame_15.jpeg,298.4121398925781,297.9298095703125,0.5828362107276917,0.5818941593170166,298.1709747314453,0.5823651850223541
7075_22c_40_1_8_frame_16.jpeg,296.998046875,296.4910888671875,0.5800743103027344,0.5790841579437256,296.74456787109375,0.57957923412323
7075_22c_40_1_8_frame_17.jpeg,298.10986328125,297.6220703125,0.5822458267211914,0.5812931060791016,297.865966796875,0.5817694664001465
7075_22c_40_1_8_frame_18.jpeg,299.321044921875,299.1216735839844,0.5846114158630371,0.5842220187187195,299.2213592529297,0.5844167172908783
7075_22c_40_1_8_frame_19.jpeg,297.3260192871094,296.72161865234375,0.5807148814201355,0.5795344114303589,297.02381896972656,0.5801246464252472
7075_22c_40_1_8_frame_2.jpeg,297.57781982421875,296.9142150878906,0.5812066793441772,0.5799105763435364,297.2460174560547,0.5805586278438568
7075_22c_40_1_8_frame_20.jpeg,296.60089111328125,295.8418884277344,0.5792986154556274,0.5778161883354187,296.2213897705078,0.5785574018955231
7075_22c_40_1_8_frame_21.jpeg,300.1344909667969,300.1657409667969,0.5862001776695251,0.5862612128257751,300.1501159667969,0.5862306952476501
7075_22c_40_1_8_frame_22.jpeg,297.54510498046875,296.98968505859375,0.581142783164978,0.5800579786300659,297.26739501953125,0.580600380897522
7075_22c_40_1_8_frame_23.jpeg,296.59771728515625,295.9878845214844,0.5792924165725708,0.5781013369560242,296.2928009033203,0.5786968767642975
7075_22c_40_1_8_frame_24.jpeg,299.5583801269531,299.5007629394531,0.5850749611854553,0.5849624276161194,299.5295715332031,0.5850186944007874
7075_22c_40_1_8_frame_25.jpeg,298.2853698730469,297.8314208984375,0.5825886130332947,0.5817019939422607,298.0583953857422,0.5821453034877777
7075_22c_40_1_8_frame_26.jpeg,296.9806213378906,296.4941101074219,0.5800402760505676,0.5790900588035583,296.73736572265625,0.579565167427063
7075_22c_40_1_8_frame_27.jpeg,298.0018615722656,297.5096130371094,0.5820348858833313,0.5810734629631042,297.7557373046875,0.5815541744232178
7075_22c_40_1_8_frame_28.jpeg,299.7181701660156,299.574462890625,0.5853870511054993,0.585106372833252,299.6463165283203,0.5852467119693756
7075_22c_40_1_8_frame_29.jpeg,297.4156799316406,296.9129333496094,0.5808899998664856,0.5799080729484558,297.164306640625,0.5803990364074707
7075_22c_40_1_8_frame_3.jpeg,296.75836181640625,295.9866943359375,0.5796061754226685,0.5780990123748779,296.3725280761719,0.5788525938987732
7075_22c_40_1_8_frame_30.jpeg,296.638427734375,295.9627380371094,0.5793719291687012,0.5780522227287292,296.3005828857422,0.5787120759487152
7075_22c_40_1_8_frame_31.jpeg,300.2637939453125,300.3380432128906,0.5864527225494385,0.586597740650177,300.30091857910156,0.5865252315998077
7075_22c_40_1_8_frame_32.jpeg,297.44573974609375,296.8888854980469,0.5809487104415894,0.5798611044883728,297.1673126220703,0.5804049074649811
7075_22c_40_1_8_frame_33.jpeg,296.6322937011719,296.0522766113281,0.5793599486351013,0.5782271027565002,296.34228515625,0.5787935256958008
7075_22c_40_1_8_frame_34.jpeg,299.7566833496094,299.7713928222656,0.5854622721672058,0.5854910016059875,299.7640380859375,0.5854766368865967
7075_22c_40_1_8_frame_35.jpeg,298.3392639160156,297.9468994140625,0.582693874835968,0.5819275379180908,298.14308166503906,0.5823107063770294
7075_22c_40_1_8_frame_36.jpeg,297.13079833984375,296.6805114746094,0.5803335905075073,0.5794541239738464,296.90565490722656,0.5798938572406769
7075_22c_40_1_8_frame_37.jpeg,298.06689453125,297.64599609375,0.5821619033813477,0.5813398361206055,297.8564453125,0.5817508697509766
7075_22c_40_1_8_frame_38.jpeg,299.828857421875,299.8124084472656,0.5856032371520996,0.5855711102485657,299.8206329345703,0.5855871737003326
7075_22c_40_1_8_frame_39.jpeg,297.3171691894531,296.7589416503906,0.5806975960731506,0.5796073079109192,297.0380554199219,0.5801524519920349
7075_22c_40_1_8_frame_4.jpeg,299.3014831542969,299.08087158203125,0.5845732092857361,0.5841423273086548,299.19117736816406,0.5843577682971954
7075_22c_40_1_8_frame_40.jpeg,296.5548095703125,295.85821533203125,0.5792086124420166,0.5778480768203735,296.2065124511719,0.5785283446311951
7075_22c_40_1_8_frame_41.jpeg,300.2071838378906,300.3372802734375,0.5863421559333801,0.5865962505340576,300.27223205566406,0.5864692032337189
7075_22c_40_1_8_frame_42.jpeg,297.8304138183594,297.3463134765625,0.5817000269889832,0.5807545185089111,297.58836364746094,0.5812272727489471
7075_22c_40_1_8_frame_43.jpeg,296.8247375488281,296.2974853515625,0.5797358155250549,0.5787060260772705,296.5611114501953,0.5792209208011627
7075_22c_40_1_8_frame_44.jpeg,299.9358215332031,300.0100402832031,0.5858121514320374,0.5859571099281311,299.9729309082031,0.5858846306800842
7075_22c_40_1_8_frame_45.jpeg,298.591552734375,298.2573547363281,0.5831866264343262,0.5825338959693909,298.42445373535156,0.5828602612018585
7075_22c_40_1_8_frame_46.jpeg,297.0855407714844,296.648193359375,0.5802451968193054,0.5793910026550293,296.8668670654297,0.5798180997371674
7075_22c_40_1_8_frame_47.jpeg,298.21759033203125,297.8524475097656,0.5824562311172485,0.581743061542511,298.03501892089844,0.5820996463298798
7075_22c_40_1_8_frame_48.jpeg,300.04583740234375,300.0565490722656,0.5860270261764526,0.5860479474067688,300.0511932373047,0.5860374867916107
7075_22c_40_1_8_frame_49.jpeg,297.1430358886719,296.6280517578125,0.5803574919700623,0.5793516635894775,296.8855438232422,0.5798545777797699
7075_22c_40_1_8_frame_5.jpeg,298.23193359375,297.6213684082031,0.582484245300293,0.5812917351722717,297.92665100097656,0.5818879902362823
7075_22c_40_1_8_frame_50.jpeg,296.5657653808594,295.9403076171875,0.579230010509491,0.5780084133148193,296.25303649902344,0.5786192119121552
7075_22c_40_1_8_frame_6.jpeg,296.7906799316406,295.9949035644531,0.5796692967414856,0.5781150460243225,296.3927917480469,0.578892171382904
7075_22c_40_1_8_frame_7.jpeg,298.1869812011719,297.6424255371094,0.5823964476585388,0.5813328623771667,297.9147033691406,0.5818646550178528
7075_22c_40_1_8_frame_8.jpeg,299.0510559082031,298.77972412109375,0.5840840935707092,0.5835541486740112,298.91539001464844,0.5838191211223602
7075_22c_40_1_8_frame_9.jpeg,297.3894958496094,296.8380126953125,0.5808388590812683,0.5797617435455322,297.11375427246094,0.5803003013134003
7075_22c_40_1_9_frame_1.jpeg,303.62030029296875,305.1694641113281,0.5930083990097046,0.5960341095924377,304.39488220214844,0.5945212543010712
7075_22c_40_1_9_frame_10.jpeg,303.4236145019531,304.7881164550781,0.5926242470741272,0.5952892899513245,304.1058654785156,0.5939567685127258
7075_22c_40_1_9_frame_11.jpeg,303.50543212890625,305.0238342285156,0.59278404712677,0.5957496762275696,304.26463317871094,0.5942668616771698
7075_22c_40_1_9_frame_12.jpeg,302.9998779296875,303.9642333984375,0.5917966365814209,0.5936801433563232,303.4820556640625,0.5927383899688721
7075_22c_40_1_9_frame_13.jpeg,303.05419921875,304.1579284667969,0.5919027328491211,0.5940584540367126,303.60606384277344,0.5929805934429169
7075_22c_40_1_9_frame_14.jpeg,303.7890625,305.5713195800781,0.5933380126953125,0.5968189835548401,304.68019104003906,0.5950784981250763
7075_22c_40_1_9_frame_15.jpeg,302.91790771484375,303.93865966796875,0.5916365385055542,0.5936301946640015,303.42828369140625,0.5926333665847778
7075_22c_40_1_9_frame_16.jpeg,302.9505920410156,303.85479736328125,0.5917003750801086,0.5934664011001587,303.40269470214844,0.5925833880901337
7075_22c_40_1_9_frame_17.jpeg,303.8348388671875,305.7049255371094,0.5934274196624756,0.5970799326896667,304.76988220214844,0.5952536761760712
7075_22c_40_1_9_frame_18.jpeg,303.23834228515625,304.4690246582031,0.5922623872756958,0.594666063785553,303.8536834716797,0.5934642255306244
7075_22c_40_1_9_frame_19.jpeg,302.80419921875,303.6023254394531,0.5914144515991211,0.5929732918739319,303.20326232910156,0.5921938717365265
7075_22c_40_1_9_frame_2.jpeg,303.1162414550781,304.1004638671875,0.5920239090919495,0.5939462184906006,303.6083526611328,0.592985063791275
7075_22c_40_1_9_frame_20.jpeg,303.6629333496094,305.1246643066406,0.5930916666984558,0.5959466099739075,304.393798828125,0.5945191383361816
7075_22c_40_1_9_frame_21.jpeg,303.7301940917969,305.3529968261719,0.5932230353355408,0.5963925719261169,304.5415954589844,0.5948078036308289
7075_22c_40_1_9_frame_22.jpeg,303.06353759765625,303.944091796875,0.5919209718704224,0.5936408042907715,303.5038146972656,0.5927808880805969
7075_22c_40_1_9_frame_23.jpeg,302.98907470703125,304.0156555175781,0.5917755365371704,0.5937805771827698,303.5023651123047,0.5927780568599701
7075_22c_40_1_9_frame_24.jpeg,303.8000793457031,305.7548828125,0.5933595299720764,0.5971775054931641,304.77748107910156,0.5952685177326202
7075_22c_40_1_9_frame_25.jpeg,303.0709228515625,304.10748291015625,0.591935396194458,0.5939599275588989,303.5892028808594,0.5929476618766785
7075_22c_40_1_9_frame_26.jpeg,302.69537353515625,303.47003173828125,0.591201901435852,0.5927149057388306,303.08270263671875,0.5919584035873413
7075_22c_40_1_9_frame_27.jpeg,303.856201171875,305.7958984375,0.5934691429138184,0.5972576141357422,304.8260498046875,0.5953633785247803
7075_22c_40_1_9_frame_28.jpeg,303.3361511230469,304.5896911621094,0.5924534201622009,0.5949017405509949,303.9629211425781,0.5936775803565979
7075_22c_40_1_9_frame_29.jpeg,302.7117004394531,303.4878845214844,0.5912337899208069,0.5927497744560242,303.09979248046875,0.5919917821884155
7075_22c_40_1_9_frame_3.jpeg,303.0504150390625,304.1378173828125,0.591895341873169,0.5940191745758057,303.5941162109375,0.5929572582244873
7075_22c_40_1_9_frame_30.jpeg,303.6356201171875,305.1372375488281,0.5930383205413818,0.5959711670875549,304.3864288330078,0.5945047438144684
7075_22c_40_1_9_frame_31.jpeg,303.46429443359375,305.1710205078125,0.5927037000656128,0.5960371494293213,304.3176574707031,0.594370424747467
7075_22c_40_1_9_frame_32.jpeg,302.9324951171875,303.8324279785156,0.5916650295257568,0.5934227108955383,303.38246154785156,0.5925438702106476
7075_22c_40_1_9_frame_33.jpeg,303.0497131347656,304.0743713378906,0.5918939709663391,0.5938952565193176,303.5620422363281,0.5928946137428284
7075_22c_40_1_9_frame_34.jpeg,303.7945556640625,305.7583923339844,0.5933487415313721,0.5971843600273132,304.77647399902344,0.5952665507793427
7075_22c_40_1_9_frame_35.jpeg,303.0210266113281,304.0511169433594,0.5918379426002502,0.5938498377799988,303.53607177734375,0.5928438901901245
7075_22c_40_1_9_frame_36.jpeg,302.7570495605469,303.6204833984375,0.5913223624229431,0.5930087566375732,303.1887664794922,0.5921655595302582
7075_22c_40_1_9_frame_37.jpeg,303.7815246582031,305.8232116699219,0.593323290348053,0.5973109602928162,304.8023681640625,0.5953171253204346
7075_22c_40_1_9_frame_38.jpeg,303.61688232421875,305.00994873046875,0.5930017232894897,0.5957225561141968,304.31341552734375,0.5943621397018433
7075_22c_40_1_9_frame_39.jpeg,302.6658630371094,303.46441650390625,0.5911442637443542,0.5927039384841919,303.0651397705078,0.5919241011142731
7075_22c_40_1_9_frame_4.jpeg,303.6983642578125,305.273681640625,0.59316086769104,0.5962376594543457,304.48602294921875,0.5946992635726929
7075_22c_40_1_9_frame_40.jpeg,303.6027526855469,305.1603088378906,0.5929741263389587,0.5960162281990051,304.38153076171875,0.5944951772689819
7075_22c_40_1_9_frame_41.jpeg,303.6707458496094,305.50506591796875,0.5931069254875183,0.5966895818710327,304.58790588378906,0.5948982536792755
7075_22c_40_1_9_frame_42.jpeg,303.0279846191406,304.0314636230469,0.591851532459259,0.5938114523887634,303.52972412109375,0.5928314924240112
7075_22c_40_1_9_frame_43.jpeg,302.7160339355469,303.7950439453125,0.591242253780365,0.5933496952056885,303.2555389404297,0.5922959744930267
7075_22c_40_1_9_frame_44.jpeg,303.8033142089844,305.7987365722656,0.5933658480644226,0.5972631573677063,304.801025390625,0.5953145027160645
7075_22c_40_1_9_frame_45.jpeg,303.18743896484375,304.28387451171875,0.5921629667282104,0.5943044424057007,303.73565673828125,0.5932337045669556
7075_22c_40_1_9_frame_46.jpeg,302.96514892578125,303.9072265625,0.5917288064956665,0.5935688018798828,303.4361877441406,0.5926488041877747
7075_22c_40_1_9_frame_47.jpeg,303.9450988769531,306.0878601074219,0.5936427712440491,0.5978278517723083,305.0164794921875,0.5957353115081787
7075_22c_40_1_9_frame_48.jpeg,303.7290954589844,305.2283020019531,0.5932208895683289,0.5961490273475647,304.47869873046875,0.5946849584579468
7075_22c_40_1_9_frame_49.jpeg,302.9048767089844,303.8039855957031,0.5916110873222351,0.5933671593666077,303.35443115234375,0.5924891233444214
7075_22c_40_1_9_frame_5.jpeg,303.2594909667969,304.40753173828125,0.5923036932945251,0.5945459604263306,303.83351135253906,0.5934248268604279
7075_22c_40_1_9_frame_50.jpeg,303.6069030761719,305.1844177246094,0.5929822325706482,0.5960633158683777,304.3956604003906,0.5945227742195129
7075_22c_40_1_9_frame_6.jpeg,303.2702941894531,304.3501281738281,0.5923247933387756,0.5944338440895081,303.8102111816406,0.5933793187141418
7075_22c_40_1_9_frame_7.jpeg,303.8952941894531,305.7951965332031,0.5935454964637756,0.5972562432289124,304.8452453613281,0.595400869846344
7075_22c_40_1_9_frame_8.jpeg,303.6414794921875,304.9346923828125,0.5930497646331787,0.5955755710601807,304.2880859375,0.5943126678466797
7075_22c_40_1_9_frame_9.jpeg,303.0201416015625,303.8262023925781,0.5918362140655518,0.5934105515480042,303.4231719970703,0.592623382806778
7075_22c_40_2_1_frame_1.jpeg,299.2207336425781,300.5630187988281,0.5844154953956604,0.5870371460914612,299.8918762207031,0.5857263207435608
7075_22c_40_2_1_frame_10.jpeg,298.6181335449219,299.653564453125,0.5832385420799255,0.5852608680725098,299.13584899902344,0.5842497050762177
7075_22c_40_2_1_frame_11.jpeg,299.32635498046875,300.7293395996094,0.584621787071228,0.5873619914054871,300.02784729003906,0.5859918892383575
7075_22c_40_2_1_frame_12.jpeg,299.0177307128906,300.07891845703125,0.5840190052986145,0.5860916376113892,299.54832458496094,0.5850553214550018
7075_22c_40_2_1_frame_13.jpeg,298.98681640625,300.20184326171875,0.583958625793457,0.5863317251205444,299.5943298339844,0.5851451754570007
7075_22c_40_2_1_frame_14.jpeg,299.5209045410156,300.9497375488281,0.5850017666816711,0.5877924561500549,300.2353210449219,0.586397111415863
7075_22c_40_2_1_frame_15.jpeg,298.8463134765625,299.9546813964844,0.5836842060089111,0.5858489871025085,299.40049743652344,0.5847665965557098
7075_22c_40_2_1_frame_16.jpeg,299.1662292480469,300.50567626953125,0.5843090415000916,0.5869251489639282,299.83595275878906,0.5856170952320099
7075_22c_40_2_1_frame_17.jpeg,298.93731689453125,300.140625,0.5838619470596313,0.586212158203125,299.5389709472656,0.5850370526313782
7075_22c_40_2_1_frame_18.jpeg,299.3004455566406,300.66162109375,0.5845711827278137,0.5872297286987305,299.9810333251953,0.5859004557132721
7075_22c_40_2_1_frame_19.jpeg,299.1858825683594,300.5755920410156,0.5843474268913269,0.5870617032051086,299.8807373046875,0.5857045650482178
7075_22c_40_2_1_frame_2.jpeg,298.9440002441406,299.962646484375,0.5838750004768372,0.5858645439147949,299.4533233642578,0.584869772195816
7075_22c_40_2_1_frame_20.jpeg,298.89337158203125,299.9551696777344,0.5837761163711548,0.585849940776825,299.4242706298828,0.5848130285739899
7075_22c_40_2_1_frame_21.jpeg,299.3348693847656,300.73187255859375,0.5846384167671204,0.5873669385910034,300.0333709716797,0.5860026776790619
7075_22c_40_2_1_frame_22.jpeg,298.91741943359375,300.0295715332031,0.5838230848312378,0.5859952569007874,299.47349548339844,0.5849091708660126
7075_22c_40_2_1_frame_23.jpeg,298.9865417480469,300.28802490234375,0.583958089351654,0.5865000486373901,299.6372833251953,0.5852290689945221
7075_22c_40_2_1_frame_24.jpeg,299.4585266113281,300.98199462890625,0.5848799347877502,0.5878554582595825,300.2202606201172,0.5863676965236664
7075_22c_40_2_1_frame_25.jpeg,298.8918151855469,300.0230407714844,0.5837730765342712,0.5859825015068054,299.4574279785156,0.5848777890205383
7075_22c_40_2_1_frame_26.jpeg,299.08740234375,300.5936279296875,0.5841550827026367,0.5870969295501709,299.84051513671875,0.5856260061264038
7075_22c_40_2_1_frame_27.jpeg,299.2652282714844,300.58551025390625,0.5845023989677429,0.5870810747146606,299.9253692626953,0.5857917368412018
7075_22c_40_2_1_frame_28.jpeg,299.3659973144531,300.72760009765625,0.5846992135047913,0.5873585939407349,300.0467987060547,0.5860289037227631
7075_22c_40_2_1_frame_29.jpeg,299.2660827636719,300.7099914550781,0.5845040678977966,0.5873242020606995,299.988037109375,0.585914134979248
7075_22c_40_2_1_frame_3.jpeg,298.9046630859375,300.0587463378906,0.5837981700897217,0.5860522389411926,299.48170471191406,0.5849252045154572
7075_22c_40_2_1_frame_30.jpeg,298.99822998046875,300.1212158203125,0.583980917930603,0.5861742496490479,299.5597229003906,0.5850775837898254
7075_22c_40_2_1_frame_31.jpeg,299.4278869628906,301.1285705566406,0.5848200917243958,0.5881417393684387,300.2782287597656,0.5864809155464172
7075_22c_40_2_1_frame_32.jpeg,298.9652099609375,300.13031005859375,0.583916425704956,0.5861920118331909,299.5477600097656,0.5850542187690735
7075_22c_40_2_1_frame_33.jpeg,298.9471740722656,300.25146484375,0.5838811993598938,0.5864286422729492,299.5993194580078,0.5851549208164215
7075_22c_40_2_1_frame_34.jpeg,299.45574951171875,301.1907043457031,0.5848745107650757,0.5882630944252014,300.32322692871094,0.5865688025951385
7075_22c_40_2_1_frame_35.jpeg,298.9316711425781,300.073974609375,0.5838509202003479,0.5860819816589355,299.50282287597656,0.5849664509296417
7075_22c_40_2_1_frame_36.jpeg,299.1672668457031,300.5907287597656,0.5843110680580139,0.5870912671089172,299.8789978027344,0.5857011675834656
7075_22c_40_2_1_frame_37.jpeg,299.0233459472656,300.251708984375,0.5840299725532532,0.5864291191101074,299.6375274658203,0.5852295458316803
7075_22c_40_2_1_frame_38.jpeg,299.37603759765625,300.6882629394531,0.5847188234329224,0.5872817635536194,300.0321502685547,0.5860002934932709
7075_22c_40_2_1_frame_39.jpeg,299.21966552734375,300.65777587890625,0.5844134092330933,0.5872222185134888,299.938720703125,0.585817813873291
7075_22c_40_2_1_frame_4.jpeg,299.6614074707031,301.1062316894531,0.585276186466217,0.5880981087684631,300.3838195800781,0.5866871476173401
7075_22c_40_2_1_frame_40.jpeg,298.9347839355469,300.0352478027344,0.583856999874115,0.5860063433647156,299.4850158691406,0.5849316716194153
7075_22c_40_2_1_frame_41.jpeg,299.4420471191406,301.1634216308594,0.5848477482795715,0.5882098078727722,300.302734375,0.5865287780761719
7075_22c_40_2_1_frame_42.jpeg,298.8518371582031,299.9560241699219,0.5836949944496155,0.5858516097068787,299.4039306640625,0.5847733020782471
7075_22c_40_2_1_frame_43.jpeg,299.0187683105469,300.32281494140625,0.5840210318565369,0.5865679979324341,299.67079162597656,0.5852945148944855
7075_22c_40_2_1_frame_44.jpeg,299.5215148925781,301.26513671875,0.5850029587745667,0.5884084701538086,300.39332580566406,0.5867057144641876
7075_22c_40_2_1_frame_45.jpeg,298.8384704589844,299.9892578125,0.5836688876152039,0.5859165191650391,299.4138641357422,0.5847927033901215
7075_22c_40_2_1_frame_46.jpeg,299.37493896484375,300.8371887207031,0.5847166776657104,0.5875726342201233,300.10606384277344,0.5861446559429169
7075_22c_40_2_1_frame_47.jpeg,299.1953125,300.4375,0.5843658447265625,0.5867919921875,299.81640625,0.5855789184570312
7075_22c_40_2_1_frame_48.jpeg,299.39630126953125,300.7142028808594,0.5847584009170532,0.5873324275016785,300.0552520751953,0.5860454142093658
7075_22c_40_2_1_frame_49.jpeg,299.19268798828125,300.6285095214844,0.5843607187271118,0.5871650576591492,299.9105987548828,0.5857628881931305
7075_22c_40_2_1_frame_5.jpeg,298.7615966796875,299.9081115722656,0.5835187435150146,0.5857580304145813,299.33485412597656,0.584638386964798
7075_22c_40_2_1_frame_50.jpeg,298.8779296875,300.01239013671875,0.5837459564208984,0.5859616994857788,299.4451599121094,0.5848538279533386
7075_22c_40_2_1_frame_6.jpeg,298.9798583984375,300.3424377441406,0.5839450359344482,0.5866063237190247,299.66114807128906,0.5852756798267365
7075_22c_40_2_1_frame_7.jpeg,298.82012939453125,300.0381774902344,0.5836330652236938,0.586012065410614,299.4291534423828,0.5848225653171539
7075_22c_40_2_1_frame_8.jpeg,299.2203369140625,300.53778076171875,0.5844147205352783,0.5869878530502319,299.8790588378906,0.5857012867927551
7075_22c_40_2_1_frame_9.jpeg,299.0528259277344,300.3760070800781,0.5840875506401062,0.5866718888282776,299.71441650390625,0.5853797197341919
7075_22c_40_2_2_frame_1.jpeg,293.65643310546875,293.43731689453125,0.5735477209091187,0.5731197595596313,293.546875,0.573333740234375
7075_22c_40_2_2_frame_10.jpeg,291.79205322265625,291.1810302734375,0.5699063539505005,0.5687129497528076,291.4865417480469,0.569309651851654
7075_22c_40_2_2_frame_11.jpeg,293.6197204589844,293.4014892578125,0.5734760165214539,0.573049783706665,293.51060485839844,0.5732629001140594
7075_22c_40_2_2_frame_12.jpeg,293.26312255859375,292.9487609863281,0.5727795362472534,0.5721655488014221,293.10594177246094,0.5724725425243378
7075_22c_40_2_2_frame_13.jpeg,291.6251525878906,290.9711608886719,0.5695803761482239,0.5683030486106873,291.29815673828125,0.5689417123794556
7075_22c_40_2_2_frame_14.jpeg,293.25128173828125,292.94390869140625,0.5727564096450806,0.5721560716629028,293.09759521484375,0.5724562406539917
7075_22c_40_2_2_frame_15.jpeg,293.5393981933594,293.4075012207031,0.573319137096405,0.5730615258216858,293.47344970703125,0.5731903314590454
7075_22c_40_2_2_frame_16.jpeg,291.97216796875,291.4021301269531,0.5702581405639648,0.5691447854042053,291.68714904785156,0.5697014629840851
7075_22c_40_2_2_frame_17.jpeg,292.3136901855469,291.8373718261719,0.5709251761436462,0.5699948668479919,292.0755310058594,0.5704600214958191
7075_22c_40_2_2_frame_18.jpeg,294.2319641113281,294.2979431152344,0.5746718049049377,0.5748006701469421,294.26495361328125,0.5747362375259399
7075_22c_40_2_2_frame_19.jpeg,292.42877197265625,291.97021484375,0.5711499452590942,0.5702543258666992,292.1994934082031,0.5707021355628967
7075_22c_40_2_2_frame_2.jpeg,293.0724182128906,292.7193908691406,0.572407066822052,0.5717175602912903,292.8959045410156,0.5720623135566711
7075_22c_40_2_2_frame_20.jpeg,291.745849609375,291.13543701171875,0.5698161125183105,0.5686239004135132,291.4406433105469,0.5692200064659119
7075_22c_40_2_2_frame_21.jpeg,293.83355712890625,293.7037353515625,0.573893666267395,0.5736401081085205,293.7686462402344,0.5737668871879578
7075_22c_40_2_2_frame_22.jpeg,293.3013916015625,293.026123046875,0.5728542804718018,0.5723166465759277,293.16375732421875,0.5725854635238647
7075_22c_40_2_2_frame_23.jpeg,291.7262878417969,290.9963684082031,0.5697779059410095,0.5683522820472717,291.361328125,0.5690650939941406
7075_22c_40_2_2_frame_24.jpeg,293.0225524902344,292.7813415527344,0.572309672832489,0.5718385577201843,292.9019470214844,0.5720741152763367
7075_22c_40_2_2_frame_25.jpeg,293.34161376953125,293.3661804199219,0.5729328393936157,0.5729808211326599,293.35389709472656,0.5729568302631378
7075_22c_40_2_2_frame_26.jpeg,291.849853515625,291.2750549316406,0.5700192451477051,0.5688965916633606,291.5624542236328,0.5694579184055328
7075_22c_40_2_2_frame_27.jpeg,291.97479248046875,291.45330810546875,0.5702632665634155,0.5692447423934937,291.71405029296875,0.5697540044784546
7075_22c_40_2_2_frame_28.jpeg,294.1759948730469,294.3232421875,0.5745624899864197,0.5748500823974609,294.24961853027344,0.5747062861919403
7075_22c_40_2_2_frame_29.jpeg,292.5384826660156,292.0711975097656,0.5713642239570618,0.570451557636261,292.3048400878906,0.5709078907966614
7075_22c_40_2_2_frame_3.jpeg,291.648193359375,291.0099792480469,0.5696253776550293,0.5683788657188416,291.32908630371094,0.5690021216869354
7075_22c_40_2_2_frame_30.jpeg,291.6902770996094,291.1281433105469,0.5697075724601746,0.5686096549034119,291.4092102050781,0.5691586136817932
7075_22c_40_2_2_frame_31.jpeg,293.69537353515625,293.65289306640625,0.573623776435852,0.5735408067703247,293.67413330078125,0.5735822916030884
7075_22c_40_2_2_frame_32.jpeg,293.45770263671875,293.24249267578125,0.5731595754623413,0.5727392435073853,293.35009765625,0.5729494094848633
7075_22c_40_2_2_frame_33.jpeg,291.7284851074219,291.0129699707031,0.5697821974754333,0.5683847069740295,291.3707275390625,0.5690834522247314
7075_22c_40_2_2_frame_34.jpeg,293.17474365234375,292.9668884277344,0.5726069211959839,0.5722009539604187,293.07081604003906,0.5724039375782013
7075_22c_40_2_2_frame_35.jpeg,293.48272705078125,293.570556640625,0.5732084512710571,0.5733799934387207,293.5266418457031,0.5732942223548889
7075_22c_40_2_2_frame_36.jpeg,291.8015441894531,291.2497863769531,0.5699248909950256,0.5688472390174866,291.5256652832031,0.5693860650062561
7075_22c_40_2_2_frame_37.jpeg,292.09271240234375,291.5836486816406,0.5704935789108276,0.5694993138313293,291.8381805419922,0.5699964463710785
7075_22c_40_2_2_frame_38.jpeg,294.4335021972656,294.6722717285156,0.5750654339790344,0.5755317807197571,294.5528869628906,0.5752986073493958
7075_22c_40_2_2_frame_39.jpeg,292.3527526855469,291.9232482910156,0.5710014700889587,0.5701625943183899,292.13800048828125,0.5705820322036743
7075_22c_40_2_2_frame_4.jpeg,293.1739807128906,292.81488037109375,0.5726054310798645,0.5719040632247925,292.9944305419922,0.5722547471523285
7075_22c_40_2_2_frame_40.jpeg,291.73114013671875,291.1968688964844,0.5697873830795288,0.568743884563446,291.46400451660156,0.5692656338214874
7075_22c_40_2_2_frame_41.jpeg,293.8463439941406,293.90399169921875,0.5739186406135559,0.5740312337875366,293.8751678466797,0.5739749372005463
7075_22c_40_2_2_frame_42.jpeg,293.37896728515625,293.1789855957031,0.5730057954788208,0.5726152062416077,293.2789764404297,0.5728105008602142
7075_22c_40_2_2_frame_43.jpeg,291.9570007324219,291.3068542480469,0.5702285170555115,0.5689586997032166,291.6319274902344,0.569593608379364
7075_22c_40_2_2_frame_44.jpeg,293.3684387207031,293.1121520996094,0.5729852318763733,0.5724846720695496,293.24029541015625,0.5727349519729614
7075_22c_40_2_2_frame_45.jpeg,293.7916564941406,293.9227600097656,0.5738118290901184,0.5740678906440735,293.8572082519531,0.573939859867096
7075_22c_40_2_2_frame_46.jpeg,292.0965576171875,291.61712646484375,0.5705010890960693,0.569564700126648,291.8568420410156,0.5700328946113586
7075_22c_40_2_2_frame_47.jpeg,292.1319885253906,291.6548767089844,0.5705702900886536,0.5696384310722351,291.8934326171875,0.5701043605804443
7075_22c_40_2_2_frame_48.jpeg,294.3355712890625,294.62237548828125,0.5748741626739502,0.5754343271255493,294.4789733886719,0.5751542448997498
7075_22c_40_2_2_frame_49.jpeg,292.4379577636719,292.0417785644531,0.5711678862571716,0.5703940987586975,292.2398681640625,0.5707809925079346
7075_22c_40_2_2_frame_5.jpeg,293.38287353515625,293.12353515625,0.573013424873352,0.5725069046020508,293.2532043457031,0.5727601647377014
7075_22c_40_2_2_frame_50.jpeg,291.8742980957031,291.367431640625,0.5700669884681702,0.5690770149230957,291.62086486816406,0.5695720016956329
7075_22c_40_2_2_frame_6.jpeg,292.256103515625,291.73138427734375,0.5708127021789551,0.569787859916687,291.9937438964844,0.570300281047821
7075_22c_40_2_2_frame_7.jpeg,292.5550537109375,292.21441650390625,0.5713965892791748,0.5707312822341919,292.3847351074219,0.5710639357566833
7075_22c_40_2_2_frame_8.jpeg,293.82275390625,293.80218505859375,0.5738725662231445,0.5738323926925659,293.8124694824219,0.5738524794578552
7075_22c_40_2_2_frame_9.jpeg,292.4112548828125,291.9968566894531,0.5711157321929932,0.5703063607215881,292.2040557861328,0.5707110464572906
7075_22c_40_2_3_frame_1.jpeg,294.6261901855469,295.3994445800781,0.5754417777061462,0.5769520401954651,295.0128173828125,0.5761969089508057
7075_22c_40_2_3_frame_10.jpeg,293.47589111328125,293.80145263671875,0.5731950998306274,0.5738309621810913,293.638671875,0.5735130310058594
7075_22c_40_2_3_frame_11.jpeg,294.703857421875,295.492431640625,0.5755934715270996,0.5771336555480957,295.09814453125,0.5763635635375977
7075_22c_40_2_3_frame_12.jpeg,294.25616455078125,294.85198974609375,0.5747190713882446,0.5758827924728394,294.5540771484375,0.575300931930542
7075_22c_40_2_3_frame_13.jpeg,293.61761474609375,294.0448913574219,0.5734719038009644,0.5743064284324646,293.8312530517578,0.5738891661167145
7075_22c_40_2_3_frame_14.jpeg,294.2514953613281,294.8863830566406,0.574709951877594,0.5759499669075012,294.5689392089844,0.5753299593925476
7075_22c_40_2_3_frame_15.jpeg,294.9856872558594,295.6506652832031,0.5761439204216003,0.5774427056312561,295.31817626953125,0.5767933130264282
7075_22c_40_2_3_frame_16.jpeg,294.0757141113281,294.4349060058594,0.5743666291236877,0.5750681757926941,294.25531005859375,0.5747174024581909
7075_22c_40_2_3_frame_17.jpeg,293.72271728515625,294.1137390136719,0.5736771821975708,0.5744408965110779,293.91822814941406,0.5740590393543243
7075_22c_40_2_3_frame_18.jpeg,295.0797119140625,295.7461242675781,0.5763275623321533,0.5776291489601135,295.4129180908203,0.5769783556461334
7075_22c_40_2_3_frame_19.jpeg,294.0763854980469,294.5961608886719,0.5743679404258728,0.5753831267356873,294.3362731933594,0.57487553358078
7075_22c_40_2_3_frame_2.jpeg,294.3148193359375,294.9328308105469,0.5748336315155029,0.5760406851768494,294.6238250732422,0.5754371583461761
7075_22c_40_2_3_frame_20.jpeg,293.35369873046875,293.7035827636719,0.5729564428329468,0.5736398100852966,293.5286407470703,0.5732981264591217
7075_22c_40_2_3_frame_21.jpeg,294.9903259277344,295.80364990234375,0.5761529803276062,0.5777415037155151,295.39698791503906,0.5769472420215607
7075_22c_40_2_3_frame_22.jpeg,294.2955627441406,294.91510009765625,0.5747960209846497,0.5760060548782349,294.60533142089844,0.5754010379314423
7075_22c_40_2_3_frame_23.jpeg,293.56494140625,294.0084533691406,0.573369026184082,0.5742352604866028,293.7866973876953,0.5738021433353424
7075_22c_40_2_3_frame_24.jpeg,294.4590148925781,295.0988464355469,0.5751152634620667,0.5763649344444275,294.7789306640625,0.5757400989532471
7075_22c_40_2_3_frame_25.jpeg,294.9985656738281,295.6571960449219,0.5761690735816956,0.577455461025238,295.327880859375,0.5768122673034668
7075_22c_40_2_3_frame_26.jpeg,293.8172302246094,294.24127197265625,0.5738617777824402,0.5746899843215942,294.0292510986328,0.5742758810520172
7075_22c_40_2_3_frame_27.jpeg,293.7248840332031,294.09100341796875,0.5736814141273499,0.5743964910507202,293.90794372558594,0.574038952589035
7075_22c_40_2_3_frame_28.jpeg,294.7461853027344,295.40374755859375,0.5756761431694031,0.5769604444503784,295.07496643066406,0.5763182938098907
7075_22c_40_2_3_frame_29.jpeg,294.2341613769531,294.7560119628906,0.5746760964393616,0.5756953358650208,294.4950866699219,0.5751857161521912
7075_22c_40_2_3_frame_3.jpeg,293.4180603027344,293.7787170410156,0.5730821490287781,0.5737865567207336,293.598388671875,0.5734343528747559
7075_22c_40_2_3_frame_30.jpeg,293.01251220703125,293.2759094238281,0.5722900629043579,0.5728045105934143,293.1442108154297,0.5725472867488861
7075_22c_40_2_3_frame_31.jpeg,295.1023864746094,295.9560241699219,0.5763718485832214,0.5780391097068787,295.5292053222656,0.57720547914505
7075_22c_40_2_3_frame_32.jpeg,294.404052734375,295.1694641113281,0.5750079154968262,0.5765028595924377,294.78675842285156,0.575755387544632
7075_22c_40_2_3_frame_33.jpeg,293.5697326660156,294.015869140625,0.5733783841133118,0.5742497444152832,293.7928009033203,0.5738140642642975
7075_22c_40_2_3_frame_34.jpeg,294.5348815917969,295.255615234375,0.5752634406089783,0.5766711235046387,294.89524841308594,0.5759672820568085
7075_22c_40_2_3_frame_35.jpeg,294.78009033203125,295.4230041503906,0.5757423639297485,0.5769980549812317,295.10154724121094,0.5763702094554901
7075_22c_40_2_3_frame_36.jpeg,294.1843566894531,294.62139892578125,0.5745788216590881,0.5754324197769165,294.4028778076172,0.5750056207180023
7075_22c_40_2_3_frame_37.jpeg,294.12738037109375,294.5957946777344,0.5744675397872925,0.57538241147995,294.36158752441406,0.5749249756336212
7075_22c_40_2_3_frame_38.jpeg,295.06591796875,295.9313049316406,0.5763006210327148,0.5779908299446106,295.4986114501953,0.5771457254886627
7075_22c_40_2_3_frame_39.jpeg,294.0514831542969,294.60565185546875,0.5743193030357361,0.5754016637802124,294.3285675048828,0.5748604834079742
7075_22c_40_2_3_frame_4.jpeg,294.1822509765625,294.86065673828125,0.5745747089385986,0.5758997201919556,294.5214538574219,0.5752372145652771
7075_22c_40_2_3_frame_40.jpeg,293.1867370605469,293.5007019042969,0.5726303458213806,0.5732435584068298,293.3437194824219,0.5729369521141052
7075_22c_40_2_3_frame_41.jpeg,295.05108642578125,295.9490966796875,0.576271653175354,0.5780255794525146,295.5000915527344,0.5771486163139343
7075_22c_40_2_3_frame_42.jpeg,294.7743835449219,295.6243896484375,0.5757312178611755,0.5773913860321045,295.1993865966797,0.57656130194664
7075_22c_40_2_3_frame_43.jpeg,293.7961120605469,294.2886657714844,0.5738205313682556,0.5747825503349304,294.0423889160156,0.574301540851593
7075_22c_40_2_3_frame_44.jpeg,294.6508483886719,295.5113525390625,0.5754899382591248,0.5771706104278564,295.0811004638672,0.5763302743434906
7075_22c_40_2_3_frame_45.jpeg,295.1695861816406,295.8876647949219,0.5765030980110168,0.5779055953025818,295.52862548828125,0.5772043466567993
7075_22c_40_2_3_frame_46.jpeg,293.9588317871094,294.4082336425781,0.574138343334198,0.5750160813331604,294.18353271484375,0.5745772123336792
7075_22c_40_2_3_frame_47.jpeg,294.1054992675781,294.63043212890625,0.5744248032569885,0.57545006275177,294.3679656982422,0.5749374330043793
7075_22c_40_2_3_frame_48.jpeg,295.16241455078125,295.9961853027344,0.5764890909194946,0.5781175494194031,295.5792999267578,0.5773033201694489
7075_22c_40_2_3_frame_49.jpeg,294.1412658691406,294.7433776855469,0.5744946599006653,0.5756706595420837,294.44232177734375,0.5750826597213745
7075_22c_40_2_3_frame_5.jpeg,294.8414001464844,295.45208740234375,0.5758621096611023,0.5770548582077026,295.14674377441406,0.5764584839344025
7075_22c_40_2_3_frame_50.jpeg,293.1548156738281,293.46044921875,0.5725679993629456,0.5731649398803711,293.30763244628906,0.5728664696216583
7075_22c_40_2_3_frame_6.jpeg,293.9205627441406,294.3733825683594,0.5740635991096497,0.5749480128288269,294.14697265625,0.5745058059692383
7075_22c_40_2_3_frame_7.jpeg,293.9117736816406,294.30865478515625,0.5740464329719543,0.5748215913772583,294.11021423339844,0.5744340121746063
7075_22c_40_2_3_frame_8.jpeg,295.0749206542969,295.7646179199219,0.5763182044029236,0.5776652693748474,295.4197692871094,0.5769917368888855
7075_22c_40_2_3_frame_9.jpeg,294.2322998046875,294.7088928222656,0.5746724605560303,0.5756033062934875,294.47059631347656,0.5751378834247589
7075_22c_40_2_4_frame_1.jpeg,289.05389404296875,287.8052673339844,0.5645583868026733,0.5621196627616882,288.42958068847656,0.5633390247821808
7075_22c_40_2_4_frame_10.jpeg,288.44683837890625,287.01934814453125,0.5633727312088013,0.5605846643447876,287.73309326171875,0.5619786977767944
7075_22c_40_2_4_frame_11.jpeg,289.0505676269531,287.82647705078125,0.5645518898963928,0.5621610879898071,288.4385223388672,0.5633564889431
7075_22c_40_2_4_frame_12.jpeg,289.67254638671875,288.54638671875,0.5657666921615601,0.5635671615600586,289.1094665527344,0.5646669268608093
7075_22c_40_2_4_frame_13.jpeg,288.69775390625,287.2711181640625,0.5638628005981445,0.5610764026641846,287.98443603515625,0.5624696016311646
7075_22c_40_2_4_frame_14.jpeg,288.07623291015625,286.6573791503906,0.5626488924026489,0.5598776936531067,287.36680603027344,0.5612632930278778
7075_22c_40_2_4_frame_15.jpeg,290.0636291503906,289.09271240234375,0.5665305256843567,0.5646342039108276,289.5781707763672,0.5655823647975922
7075_22c_40_2_4_frame_16.jpeg,288.9463195800781,287.71990966796875,0.5643482804298401,0.5619529485702515,288.33311462402344,0.5631506145000458
7075_22c_40_2_4_frame_17.jpeg,287.7053527832031,286.3244934082031,0.5619245171546936,0.5592275261878967,287.0149230957031,0.5605760216712952
7075_22c_40_2_4_frame_18.jpeg,290.0982971191406,289.0484313964844,0.5665982365608215,0.5645477175712585,289.5733642578125,0.56557297706604
7075_22c_40_2_4_frame_19.jpeg,289.3456726074219,288.2270812988281,0.5651282668113708,0.5629435181617737,288.786376953125,0.5640358924865723
7075_22c_40_2_4_frame_2.jpeg,289.7708740234375,288.6317138671875,0.5659587383270264,0.5637338161468506,289.2012939453125,0.5648462772369385
7075_22c_40_2_4_frame_20.jpeg,288.18115234375,286.91998291015625,0.5628538131713867,0.5603905916213989,287.5505676269531,0.5616222023963928
7075_22c_40_2_4_frame_21.jpeg,288.6705322265625,287.3389892578125,0.5638096332550049,0.561208963394165,288.0047607421875,0.562509298324585
7075_22c_40_2_4_frame_22.jpeg,290.11187744140625,289.1211853027344,0.5666247606277466,0.5646898150444031,289.6165313720703,0.5656572878360748
7075_22c_40_2_4_frame_23.jpeg,288.862548828125,287.5525207519531,0.5641846656799316,0.5616260170936584,288.20753479003906,0.562905341386795
7075_22c_40_2_4_frame_24.jpeg,287.40924072265625,285.9819030761719,0.561346173286438,0.5585584044456482,286.69557189941406,0.5599522888660431
7075_22c_40_2_4_frame_25.jpeg,290.22772216796875,289.43994140625,0.566851019859314,0.565312385559082,289.8338317871094,0.566081702709198
7075_22c_40_2_4_frame_26.jpeg,289.0702819824219,287.86474609375,0.5645903944969177,0.5622358322143555,288.46751403808594,0.5634131133556366
7075_22c_40_2_4_frame_27.jpeg,287.44573974609375,286.07122802734375,0.5614174604415894,0.5587328672409058,286.75848388671875,0.5600751638412476
7075_22c_40_2_4_frame_28.jpeg,290.34039306640625,289.365478515625,0.5670710802078247,0.5651669502258301,289.8529357910156,0.5661190152168274
7075_22c_40_2_4_frame_29.jpeg,289.70758056640625,288.6630859375,0.5658351182937622,0.5637950897216797,289.1853332519531,0.564815104007721
7075_22c_40_2_4_frame_3.jpeg,288.8509216308594,287.41632080078125,0.5641619563102722,0.5613600015640259,288.1336212158203,0.562760978937149
7075_22c_40_2_4_frame_30.jpeg,288.0508117675781,286.8066101074219,0.562599241733551,0.5601691603660583,287.4287109375,0.5613842010498047
7075_22c_40_2_4_frame_31.jpeg,288.81048583984375,287.5171813964844,0.5640829801559448,0.5615569949150085,288.16383361816406,0.5628199875354767
7075_22c_40_2_4_frame_32.jpeg,289.78759765625,288.90673828125,0.5659914016723633,0.5642709732055664,289.34716796875,0.5651311874389648
7075_22c_40_2_4_frame_33.jpeg,288.8763427734375,287.5587158203125,0.5642116069793701,0.5616381168365479,288.217529296875,0.562924861907959
7075_22c_40_2_4_frame_34.jpeg,287.55694580078125,286.1623840332031,0.5616346597671509,0.5589109063148499,286.8596649169922,0.5602727830410004
7075_22c_40_2_4_frame_35.jpeg,290.30670166015625,289.6704406738281,0.5670052766799927,0.5657625794410706,289.9885711669922,0.5663839280605316
7075_22c_40_2_4_frame_36.jpeg,289.0279235839844,287.81842041015625,0.5645076632499695,0.5621453523635864,288.4231719970703,0.563326507806778
7075_22c_40_2_4_frame_37.jpeg,287.42633056640625,286.0913391113281,0.5613795518875122,0.5587721467018127,286.7588348388672,0.5600758492946625
7075_22c_40_2_4_frame_38.jpeg,290.3035888671875,289.3244934082031,0.5669991970062256,0.5650869011878967,289.8140411376953,0.5660430490970612
7075_22c_40_2_4_frame_39.jpeg,289.3876953125,288.3138732910156,0.5652103424072266,0.5631130337715149,288.8507843017578,0.5641616880893707
7075_22c_40_2_4_frame_4.jpeg,288.0821838378906,286.6123046875,0.5626605153083801,0.5597896575927734,287.3472442626953,0.5612250864505768
7075_22c_40_2_4_frame_40.jpeg,288.1902770996094,286.96875,0.5628716349601746,0.56048583984375,287.5795135498047,0.5616787374019623
7075_22c_40_2_4_frame_41.jpeg,288.536376953125,287.1979675292969,0.5635476112365723,0.560933530330658,287.86717224121094,0.5622405707836151
7075_22c_40_2_4_frame_42.jpeg,290.08837890625,289.41998291015625,0.5665788650512695,0.5652734041213989,289.7541809082031,0.5659261345863342
7075_22c_40_2_4_frame_43.jpeg,288.94403076171875,287.6555480957031,0.5643438100814819,0.5618272423744202,288.29978942871094,0.563085526227951
7075_22c_40_2_4_frame_44.jpeg,287.88055419921875,286.4752197265625,0.5622667074203491,0.5595219135284424,287.1778869628906,0.5608943104743958
7075_22c_40_2_4_frame_45.jpeg,290.33709716796875,289.7257080078125,0.567064642906189,0.5658705234527588,290.0314025878906,0.5664675831794739
7075_22c_40_2_4_frame_46.jpeg,289.0089111328125,287.83074951171875,0.5644705295562744,0.5621694326400757,288.4198303222656,0.563319981098175
7075_22c_40_2_4_frame_47.jpeg,287.6005859375,286.2917175292969,0.5617198944091797,0.559163510799408,286.94615173339844,0.5604417026042938
7075_22c_40_2_4_frame_48.jpeg,290.2795104980469,289.3452453613281,0.5669521689414978,0.565127432346344,289.8123779296875,0.5660398006439209
7075_22c_40_2_4_frame_49.jpeg,289.6341857910156,288.6665344238281,0.5656917691230774,0.5638018250465393,289.1503601074219,0.5647467970848083
7075_22c_40_2_4_frame_5.jpeg,290.02496337890625,289.0531921386719,0.5664550065994263,0.5645570158958435,289.53907775878906,0.5655060112476349
7075_22c_40_2_4_frame_50.jpeg,288.1250915527344,286.8736877441406,0.5627443194389343,0.5603001713752747,287.4993896484375,0.5615222454071045
7075_22c_40_2_4_frame_6.jpeg,289.2513427734375,288.0277099609375,0.5649440288543701,0.562554121017456,288.6395263671875,0.5637490749359131
7075_22c_40_2_4_frame_7.jpeg,288.2188415527344,286.77447509765625,0.5629274249076843,0.5601063966751099,287.4966583251953,0.5615169107913971
7075_22c_40_2_4_frame_8.jpeg,290.1147155761719,289.08648681640625,0.5666303038597107,0.5646220445632935,289.60060119628906,0.5656261742115021
7075_22c_40_2_4_frame_9.jpeg,289.4642028808594,288.3092041015625,0.5653597712516785,0.5631039142608643,288.88670349121094,0.5642318427562714
7075_22c_40_2_5_frame_1.jpeg,284.8227844238281,283.30810546875,0.5562945008277893,0.5533361434936523,284.06544494628906,0.5548153221607208
7075_22c_40_2_5_frame_10.jpeg,285.5785217285156,284.06854248046875,0.5577705502510071,0.5548213720321655,284.8235321044922,0.5562959611415863
7075_22c_40_2_5_frame_11.jpeg,284.7980651855469,283.3266906738281,0.5562462210655212,0.5533724427223206,284.0623779296875,0.5548093318939209
7075_22c_40_2_5_frame_12.jpeg,286.0522766113281,284.7976989746094,0.5586958527565002,0.5562455058097839,285.42498779296875,0.5574706792831421
7075_22c_40_2_5_frame_13.jpeg,285.56903076171875,284.0083923339844,0.5577520132064819,0.5547038912773132,284.78871154785156,0.5562279522418976
7075_22c_40_2_5_frame_14.jpeg,284.6545715332031,283.081298828125,0.5559659600257874,0.5528931617736816,283.86793518066406,0.5544295608997345
7075_22c_40_2_5_frame_15.jpeg,286.7512512207031,285.5785827636719,0.5600610375404358,0.5577706694602966,286.1649169921875,0.5589158535003662
7075_22c_40_2_5_frame_16.jpeg,284.6435852050781,283.0457763671875,0.5559445023536682,0.5528237819671631,283.8446807861328,0.5543841421604156
7075_22c_40_2_5_frame_17.jpeg,284.3802795410156,282.8818054199219,0.5554302334785461,0.5525035262107849,283.63104248046875,0.5539668798446655
7075_22c_40_2_5_frame_18.jpeg,286.7733459472656,285.6147155761719,0.5601041913032532,0.5578412413597107,286.19403076171875,0.5589727163314819
7075_22c_40_2_5_frame_19.jpeg,286.00274658203125,284.70867919921875,0.5585991144180298,0.5560716390609741,285.355712890625,0.557335376739502
7075_22c_40_2_5_frame_2.jpeg,286.35565185546875,285.1149597167969,0.5592883825302124,0.5568651556968689,285.7353057861328,0.5580767691135406
7075_22c_40_2_5_frame_20.jpeg,285.16729736328125,283.68255615234375,0.5569673776626587,0.5540674924850464,284.4249267578125,0.5555174350738525
7075_22c_40_2_5_frame_21.jpeg,284.52215576171875,282.9064025878906,0.5557073354721069,0.5525515675544739,283.7142791748047,0.5541294515132904
7075_22c_40_2_5_frame_22.jpeg,286.098876953125,284.8582763671875,0.5587868690490723,0.5563638210296631,285.47857666015625,0.5575753450393677
7075_22c_40_2_5_frame_23.jpeg,285.6584777832031,284.17535400390625,0.5579267144203186,0.5550299882888794,284.9169158935547,0.556478351354599
7075_22c_40_2_5_frame_24.jpeg,284.27899169921875,282.78289794921875,0.5552324056625366,0.5523103475570679,283.53094482421875,0.5537713766098022
7075_22c_40_2_5_frame_25.jpeg,286.9458312988281,285.7916259765625,0.5604410767555237,0.5581867694854736,286.3687286376953,0.5593139231204987
7075_22c_40_2_5_frame_26.jpeg,285.03985595703125,283.496826171875,0.5567184686660767,0.5537047386169434,284.2683410644531,0.55521160364151
7075_22c_40_2_5_frame_27.jpeg,284.403564453125,282.952880859375,0.5554757118225098,0.5526423454284668,283.67822265625,0.5540590286254883
7075_22c_40_2_5_frame_28.jpeg,287.18194580078125,286.095703125,0.5609022378921509,0.5587806701660156,286.6388244628906,0.5598414540290833
7075_22c_40_2_5_frame_29.jpeg,285.8053894042969,284.5820007324219,0.5582136511802673,0.5558242201805115,285.1936950683594,0.5570189356803894
7075_22c_40_2_5_frame_3.jpeg,286.1002502441406,284.51434326171875,0.5587895512580872,0.5556920766830444,285.3072967529297,0.5572408139705658
7075_22c_40_2_5_frame_30.jpeg,285.4331359863281,284.0272521972656,0.5574865937232971,0.5547407269477844,284.7301940917969,0.5561136603355408
7075_22c_40_2_5_frame_31.jpeg,284.5444030761719,282.9832458496094,0.5557507872581482,0.5527016520500183,283.7638244628906,0.5542262196540833
7075_22c_40_2_5_frame_32.jpeg,286.3940124511719,285.49676513671875,0.5593633055686951,0.5576108694076538,285.9453887939453,0.5584870874881744
7075_22c_40_2_5_frame_33.jpeg,286.0455017089844,284.6468505859375,0.5586826205253601,0.5559508800506592,285.34617614746094,0.5573167502880096
7075_22c_40_2_5_frame_34.jpeg,284.2615661621094,282.7672119140625,0.5551983714103699,0.5522797107696533,283.51438903808594,0.5537390410900116
7075_22c_40_2_5_frame_35.jpeg,286.9974060058594,285.96588134765625,0.5605418086051941,0.5585271120071411,286.4816436767578,0.5595344603061676
7075_22c_40_2_5_frame_36.jpeg,284.8121643066406,283.2881774902344,0.5562737584114075,0.553297221660614,284.0501708984375,0.5547854900360107
7075_22c_40_2_5_frame_37.jpeg,284.208740234375,282.7408752441406,0.5550951957702637,0.5522282719612122,283.4748077392578,0.5536617338657379
7075_22c_40_2_5_frame_38.jpeg,287.31719970703125,286.2503662109375,0.5611664056777954,0.5590827465057373,286.7837829589844,0.5601245760917664
7075_22c_40_2_5_frame_39.jpeg,285.69451904296875,284.4973449707031,0.5579971075057983,0.5556588768959045,285.09593200683594,0.5568279922008514
7075_22c_40_2_5_frame_4.jpeg,284.8415832519531,283.25689697265625,0.556331217288971,0.5532361268997192,284.0492401123047,0.5547836720943451
7075_22c_40_2_5_frame_40.jpeg,285.6449279785156,284.2538146972656,0.5579002499580383,0.5551832318305969,284.9493713378906,0.5565417408943176
7075_22c_40_2_5_frame_41.jpeg,284.7934875488281,283.3863220214844,0.5562372803688049,0.5534889101982117,284.08990478515625,0.5548630952835083
7075_22c_40_2_5_frame_42.jpeg,286.36712646484375,285.55120849609375,0.559310793876648,0.5577172040939331,285.95916748046875,0.5585139989852905
7075_22c_40_2_5_frame_43.jpeg,285.91510009765625,284.5178527832031,0.5584279298782349,0.5556989312171936,285.2164764404297,0.5570634305477142
7075_22c_40_2_5_frame_44.jpeg,284.2838439941406,282.848876953125,0.5552418828010559,0.5524392127990723,283.5663604736328,0.5538405478000641
7075_22c_40_2_5_frame_45.jpeg,286.74530029296875,285.72222900390625,0.5600494146347046,0.5580512285232544,286.2337646484375,0.5590503215789795
7075_22c_40_2_5_frame_46.jpeg,285.2311096191406,283.8106994628906,0.557092010974884,0.5543177723884583,284.5209045410156,0.5557048916816711
7075_22c_40_2_5_frame_47.jpeg,284.8543395996094,283.482421875,0.5563561320304871,0.5536766052246094,284.1683807373047,0.5550163686275482
7075_22c_40_2_5_frame_48.jpeg,287.1621398925781,286.13665771484375,0.5608635544776917,0.5588606595993042,286.64939880371094,0.5598621070384979
7075_22c_40_2_5_frame_49.jpeg,286.01544189453125,284.870361328125,0.5586239099502563,0.5563874244689941,285.4429016113281,0.5575056672096252
7075_22c_40_2_5_frame_5.jpeg,286.8799743652344,285.6400146484375,0.5603124499320984,0.5578906536102295,286.25999450683594,0.5591015517711639
7075_22c_40_2_5_frame_50.jpeg,285.7704772949219,284.3908996582031,0.5581454634666443,0.555450975894928,285.0806884765625,0.5567982196807861
7075_22c_40_2_5_frame_6.jpeg,284.96014404296875,283.4186706542969,0.5565627813339233,0.5535520911216736,284.1894073486328,0.5550574362277985
7075_22c_40_2_5_frame_7.jpeg,284.7666931152344,283.20184326171875,0.5561849474906921,0.5531286001205444,283.98426818847656,0.5546567738056183
7075_22c_40_2_5_frame_8.jpeg,286.86334228515625,285.7456359863281,0.5602799654006958,0.5580969452857971,286.3044891357422,0.5591884553432465
7075_22c_40_2_5_frame_9.jpeg,285.7221984863281,284.4046630859375,0.5580511689186096,0.5554778575897217,285.0634307861328,0.5567645132541656
7075_22c_40_2_6_frame_1.jpeg,285.5497131347656,284.290283203125,0.5577142834663391,0.5552544593811035,284.9199981689453,0.5564843714237213
7075_22c_40_2_6_frame_10.jpeg,284.3019104003906,282.83013916015625,0.5552771687507629,0.5524026155471802,283.56602478027344,0.5538398921489716
7075_22c_40_2_6_frame_11.jpeg,285.2759704589844,283.99603271484375,0.5571796298027039,0.5546797513961792,284.63600158691406,0.5559296905994415
7075_22c_40_2_6_frame_12.jpeg,284.947021484375,283.7010803222656,0.5565371513366699,0.554103672504425,284.3240509033203,0.5553204119205475
7075_22c_40_2_6_frame_13.jpeg,284.7442932128906,283.21044921875,0.556141197681427,0.5531454086303711,283.9773712158203,0.554643303155899
7075_22c_40_2_6_frame_14.jpeg,284.71881103515625,283.2486267089844,0.5560914278030396,0.5532199740409851,283.9837188720703,0.5546557009220123
7075_22c_40_2_6_frame_15.jpeg,285.4760437011719,284.4821472167969,0.5575703978538513,0.5556291937828064,284.9790954589844,0.5565997958183289
7075_22c_40_2_6_frame_16.jpeg,285.5165100097656,284.334716796875,0.5576494336128235,0.5553412437438965,284.9256134033203,0.55649533867836
7075_22c_40_2_6_frame_17.jpeg,283.5519714355469,282.0018310546875,0.5538124442100525,0.5507848262786865,282.7769012451172,0.5522986352443695
7075_22c_40_2_6_frame_18.jpeg,285.91680908203125,284.8066711425781,0.5584312677383423,0.5562630295753479,285.3617401123047,0.5573471486568451
7075_22c_40_2_6_frame_19.jpeg,286.1174011230469,285.0235900878906,0.5588230490684509,0.5566866993904114,285.57049560546875,0.5577548742294312
7075_22c_40_2_6_frame_2.jpeg,285.0209655761719,283.7576599121094,0.5566815733909607,0.5542141795158386,284.3893127441406,0.5554478764533997
7075_22c_40_2_6_frame_20.jpeg,283.7960510253906,282.385009765625,0.5542891621589661,0.5515332221984863,283.0905303955078,0.5529111921787262
7075_22c_40_2_6_frame_21.jpeg,285.13726806640625,283.76031494140625,0.5569087266921997,0.5542193651199341,284.44879150390625,0.5555640459060669
7075_22c_40_2_6_frame_22.jpeg,285.0378723144531,284.00604248046875,0.5567145943641663,0.5546993017196655,284.52195739746094,0.5557069480419159
7075_22c_40_2_6_frame_23.jpeg,284.47198486328125,282.9847717285156,0.5556093454360962,0.5527046322822571,283.72837829589844,0.5541569888591766
7075_22c_40_2_6_frame_24.jpeg,285.0389099121094,283.6869201660156,0.5567166209220886,0.5540760159492493,284.3629150390625,0.555396318435669
7075_22c_40_2_6_frame_25.jpeg,285.6893310546875,284.9688415527344,0.5579869747161865,0.5565797686576843,285.32908630371094,0.5572833716869354
7075_22c_40_2_6_frame_26.jpeg,285.4244689941406,284.2383117675781,0.5574696660041809,0.555152952671051,284.8313903808594,0.556311309337616
7075_22c_40_2_6_frame_27.jpeg,283.57415771484375,282.1265563964844,0.5538557767868042,0.5510284304618835,282.85035705566406,0.5524421036243439
7075_22c_40_2_6_frame_28.jpeg,285.9462585449219,284.8886413574219,0.5584887862205505,0.5564231276512146,285.4174499511719,0.5574559569358826
7075_22c_40_2_6_frame_29.jpeg,286.182861328125,285.1952209472656,0.5589509010314941,0.5570219159126282,285.6890411376953,0.5579864084720612
7075_22c_40_2_6_frame_3.jpeg,284.6528015136719,283.1221008300781,0.5559625029563904,0.5529728531837463,283.887451171875,0.5544676780700684
7075_22c_40_2_6_frame_30.jpeg,284.2045593261719,282.84893798828125,0.5550870299339294,0.5524393320083618,283.52674865722656,0.5537631809711456
7075_22c_40_2_6_frame_31.jpeg,285.2750244140625,283.9542236328125,0.5571777820587158,0.5545980930328369,284.6146240234375,0.5558879375457764
7075_22c_40_2_6_frame_32.jpeg,285.3116149902344,284.5668029785156,0.5572492480278015,0.5557945370674133,284.939208984375,0.5565218925476074
7075_22c_40_2_6_frame_33.jpeg,284.851318359375,283.3818054199219,0.5563502311706543,0.5534800887107849,284.11656188964844,0.5549151599407196
7075_22c_40_2_6_frame_34.jpeg,285.4330749511719,284.1781921386719,0.5574864745140076,0.5550355315208435,284.8056335449219,0.5562610030174255
7075_22c_40_2_6_frame_35.jpeg,285.7939758300781,285.10687255859375,0.5581913590431213,0.5568493604660034,285.45042419433594,0.5575203597545624
7075_22c_40_2_6_frame_36.jpeg,285.7103576660156,284.574462890625,0.5580280423164368,0.555809497833252,285.1424102783203,0.5569187700748444
7075_22c_40_2_6_frame_37.jpeg,283.6019287109375,282.1918029785156,0.5539100170135498,0.5511558651924133,282.89686584472656,0.5525329411029816
7075_22c_40_2_6_frame_38.jpeg,285.6507568359375,284.64556884765625,0.5579116344451904,0.5559483766555786,285.1481628417969,0.5569300055503845
7075_22c_40_2_6_frame_39.jpeg,286.3516845703125,285.4284973144531,0.5592806339263916,0.5574775338172913,285.8900909423828,0.5583790838718414
7075_22c_40_2_6_frame_4.jpeg,285.0275573730469,283.528076171875,0.5566944479942322,0.5537657737731934,284.27781677246094,0.5552301108837128
7075_22c_40_2_6_frame_40.jpeg,284.0289306640625,282.6578369140625,0.5547440052032471,0.5520660877227783,283.3433837890625,0.5534050464630127
7075_22c_40_2_6_frame_41.jpeg,284.908203125,283.587890625,0.5564613342285156,0.5538825988769531,284.248046875,0.5551719665527344
7075_22c_40_2_6_frame_42.jpeg,285.4119873046875,284.6905212402344,0.5574452877044678,0.5560361742973328,285.05125427246094,0.5567407310009003
7075_22c_40_2_6_frame_43.jpeg,284.94317626953125,283.52947998046875,0.5565296411514282,0.553768515586853,284.236328125,0.5551490783691406
7075_22c_40_2_6_frame_44.jpeg,285.3876953125,284.1520080566406,0.5573978424072266,0.5549843907356262,284.7698516845703,0.5561911165714264
7075_22c_40_2_6_frame_45.jpeg,285.7131042480469,285.018798828125,0.5580334067344666,0.5566773414611816,285.36595153808594,0.5573553740978241
7075_22c_40_2_6_frame_46.jpeg,285.40716552734375,284.25628662109375,0.5574358701705933,0.5551880598068237,284.83172607421875,0.5563119649887085
7075_22c_40_2_6_frame_47.jpeg,283.56884765625,282.18707275390625,0.5538454055786133,0.5511466264724731,282.8779602050781,0.5524960160255432
7075_22c_40_2_6_frame_48.jpeg,285.7051086425781,284.7038879394531,0.5580177903175354,0.5560622811317444,285.2044982910156,0.5570400357246399
7075_22c_40_2_6_frame_49.jpeg,286.6150207519531,285.7308654785156,0.5597949624061584,0.5580680966377258,286.1729431152344,0.5589315295219421
7075_22c_40_2_6_frame_5.jpeg,285.7428894042969,284.7076721191406,0.5580915808677673,0.5560696721076965,285.22528076171875,0.5570806264877319
7075_22c_40_2_6_frame_50.jpeg,284.1098937988281,282.73968505859375,0.5549021363258362,0.5522259473800659,283.42478942871094,0.553564041852951
7075_22c_40_2_6_frame_6.jpeg,285.8880310058594,284.72705078125,0.5583750605583191,0.5561075210571289,285.3075408935547,0.557241290807724
7075_22c_40_2_6_frame_7.jpeg,284.0345764160156,282.5120849609375,0.5547550320625305,0.551781415939331,283.27333068847656,0.5532682240009308
7075_22c_40_2_6_frame_8.jpeg,285.9722900390625,284.86083984375,0.558539628982544,0.5563688278198242,285.41656494140625,0.5574542284011841
7075_22c_40_2_6_frame_9.jpeg,285.8849182128906,284.73822021484375,0.558368980884552,0.5561293363571167,285.3115692138672,0.5572491586208344
7075_22c_40_2_7_frame_1.jpeg,293.53387451171875,293.8116455078125,0.5733083486557007,0.5738508701324463,293.6727600097656,0.5735796093940735
7075_22c_40_2_7_frame_10.jpeg,292.1515808105469,292.06683349609375,0.5706085562705994,0.5704430341720581,292.1092071533203,0.5705257952213287
7075_22c_40_2_7_frame_11.jpeg,293.46136474609375,293.75103759765625,0.5731667280197144,0.5737324953079224,293.606201171875,0.5734496116638184
7075_22c_40_2_7_frame_12.jpeg,291.80145263671875,291.6103210449219,0.5699247121810913,0.569551408290863,291.7058868408203,0.5697380602359772
7075_22c_40_2_7_frame_13.jpeg,292.2135314941406,292.179443359375,0.5707295536994934,0.5706629753112793,292.1964874267578,0.5706962645053864
7075_22c_40_2_7_frame_14.jpeg,293.79364013671875,294.24102783203125,0.5738157033920288,0.574689507484436,294.017333984375,0.5742526054382324
7075_22c_40_2_7_frame_15.jpeg,292.18194580078125,292.17974853515625,0.5706678628921509,0.570663571357727,292.18084716796875,0.570665717124939
7075_22c_40_2_7_frame_16.jpeg,292.3079528808594,292.4833984375,0.5709139704704285,0.5712566375732422,292.3956756591797,0.5710853040218353
7075_22c_40_2_7_frame_17.jpeg,292.6755676269531,292.78125,0.5716319680213928,0.57183837890625,292.72840881347656,0.5717351734638214
7075_22c_40_2_7_frame_18.jpeg,293.0104064941406,293.20501708984375,0.5722859501838684,0.5726660490036011,293.1077117919922,0.5724759995937347
7075_22c_40_2_7_frame_19.jpeg,292.18035888671875,292.4111633300781,0.5706647634506226,0.5711155533790588,292.29576110839844,0.5708901584148407
7075_22c_40_2_7_frame_2.jpeg,291.66204833984375,291.4347229003906,0.5696524381637573,0.5692084431648254,291.5483856201172,0.5694304406642914
7075_22c_40_2_7_frame_20.jpeg,291.7506103515625,291.64111328125,0.5698254108428955,0.5696115493774414,291.69586181640625,0.5697184801101685
7075_22c_40_2_7_frame_21.jpeg,293.561767578125,293.93817138671875,0.5733628273010254,0.5740979909896851,293.7499694824219,0.5737304091453552
7075_22c_40_2_7_frame_22.jpeg,291.915771484375,291.71685791015625,0.5701479911804199,0.5697594881057739,291.8163146972656,0.5699537396430969
7075_22c_40_2_7_frame_23.jpeg,292.0979919433594,292.1873474121094,0.5705038905143738,0.5706784129142761,292.1426696777344,0.570591151714325
7075_22c_40_2_7_frame_24.jpeg,293.6123962402344,294.0501708984375,0.5734617114067078,0.5743167400360107,293.83128356933594,0.5738892257213593
7075_22c_40_2_7_frame_25.jpeg,292.2777099609375,292.2791442871094,0.570854902267456,0.5708577036857605,292.27842712402344,0.5708563029766083
7075_22c_40_2_7_frame_26.jpeg,291.7561340332031,291.8177795410156,0.5698361992835999,0.5699566006660461,291.7869567871094,0.569896399974823
7075_22c_40_2_7_frame_27.jpeg,292.8659362792969,292.99407958984375,0.5720037817955017,0.5722540616989136,292.9300079345703,0.5721289217472076
7075_22c_40_2_7_frame_28.jpeg,293.0064392089844,293.2185363769531,0.5722782015800476,0.5726924538612366,293.11248779296875,0.5724853277206421
7075_22c_40_2_7_frame_29.jpeg,291.9045104980469,292.0390319824219,0.5701259970664978,0.5703887343406677,291.9717712402344,0.5702573657035828
7075_22c_40_2_7_frame_3.jpeg,291.90423583984375,291.7840576171875,0.5701254606246948,0.5698907375335693,291.8441467285156,0.5700080990791321
7075_22c_40_2_7_frame_30.jpeg,291.9444580078125,291.8094787597656,0.5702040195465088,0.5699403882026672,291.87696838378906,0.570072203874588
7075_22c_40_2_7_frame_31.jpeg,293.4739074707031,293.8660888671875,0.573191225528717,0.5739572048187256,293.6699981689453,0.5735742151737213
7075_22c_40_2_7_frame_32.jpeg,292.1142578125,291.931640625,0.5705356597900391,0.5701789855957031,292.02294921875,0.5703573226928711
7075_22c_40_2_7_frame_33.jpeg,292.0023498535156,292.0868225097656,0.5703170895576477,0.570482075214386,292.0445861816406,0.5703995823860168
7075_22c_40_2_7_frame_34.jpeg,293.7510986328125,294.2779235839844,0.5737326145172119,0.5747615694999695,294.01451110839844,0.5742470920085907
7075_22c_40_2_7_frame_35.jpeg,292.2243957519531,292.2401428222656,0.5707507729530334,0.5707815289497375,292.2322692871094,0.5707661509513855
7075_22c_40_2_7_frame_36.jpeg,291.9150085449219,292.0766906738281,0.5701465010643005,0.5704622864723206,291.995849609375,0.5703043937683105
7075_22c_40_2_7_frame_37.jpeg,293.108642578125,293.2738342285156,0.5724778175354004,0.5728004574775696,293.1912384033203,0.572639137506485
7075_22c_40_2_7_frame_38.jpeg,293.4120178222656,293.66326904296875,0.5730703473091125,0.5735610723495483,293.5376434326172,0.5733157098293304
7075_22c_40_2_7_frame_39.jpeg,292.405517578125,292.64190673828125,0.5711045265197754,0.5715662240982056,292.5237121582031,0.5713353753089905
7075_22c_40_2_7_frame_4.jpeg,293.5818786621094,293.9217529296875,0.5734021067619324,0.5740659236907959,293.75181579589844,0.5737340152263641
7075_22c_40_2_7_frame_40.jpeg,292.0930480957031,292.0903625488281,0.5704942345619202,0.5704889893531799,292.0917053222656,0.57049161195755
7075_22c_40_2_7_frame_41.jpeg,293.6567687988281,294.1345520019531,0.5735483765602112,0.5744815468788147,293.8956604003906,0.5740149617195129
7075_22c_40_2_7_frame_42.jpeg,292.087158203125,291.9721374511719,0.5704827308654785,0.5702580809593201,292.02964782714844,0.5703704059123993
7075_22c_40_2_7_frame_43.jpeg,292.1395568847656,292.2001953125,0.5705850720405579,0.5707035064697266,292.1698760986328,0.5706442892551422
7075_22c_40_2_7_frame_44.jpeg,293.8115539550781,294.374755859375,0.573850691318512,0.5749506950378418,294.09315490722656,0.5744006931781769
7075_22c_40_2_7_frame_45.jpeg,292.2949523925781,292.3533935546875,0.5708885788917542,0.571002721786499,292.3241729736328,0.5709456503391266
7075_22c_40_2_7_frame_46.jpeg,292.05487060546875,292.20147705078125,0.5704196691513062,0.5707060098648071,292.128173828125,0.5705628395080566
7075_22c_40_2_7_frame_47.jpeg,293.00811767578125,293.13470458984375,0.5722814798355103,0.5725287199020386,293.0714111328125,0.5724050998687744
7075_22c_40_2_7_frame_48.jpeg,293.29132080078125,293.47369384765625,0.5728346109390259,0.5731908082962036,293.38250732421875,0.5730127096176147
7075_22c_40_2_7_frame_49.jpeg,292.3716735839844,292.59527587890625,0.5710384249687195,0.5714751482009888,292.4834747314453,0.5712567865848541
7075_22c_40_2_7_frame_5.jpeg,292.4219665527344,292.337890625,0.5711366534233093,0.5709724426269531,292.3799285888672,0.5710545480251312
7075_22c_40_2_7_frame_50.jpeg,292.1949157714844,292.19683837890625,0.5706931948661804,0.5706969499588013,292.1958770751953,0.5706950724124908
7075_22c_40_2_7_frame_6.jpeg,292.37896728515625,292.3757629394531,0.5710526704788208,0.5710464119911194,292.3773651123047,0.5710495412349701
7075_22c_40_2_7_frame_7.jpeg,292.6182556152344,292.5989685058594,0.5715200304985046,0.5714823603630066,292.6086120605469,0.5715011954307556
7075_22c_40_2_7_frame_8.jpeg,292.7213439941406,292.8094787597656,0.5717213749885559,0.5718935132026672,292.7654113769531,0.5718074440956116
7075_22c_40_2_7_frame_9.jpeg,292.2173767089844,292.2622375488281,0.5707370638847351,0.5708246827125549,292.23980712890625,0.570780873298645
7075_22c_40_2_8_frame_1.jpeg,292.1405029296875,291.3873291015625,0.5705869197845459,0.5691158771514893,291.763916015625,0.5698513984680176
7075_22c_40_2_8_frame_10.jpeg,290.1817626953125,288.8283386230469,0.5667612552642822,0.5641178488731384,289.5050506591797,0.5654395520687103
7075_22c_40_2_8_frame_11.jpeg,291.2919616699219,290.00811767578125,0.5689296126365662,0.5664221048355103,290.65003967285156,0.5676758587360382
7075_22c_40_2_8_frame_12.jpeg,290.09869384765625,288.6313781738281,0.5665990114212036,0.5637331604957581,289.3650360107422,0.5651660859584808
7075_22c_40_2_8_frame_13.jpeg,290.475341796875,289.3197937011719,0.5673346519470215,0.5650777220726013,289.89756774902344,0.5662061870098114
7075_22c_40_2_8_frame_14.jpeg,289.9266357421875,288.46441650390625,0.56626296043396,0.5634070634841919,289.1955261230469,0.5648350119590759
7075_22c_40_2_8_frame_15.jpeg,290.7013244628906,289.3460693359375,0.5677760243415833,0.5651290416717529,290.02369689941406,0.5664525330066681
7075_22c_40_2_8_frame_16.jpeg,290.88226318359375,289.7801208496094,0.5681294202804565,0.5659767985343933,290.33119201660156,0.5670531094074249
7075_22c_40_2_8_frame_17.jpeg,289.3313293457031,287.9252624511719,0.5651002526283264,0.5623540282249451,288.6282958984375,0.5637271404266357
7075_22c_40_2_8_frame_18.jpeg,291.25006103515625,289.9465026855469,0.5688477754592896,0.5663017630577087,290.59828186035156,0.5675747692584991
7075_22c_40_2_8_frame_19.jpeg,290.41607666015625,289.0699462890625,0.5672188997268677,0.5645897388458252,289.7430114746094,0.5659043192863464
7075_22c_40_2_8_frame_2.jpeg,290.7346496582031,289.6737976074219,0.567841112613678,0.5657691359519958,290.2042236328125,0.5668051242828369
7075_22c_40_2_8_frame_20.jpeg,289.28662109375,288.0121765136719,0.5650129318237305,0.5625237822532654,288.64939880371094,0.5637683570384979
7075_22c_40_2_8_frame_21.jpeg,291.400146484375,290.09918212890625,0.5691409111022949,0.56659996509552,290.7496643066406,0.5678704380989075
7075_22c_40_2_8_frame_22.jpeg,289.6761474609375,288.16796875,0.5657737255096436,0.5628280639648438,288.92205810546875,0.5643008947372437
7075_22c_40_2_8_frame_23.jpeg,290.93170166015625,289.9655456542969,0.5682259798049927,0.5663389563560486,290.44862365722656,0.5672824680805206
7075_22c_40_2_8_frame_24.jpeg,289.8336486816406,288.36151123046875,0.5660813450813293,0.5632060766220093,289.0975799560547,0.5646437108516693
7075_22c_40_2_8_frame_25.jpeg,290.5970153808594,289.245361328125,0.567572295665741,0.5649323463439941,289.9211883544922,0.5662523210048676
7075_22c_40_2_8_frame_26.jpeg,291.0754699707031,290.1024169921875,0.5685067772865295,0.5666062831878662,290.5889434814453,0.5675565302371979
7075_22c_40_2_8_frame_27.jpeg,289.2449951171875,287.87725830078125,0.5649316310882568,0.5622602701187134,288.5611267089844,0.5635959506034851
7075_22c_40_2_8_frame_28.jpeg,291.0164489746094,289.6955871582031,0.5683915019035339,0.5658116936683655,290.35601806640625,0.5671015977859497
7075_22c_40_2_8_frame_29.jpeg,290.4289855957031,289.2613220214844,0.5672441124916077,0.5649635195732117,289.84515380859375,0.5661038160324097
7075_22c_40_2_8_frame_3.jpeg,291.1591491699219,290.3471374511719,0.5686702132225037,0.5670842528343201,290.7531433105469,0.5678772330284119
7075_22c_40_2_8_frame_30.jpeg,289.80419921875,288.58685302734375,0.5660238265991211,0.5636461973190308,289.1955261230469,0.5648350119590759
7075_22c_40_2_8_frame_31.jpeg,291.2271728515625,289.984619140625,0.568803071975708,0.5663762092590332,290.60589599609375,0.5675896406173706
7075_22c_40_2_8_frame_32.jpeg,290.5794677734375,289.27154541015625,0.5675380229949951,0.5649834871292114,289.9255065917969,0.5662607550621033
7075_22c_40_2_8_frame_33.jpeg,290.90032958984375,289.93316650390625,0.5681647062301636,0.5662757158279419,290.416748046875,0.5672202110290527
7075_22c_40_2_8_frame_34.jpeg,290.2298583984375,288.9023132324219,0.5668551921844482,0.564262330532074,289.5660858154297,0.5655587613582611
7075_22c_40_2_8_frame_35.jpeg,291.3394775390625,290.141845703125,0.5690224170684814,0.566683292388916,290.74066162109375,0.5678528547286987
7075_22c_40_2_8_frame_36.jpeg,291.91522216796875,291.0802917480469,0.570146918296814,0.568516194820404,291.4977569580078,0.569331556558609
7075_22c_40_2_8_frame_37.jpeg,290.2190856933594,289.0439758300781,0.5668341517448425,0.5645390152931213,289.63153076171875,0.5656865835189819
7075_22c_40_2_8_frame_38.jpeg,291.8466491699219,290.7237854003906,0.5700129866600037,0.5678198933601379,291.28521728515625,0.5689164400100708
7075_22c_40_2_8_frame_39.jpeg,291.743408203125,290.7424011230469,0.5698113441467285,0.5678562521934509,291.24290466308594,0.5688337981700897
7075_22c_40_2_8_frame_4.jpeg,290.8904113769531,289.9307861328125,0.5681453347206116,0.5662710666656494,290.4105987548828,0.5672082006931305
7075_22c_40_2_8_frame_40.jpeg,291.0539855957031,290.05224609375,0.5684648156166077,0.5665082931518555,290.55311584472656,0.5674865543842316
7075_22c_40_2_8_frame_41.jpeg,292.1870422363281,290.9270324707031,0.5706778168678284,0.568216860294342,291.5570373535156,0.5694473385810852
7075_22c_40_2_8_frame_42.jpeg,290.7514953613281,289.4556579589844,0.567874014377594,0.5653430819511414,290.10357666015625,0.5666085481643677
7075_22c_40_2_8_frame_43.jpeg,292.0751953125,291.26513671875,0.5704593658447266,0.5688772201538086,291.670166015625,0.5696682929992676
7075_22c_40_2_8_frame_44.jpeg,291.0291748046875,289.73406982421875,0.5684163570404053,0.5658868551254272,290.3816223144531,0.5671516060829163
7075_22c_40_2_8_frame_45.jpeg,291.55224609375,290.1953430175781,0.5694379806518555,0.5667877793312073,290.87379455566406,0.5681128799915314
7075_22c_40_2_8_frame_46.jpeg,292.070068359375,291.2757263183594,0.5704493522644043,0.5688979029655457,291.6728973388672,0.569673627614975
7075_22c_40_2_8_frame_47.jpeg,290.1396789550781,288.9717102050781,0.566679060459137,0.5643978714942932,289.5556945800781,0.5655384659767151
7075_22c_40_2_8_frame_48.jpeg,292.1996154785156,291.0787658691406,0.5707023739814758,0.5685132145881653,291.6391906738281,0.5696077942848206
7075_22c_40_2_8_frame_49.jpeg,291.4814453125,290.53497314453125,0.5692996978759766,0.5674511194229126,291.0082092285156,0.5683754086494446
7075_22c_40_2_8_frame_5.jpeg,289.9892883300781,288.6768493652344,0.5663853287696838,0.5638219714164734,289.33306884765625,0.5651036500930786
7075_22c_40_2_8_frame_50.jpeg,290.9466857910156,290.01959228515625,0.5682552456855774,0.5664445161819458,290.48313903808594,0.5673498809337616
7075_22c_40_2_8_frame_6.jpeg,290.80584716796875,289.81097412109375,0.567980170249939,0.5660370588302612,290.30841064453125,0.5670086145401001
7075_22c_40_2_8_frame_7.jpeg,289.3208923339844,287.9144287109375,0.5650798678398132,0.5623328685760498,288.61766052246094,0.5637063682079315
7075_22c_40_2_8_frame_8.jpeg,290.7601318359375,289.4048156738281,0.5678908824920654,0.5652437806129456,290.0824737548828,0.5665673315525055
7075_22c_40_2_8_frame_9.jpeg,289.8583679199219,288.51202392578125,0.5661296248435974,0.5635000467300415,289.18519592285156,0.5648148357868195
7075_22c_40_2_9_frame_1.jpeg,298.23583984375,298.4442138671875,0.5824918746948242,0.5828988552093506,298.34002685546875,0.5826953649520874
7075_22c_40_2_9_frame_10.jpeg,296.8546447753906,296.5147705078125,0.5797942280769348,0.5791304111480713,296.68470764160156,0.579462319612503
7075_22c_40_2_9_frame_11.jpeg,298.4608459472656,298.7061767578125,0.5829313397407532,0.5834105014801025,298.58351135253906,0.5831709206104279
7075_22c_40_2_9_frame_12.jpeg,296.94512939453125,296.42578125,0.5799709558486938,0.5789566040039062,296.6854553222656,0.5794637799263
7075_22c_40_2_9_frame_13.jpeg,297.4164733886719,297.0057678222656,0.5808915495872498,0.5800893902778625,297.21112060546875,0.5804904699325562
7075_22c_40_2_9_frame_14.jpeg,298.22332763671875,298.467529296875,0.5824674367904663,0.582944393157959,298.3454284667969,0.5827059149742126
7075_22c_40_2_9_frame_15.jpeg,296.8560485839844,296.5321044921875,0.5797969698905945,0.5791642665863037,296.69407653808594,0.5794806182384491
7075_22c_40_2_9_frame_16.jpeg,298.0444030761719,297.5888977050781,0.5821179747581482,0.5812283158302307,297.816650390625,0.5816731452941895
7075_22c_40_2_9_frame_17.jpeg,297.2724914550781,297.2358703613281,0.5806103348731995,0.580538809299469,297.2541809082031,0.5805745720863342
7075_22c_40_2_9_frame_18.jpeg,297.6568603515625,297.6846923828125,0.5813610553741455,0.5814154148101807,297.6707763671875,0.5813882350921631
7075_22c_40_2_9_frame_19.jpeg,297.76324462890625,297.2822265625,0.5815688371658325,0.5806293487548828,297.5227355957031,0.5810990929603577
7075_22c_40_2_9_frame_2.jpeg,296.6285095214844,296.08135986328125,0.5793525576591492,0.5782839059829712,296.3549346923828,0.5788182318210602
7075_22c_40_2_9_frame_20.jpeg,297.04180908203125,296.6977233886719,0.5801597833633423,0.5794877409934998,296.86976623535156,0.579823762178421
7075_22c_40_2_9_frame_21.jpeg,298.4521179199219,298.7539367675781,0.5829142928123474,0.583503782749176,298.60302734375,0.5832090377807617
7075_22c_40_2_9_frame_22.jpeg,296.9344177246094,296.4035949707031,0.5799500346183777,0.5789132714271545,296.66900634765625,0.5794316530227661
7075_22c_40_2_9_frame_23.jpeg,297.4284362792969,296.8797302246094,0.5809149146080017,0.5798432230949402,297.1540832519531,0.580379068851471
7075_22c_40_2_9_frame_24.jpeg,298.5296325683594,298.8420715332031,0.5830656886100769,0.5836759209632874,298.68585205078125,0.5833708047866821
7075_22c_40_2_9_frame_25.jpeg,296.85552978515625,296.4869079589844,0.5797959566116333,0.5790759921073914,296.6712188720703,0.5794359743595123
7075_22c_40_2_9_frame_26.jpeg,297.86407470703125,297.4419860839844,0.5817657709121704,0.580941379070282,297.6530303955078,0.5813535749912262
7075_22c_40_2_9_frame_27.jpeg,297.2589111328125,297.2549133300781,0.5805838108062744,0.5805760025978088,297.2569122314453,0.5805799067020416
7075_22c_40_2_9_frame_28.jpeg,297.7057189941406,297.7685241699219,0.5814564824104309,0.5815791487693787,297.73712158203125,0.5815178155899048
7075_22c_40_2_9_frame_29.jpeg,297.87945556640625,297.448974609375,0.5817958116531372,0.5809550285339355,297.6642150878906,0.5813754200935364
7075_22c_40_2_9_frame_3.jpeg,297.2411804199219,296.8064270019531,0.5805491805076599,0.5797000527381897,297.0238037109375,0.5801246166229248
7075_22c_40_2_9_frame_30.jpeg,297.0169372558594,296.66839599609375,0.5801112055778503,0.5794304609298706,296.84266662597656,0.5797708332538605
7075_22c_40_2_9_frame_31.jpeg,298.5263977050781,298.8477478027344,0.5830593705177307,0.5836870074272156,298.68707275390625,0.5833731889724731
7075_22c_40_2_9_frame_32.jpeg,296.8752136230469,296.3499755859375,0.5798344016075134,0.5788085460662842,296.6125946044922,0.5793214738368988
7075_22c_40_2_9_frame_33.jpeg,297.64764404296875,297.143310546875,0.5813430547714233,0.5803580284118652,297.3954772949219,0.5808505415916443
7075_22c_40_2_9_frame_34.jpeg,298.62994384765625,299.0053405761719,0.5832616090774536,0.5839948058128357,298.81764221191406,0.5836282074451447
7075_22c_40_2_9_frame_35.jpeg,297.0572204589844,296.75335693359375,0.5801898837089539,0.5795964002609253,296.90528869628906,0.5798931419849396
7075_22c_40_2_9_frame_36.jpeg,298.0855407714844,297.7824401855469,0.5821983218193054,0.5816063284873962,297.9339904785156,0.5819023251533508
7075_22c_40_2_9_frame_37.jpeg,297.5728454589844,297.6675720214844,0.5811969637870789,0.5813819766044617,297.6202087402344,0.5812894701957703
7075_22c_40_2_9_frame_38.jpeg,298.0022277832031,298.19024658203125,0.5820356011390686,0.5824028253555298,298.0962371826172,0.5822192132472992
7075_22c_40_2_9_frame_39.jpeg,298.04974365234375,297.6378173828125,0.5821284055709839,0.5813238620758057,297.8437805175781,0.5817261338233948
7075_22c_40_2_9_frame_4.jpeg,297.9371643066406,298.0745849609375,0.5819085240364075,0.582176923751831,298.00587463378906,0.5820427238941193
7075_22c_40_2_9_frame_40.jpeg,296.9860534667969,296.66546630859375,0.5800508856773376,0.5794247388839722,296.8257598876953,0.5797378122806549
7075_22c_40_2_9_frame_41.jpeg,298.5360107421875,298.8649597167969,0.583078145980835,0.5837206244468689,298.7004852294922,0.5833993852138519
7075_22c_40_2_9_frame_42.jpeg,297.0074768066406,296.52020263671875,0.58009272813797,0.5791410207748413,296.7638397216797,0.5796168744564056
7075_22c_40_2_9_frame_43.jpeg,297.5767517089844,297.0759582519531,0.5812045931816101,0.580226480960846,297.32635498046875,0.580715537071228
7075_22c_40_2_9_frame_44.jpeg,298.5881652832031,299.0065612792969,0.5831800103187561,0.5839971899986267,298.79736328125,0.5835886001586914
7075_22c_40_2_9_frame_45.jpeg,296.85137939453125,296.5545959472656,0.5797878503799438,0.5792081952095032,296.70298767089844,0.5794980227947235
7075_22c_40_2_9_frame_46.jpeg,298.0036926269531,297.6196594238281,0.5820384621620178,0.5812883973121643,297.8116760253906,0.5816634297370911
7075_22c_40_2_9_frame_47.jpeg,297.50677490234375,297.6153259277344,0.5810679197311401,0.5812799334526062,297.56105041503906,0.5811739265918732
7075_22c_40_2_9_frame_48.jpeg,297.8887939453125,298.0987854003906,0.5818140506744385,0.5822241902351379,297.99378967285156,0.5820191204547882
7075_22c_40_2_9_frame_49.jpeg,298.0025634765625,297.5721130371094,0.5820362567901611,0.5811955332756042,297.78733825683594,0.5816158950328827
7075_22c_40_2_9_frame_5.jpeg,296.8542175292969,296.5260009765625,0.579793393611908,0.5791523456573486,296.6901092529297,0.5794728696346283
7075_22c_40_2_9_frame_50.jpeg,296.85687255859375,296.5268859863281,0.5797985792160034,0.5791540741920471,296.69187927246094,0.5794763267040253
7075_22c_40_2_9_frame_6.jpeg,297.7101135253906,297.30712890625,0.5814650654792786,0.5806779861450195,297.5086212158203,0.581071525812149
7075_22c_40_2_9_frame_7.jpeg,297.2086181640625,297.096923828125,0.5804855823516846,0.5802674293518066,297.15277099609375,0.5803765058517456
7075_22c_40_2_9_frame_8.jpeg,297.57452392578125,297.6153869628906,0.5812002420425415,0.5812800526618958,297.59495544433594,0.5812401473522186
7075_22c_40_2_9_frame_9.jpeg,297.3583068847656,296.84271240234375,0.5807779431343079,0.5797709226608276,297.1005096435547,0.5802744328975677
7075_22c_40_3_1_frame_1.jpeg,292.8179626464844,293.4173278808594,0.5719100832939148,0.5730807185173035,293.1176452636719,0.5724954009056091
7075_22c_40_3_1_frame_10.jpeg,293.5867919921875,294.4986877441406,0.5734117031097412,0.5751927495002747,294.04273986816406,0.5743022263050079
7075_22c_40_3_1_frame_11.jpeg,292.8594055175781,293.4977111816406,0.5719910264015198,0.5732377171516418,293.1785583496094,0.5726143717765808
7075_22c_40_3_1_frame_12.jpeg,293.2106628417969,293.9817810058594,0.5726770758628845,0.5741831660270691,293.5962219238281,0.5734301209449768
7075_22c_40_3_1_frame_13.jpeg,293.0018615722656,293.64056396484375,0.5722692608833313,0.5735167264938354,293.3212127685547,0.5728929936885834
7075_22c_40_3_1_frame_14.jpeg,293.6876220703125,294.39752197265625,0.5736086368560791,0.5749951601028442,294.0425720214844,0.5743018984794617
7075_22c_40_3_1_frame_15.jpeg,293.170654296875,294.00897216796875,0.572598934173584,0.574236273765564,293.5898132324219,0.573417603969574
7075_22c_40_3_1_frame_16.jpeg,292.5435791015625,293.1907958984375,0.5713741779327393,0.5726382732391357,292.8671875,0.5720062255859375
7075_22c_40_3_1_frame_17.jpeg,293.743408203125,294.5570373535156,0.5737175941467285,0.5753067135810852,294.1502227783203,0.5745121538639069
7075_22c_40_3_1_frame_18.jpeg,293.2388000488281,293.9294128417969,0.5727320313453674,0.5740808844566345,293.5841064453125,0.573406457901001
7075_22c_40_3_1_frame_19.jpeg,293.1661376953125,294.07537841796875,0.5725901126861572,0.5743659734725952,293.6207580566406,0.5734780430793762
7075_22c_40_3_1_frame_2.jpeg,293.196533203125,293.93292236328125,0.5726494789123535,0.5740877389907837,293.5647277832031,0.5733686089515686
7075_22c_40_3_1_frame_20.jpeg,293.59100341796875,294.6012878417969,0.5734199285507202,0.5753931403160095,294.0961456298828,0.5744065344333649
7075_22c_40_3_1_frame_21.jpeg,293.4661865234375,294.15283203125,0.5731761455535889,0.5745172500610352,293.80950927734375,0.573846697807312
7075_22c_40_3_1_frame_22.jpeg,293.306640625,294.2493896484375,0.5728645324707031,0.5747058391571045,293.77801513671875,0.5737851858139038
7075_22c_40_3_1_frame_23.jpeg,293.02197265625,293.7791748046875,0.5723085403442383,0.5737874507904053,293.40057373046875,0.5730479955673218
7075_22c_40_3_1_frame_24.jpeg,293.3424987792969,294.0230407714844,0.5729345679283142,0.5742637515068054,293.6827697753906,0.5735991597175598
7075_22c_40_3_1_frame_25.jpeg,293.3744812011719,294.2515869140625,0.5729970335960388,0.5747101306915283,293.8130340576172,0.5738535821437836
7075_22c_40_3_1_frame_26.jpeg,292.9524230957031,293.75103759765625,0.5721727013587952,0.5737324953079224,293.3517303466797,0.5729525983333588
7075_22c_40_3_1_frame_27.jpeg,293.5906066894531,294.39276123046875,0.5734191536903381,0.5749858617782593,293.99168395996094,0.5742025077342987
7075_22c_40_3_1_frame_28.jpeg,292.9364318847656,293.54742431640625,0.5721414685249329,0.573334813117981,293.24192810058594,0.5727381408214569
7075_22c_40_3_1_frame_29.jpeg,293.28240966796875,294.2405700683594,0.5728172063827515,0.5746886134147644,293.76148986816406,0.5737529098987579
7075_22c_40_3_1_frame_3.jpeg,292.92816162109375,293.48785400390625,0.5721253156661987,0.5732184648513794,293.2080078125,0.5726718902587891
7075_22c_40_3_1_frame_30.jpeg,293.74945068359375,294.71533203125,0.573729395866394,0.5756158828735352,294.2323913574219,0.5746726393699646
7075_22c_40_3_1_frame_31.jpeg,293.3092041015625,293.9560852050781,0.5728695392608643,0.5741329789161682,293.6326446533203,0.5735012590885162
7075_22c_40_3_1_frame_32.jpeg,293.26025390625,294.2329406738281,0.5727739334106445,0.5746737122535706,293.74659729003906,0.5737238228321075
7075_22c_40_3_1_frame_33.jpeg,293.1510314941406,293.9526062011719,0.5725606083869934,0.5741261839866638,293.55181884765625,0.5733433961868286
7075_22c_40_3_1_frame_34.jpeg,293.4557189941406,294.2168884277344,0.5731557011604309,0.5746423602104187,293.8363037109375,0.5738990306854248
7075_22c_40_3_1_frame_35.jpeg,293.3380432128906,294.2207946777344,0.572925865650177,0.57464998960495,293.7794189453125,0.5737879276275635
7075_22c_40_3_1_frame_36.jpeg,292.9885559082031,293.7899169921875,0.5722432732582092,0.5738084316253662,293.3892364501953,0.5730258524417877
7075_22c_40_3_1_frame_37.jpeg,293.48284912109375,294.32501220703125,0.5732086896896362,0.5748535394668579,293.9039306640625,0.5740311145782471
7075_22c_40_3_1_frame_38.jpeg,293.31488037109375,294.0683288574219,0.5728806257247925,0.5743522047996521,293.6916046142578,0.5736164152622223
7075_22c_40_3_1_frame_39.jpeg,293.2712707519531,294.2970275878906,0.5727954506874084,0.5747988820075989,293.7841491699219,0.5737971663475037
7075_22c_40_3_1_frame_4.jpeg,293.3369445800781,294.0153503417969,0.5729237198829651,0.574248731136322,293.6761474609375,0.5735862255096436
7075_22c_40_3_1_frame_40.jpeg,293.7296447753906,294.7445983886719,0.5736907124519348,0.5756730437278748,294.23712158203125,0.5746818780899048
7075_22c_40_3_1_frame_41.jpeg,293.1910705566406,293.8523254394531,0.5726388096809387,0.5739303231239319,293.5216979980469,0.5732845664024353
7075_22c_40_3_1_frame_42.jpeg,293.31182861328125,294.3215637207031,0.5728746652603149,0.5748468041419983,293.8166961669922,0.5738607347011566
7075_22c_40_3_1_frame_43.jpeg,293.2084045410156,294.0215148925781,0.5726726651191711,0.5742607712745667,293.6149597167969,0.5734667181968689
7075_22c_40_3_1_frame_44.jpeg,293.3652038574219,294.1466369628906,0.5729789137840271,0.5745051503181458,293.75592041015625,0.5737420320510864
7075_22c_40_3_1_frame_45.jpeg,293.5149841308594,294.4189758300781,0.5732714533805847,0.5750370621681213,293.96697998046875,0.574154257774353
7075_22c_40_3_1_frame_46.jpeg,292.8735046386719,293.6418151855469,0.572018563747406,0.5735191702842712,293.2576599121094,0.5727688670158386
7075_22c_40_3_1_frame_47.jpeg,293.6468811035156,294.5148620605469,0.573529064655304,0.5752243399620056,294.08087158203125,0.5743767023086548
7075_22c_40_3_1_frame_48.jpeg,293.29486083984375,294.03656005859375,0.5728415250778198,0.5742901563644409,293.66571044921875,0.5735658407211304
7075_22c_40_3_1_frame_49.jpeg,293.3193054199219,294.3257751464844,0.5728892683982849,0.5748550295829773,293.8225402832031,0.5738721489906311
7075_22c_40_3_1_frame_5.jpeg,293.08905029296875,293.7654724121094,0.5724395513534546,0.5737606883049011,293.42726135253906,0.5731001198291779
7075_22c_40_3_1_frame_50.jpeg,293.55413818359375,294.55230712890625,0.5733479261398315,0.575297474861145,294.05322265625,0.5743227005004883
7075_22c_40_3_1_frame_6.jpeg,292.7112731933594,293.2244567871094,0.57170170545578,0.572704017162323,292.9678649902344,0.5722028613090515
7075_22c_40_3_1_frame_7.jpeg,293.6707763671875,294.4902648925781,0.5735757350921631,0.5751762986183167,294.0805206298828,0.5743760168552399
7075_22c_40_3_1_frame_8.jpeg,293.1984558105469,293.8852233886719,0.5726532340049744,0.5739945769309998,293.5418395996094,0.5733239054679871
7075_22c_40_3_1_frame_9.jpeg,293.19805908203125,293.8601379394531,0.5726524591445923,0.5739455819129944,293.5290985107422,0.5732990205287933
7075_22c_40_3_2_frame_1.jpeg,288.58648681640625,289.2429504394531,0.5636454820632935,0.5649276375770569,288.9147186279297,0.5642865598201752
7075_22c_40_3_2_frame_10.jpeg,286.6265563964844,286.32562255859375,0.5598174929618835,0.5592297315597534,286.47608947753906,0.5595236122608185
7075_22c_40_3_2_frame_11.jpeg,288.664306640625,289.2814025878906,0.5637974739074707,0.5650027394294739,288.9728546142578,0.5644001066684723
7075_22c_40_3_2_frame_12.jpeg,287.0040588378906,286.91900634765625,0.5605548024177551,0.5603886842727661,286.96153259277344,0.5604717433452606
7075_22c_40_3_2_frame_13.jpeg,286.7156677246094,286.3536376953125,0.5599915385246277,0.5592844486236572,286.53465270996094,0.5596379935741425
7075_22c_40_3_2_frame_14.jpeg,288.2257080078125,288.6670837402344,0.5629408359527588,0.5638028979301453,288.44639587402344,0.563371866941452
7075_22c_40_3_2_frame_15.jpeg,288.3347473144531,288.5935363769531,0.5631538033485413,0.5636592507362366,288.4641418457031,0.5634065270423889
7075_22c_40_3_2_frame_16.jpeg,286.04437255859375,285.5811767578125,0.5586804151535034,0.5577757358551025,285.8127746582031,0.558228075504303
7075_22c_40_3_2_frame_17.jpeg,288.0461730957031,288.2615051269531,0.5625901818275452,0.5630107522010803,288.1538391113281,0.5628004670143127
7075_22c_40_3_2_frame_18.jpeg,288.4936218261719,288.96185302734375,0.5634641051292419,0.5643786191940308,288.7277374267578,0.5639213621616364
7075_22c_40_3_2_frame_19.jpeg,286.8584899902344,286.5515441894531,0.5602704882621765,0.5596709847450256,286.70501708984375,0.5599707365036011
7075_22c_40_3_2_frame_2.jpeg,286.9345703125,286.8653869628906,0.5604190826416016,0.5602839589118958,286.8999786376953,0.5603515207767487
7075_22c_40_3_2_frame_20.jpeg,287.0610046386719,286.78936767578125,0.560666024684906,0.5601354837417603,286.92518615722656,0.5604007542133331
7075_22c_40_3_2_frame_21.jpeg,289.3525085449219,290.2249755859375,0.5651416182518005,0.5668456554412842,289.7887420654297,0.5659936368465424
7075_22c_40_3_2_frame_22.jpeg,286.7344665527344,286.5401611328125,0.5600282549858093,0.5596487522125244,286.63731384277344,0.5598385035991669
7075_22c_40_3_2_frame_23.jpeg,285.53253173828125,284.96490478515625,0.5576807260513306,0.5565720796585083,285.24871826171875,0.5571264028549194
7075_22c_40_3_2_frame_24.jpeg,288.5321044921875,289.1802673339844,0.5635392665863037,0.5648052096366882,288.85618591308594,0.564172238111496
7075_22c_40_3_2_frame_25.jpeg,288.2854309082031,288.56243896484375,0.5630574822425842,0.5635985136032104,288.42393493652344,0.5633279979228973
7075_22c_40_3_2_frame_26.jpeg,285.5292663574219,284.8839416503906,0.5576743483543396,0.5564139485359192,285.20660400390625,0.5570441484451294
7075_22c_40_3_2_frame_27.jpeg,287.3742370605469,287.4278869628906,0.5612778067588806,0.5613825917243958,287.40106201171875,0.5613301992416382
7075_22c_40_3_2_frame_28.jpeg,288.79925537109375,289.3803405761719,0.5640610456466675,0.5651959776878357,289.0897979736328,0.5646285116672516
7075_22c_40_3_2_frame_29.jpeg,286.69818115234375,286.3350524902344,0.5599573850631714,0.559248149394989,286.51661682128906,0.5596027672290802
7075_22c_40_3_2_frame_3.jpeg,286.6710205078125,286.3216552734375,0.5599043369293213,0.5592219829559326,286.496337890625,0.559563159942627
7075_22c_40_3_2_frame_30.jpeg,286.465087890625,286.12628173828125,0.559502124786377,0.5588403940200806,286.2956848144531,0.5591712594032288
7075_22c_40_3_2_frame_31.jpeg,289.5874328613281,290.5260925292969,0.5656004548072815,0.567433774471283,290.0567626953125,0.5665171146392822
7075_22c_40_3_2_frame_32.jpeg,286.6932373046875,286.50701904296875,0.5599477291107178,0.5595840215682983,286.6001281738281,0.5597658753395081
7075_22c_40_3_2_frame_33.jpeg,285.2934875488281,284.6435852050781,0.5572138428688049,0.5559445023536682,284.9685363769531,0.5565791726112366
7075_22c_40_3_2_frame_34.jpeg,288.53466796875,289.200927734375,0.5635442733764648,0.5648455619812012,288.8677978515625,0.564194917678833
7075_22c_40_3_2_frame_35.jpeg,288.2323913574219,288.5190124511719,0.5629538893699646,0.5635136961936951,288.3757019042969,0.5632337927818298
7075_22c_40_3_2_frame_36.jpeg,285.76251220703125,285.2091064453125,0.5581299066543579,0.557049036026001,285.4858093261719,0.5575894713401794
7075_22c_40_3_2_frame_37.jpeg,287.8567810058594,288.0394287109375,0.5622202754020691,0.5625770092010498,287.94810485839844,0.5623986423015594
7075_22c_40_3_2_frame_38.jpeg,288.74346923828125,289.40447998046875,0.5639520883560181,0.565243124961853,289.073974609375,0.5645976066589355
7075_22c_40_3_2_frame_39.jpeg,286.8082580566406,286.5135192871094,0.5601723790168762,0.5595967173576355,286.660888671875,0.5598845481872559
7075_22c_40_3_2_frame_4.jpeg,288.2411193847656,288.70880126953125,0.5629709362983704,0.5638843774795532,288.47496032714844,0.5634276568889618
7075_22c_40_3_2_frame_40.jpeg,286.639892578125,286.3714599609375,0.5598435401916504,0.559319257736206,286.50567626953125,0.5595813989639282
7075_22c_40_3_2_frame_41.jpeg,289.3478088378906,290.295166015625,0.5651324391365051,0.5669827461242676,289.8214874267578,0.5660575926303864
7075_22c_40_3_2_frame_42.jpeg,286.8157653808594,286.64849853515625,0.560187041759491,0.559860348701477,286.7321319580078,0.560023695230484
7075_22c_40_3_2_frame_43.jpeg,285.6730651855469,285.17578125,0.5579552054405212,0.5569839477539062,285.42442321777344,0.5574695765972137
7075_22c_40_3_2_frame_44.jpeg,288.7875061035156,289.5331115722656,0.564038097858429,0.5654943585395813,289.1603088378906,0.5647662281990051
7075_22c_40_3_2_frame_45.jpeg,288.32012939453125,288.6434020996094,0.5631252527236938,0.5637566447257996,288.4817657470703,0.5634409487247467
7075_22c_40_3_2_frame_46.jpeg,285.7993469238281,285.352294921875,0.5582018494606018,0.5573287010192871,285.57582092285156,0.5577652752399445
7075_22c_40_3_2_frame_47.jpeg,288.0631408691406,288.33294677734375,0.5626233220100403,0.5631502866744995,288.1980438232422,0.5628868043422699
7075_22c_40_3_2_frame_48.jpeg,289.22698974609375,289.9718933105469,0.5648964643478394,0.5663513541221619,289.5994415283203,0.5656239092350006
7075_22c_40_3_2_frame_49.jpeg,286.7668762207031,286.47955322265625,0.5600915551185608,0.5595303773880005,286.6232147216797,0.5598109662532806
7075_22c_40_3_2_frame_5.jpeg,288.11151123046875,288.3331298828125,0.5627177953720093,0.5631506443023682,288.2223205566406,0.5629342198371887
7075_22c_40_3_2_frame_50.jpeg,287.0877685546875,286.8592834472656,0.560718297958374,0.5602720379829407,286.97352600097656,0.5604951679706573
7075_22c_40_3_2_frame_6.jpeg,287.0718994140625,286.7276306152344,0.5606873035430908,0.5600149035453796,286.89976501464844,0.5603511035442352
7075_22c_40_3_2_frame_7.jpeg,288.1423645019531,288.3907775878906,0.5627780556678772,0.5632632374763489,288.2665710449219,0.563020646572113
7075_22c_40_3_2_frame_8.jpeg,288.16693115234375,288.5298767089844,0.5628260374069214,0.5635349154472351,288.34840393066406,0.5631804764270782
7075_22c_40_3_2_frame_9.jpeg,287.4841613769531,287.198974609375,0.5614925026893616,0.5609354972839355,287.34156799316406,0.5612139999866486
7075_22c_40_3_3_frame_1.jpeg,289.4359130859375,289.6752014160156,0.5653045177459717,0.5657718777656555,289.55555725097656,0.5655381977558136
7075_22c_40_3_3_frame_10.jpeg,287.25048828125,287.0901184082031,0.5610361099243164,0.5607228875160217,287.17030334472656,0.5608794987201691
7075_22c_40_3_3_frame_11.jpeg,289.5367736816406,289.7881774902344,0.5655015110969543,0.565992534160614,289.6624755859375,0.5657470226287842
7075_22c_40_3_3_frame_12.jpeg,289.2226867675781,289.44610595703125,0.564888060092926,0.5653244256973267,289.3343963623047,0.5651062428951263
7075_22c_40_3_3_frame_13.jpeg,287.8901062011719,287.7778015136719,0.5622853636741638,0.5620660185813904,287.8339538574219,0.5621756911277771
7075_22c_40_3_3_frame_14.jpeg,288.39739990234375,288.57623291015625,0.5632761716842651,0.5636254549026489,288.48681640625,0.563450813293457
7075_22c_40_3_3_frame_15.jpeg,289.6572570800781,290.13623046875,0.5657368302345276,0.5666723251342773,289.89674377441406,0.5662045776844025
7075_22c_40_3_3_frame_16.jpeg,288.0611572265625,288.03094482421875,0.5626194477081299,0.5625604391098022,288.0460510253906,0.5625899434089661
7075_22c_40_3_3_frame_17.jpeg,287.5618896484375,287.4872741699219,0.5616443157196045,0.5614985823631287,287.5245819091797,0.5615714490413666
7075_22c_40_3_3_frame_18.jpeg,289.6412658691406,289.9896545410156,0.5657055974006653,0.5663860440254211,289.8154602050781,0.5660458207130432
7075_22c_40_3_3_frame_19.jpeg,288.5574645996094,288.79205322265625,0.5635887980461121,0.5640469789505005,288.6747589111328,0.5638178884983063
7075_22c_40_3_3_frame_2.jpeg,289.23760986328125,289.47784423828125,0.5649172067642212,0.5653864145278931,289.35772705078125,0.5651518106460571
7075_22c_40_3_3_frame_20.jpeg,287.1682434082031,287.06951904296875,0.5608754754066467,0.5606826543807983,287.11888122558594,0.5607790648937225
7075_22c_40_3_3_frame_21.jpeg,289.6849060058594,290.022216796875,0.5657908320426941,0.5664496421813965,289.8535614013672,0.5661202371120453
7075_22c_40_3_3_frame_22.jpeg,289.2707214355469,289.5580139160156,0.5649818778038025,0.565542995929718,289.41436767578125,0.5652624368667603
7075_22c_40_3_3_frame_23.jpeg,287.9692077636719,287.84478759765625,0.5624398589134216,0.5621968507766724,287.90699768066406,0.562318354845047
7075_22c_40_3_3_frame_24.jpeg,288.0533752441406,288.07244873046875,0.5626042485237122,0.5626415014266968,288.0629119873047,0.5626228749752045
7075_22c_40_3_3_frame_25.jpeg,289.903076171875,290.67572021484375,0.5662169456481934,0.5677260160446167,290.2893981933594,0.566971480846405
7075_22c_40_3_3_frame_26.jpeg,288.1519775390625,288.18292236328125,0.5627968311309814,0.5628572702407837,288.1674499511719,0.5628270506858826
7075_22c_40_3_3_frame_27.jpeg,287.1135559082031,287.0594482421875,0.5607686638832092,0.5606629848480225,287.0865020751953,0.5607158243656158
7075_22c_40_3_3_frame_28.jpeg,289.8902587890625,290.5550537109375,0.5661919116973877,0.5674903392791748,290.22265625,0.5668411254882812
7075_22c_40_3_3_frame_29.jpeg,288.8038024902344,289.1148986816406,0.564069926738739,0.5646775364875793,288.9593505859375,0.5643737316131592
7075_22c_40_3_3_frame_3.jpeg,287.9798278808594,287.8572692871094,0.5624606013298035,0.5622212290763855,287.9185485839844,0.5623409152030945
7075_22c_40_3_3_frame_30.jpeg,287.2281494140625,287.1440124511719,0.5609924793243408,0.5608281493186951,287.1860809326172,0.5609103143215179
7075_22c_40_3_3_frame_31.jpeg,290.0403137207031,290.43768310546875,0.5664849877357483,0.5672610998153687,290.23899841308594,0.5668730437755585
7075_22c_40_3_3_frame_32.jpeg,289.2842712402344,289.69415283203125,0.5650083422660828,0.565808892250061,289.4892120361328,0.5654086172580719
7075_22c_40_3_3_frame_33.jpeg,288.0291442871094,287.9996032714844,0.5625569224357605,0.5624992251396179,288.0143737792969,0.5625280737876892
7075_22c_40_3_3_frame_34.jpeg,288.3565368652344,288.5047912597656,0.5631963610649109,0.5634859204292297,288.4306640625,0.5633411407470703
7075_22c_40_3_3_frame_35.jpeg,290.1060791015625,290.9131774902344,0.5666134357452393,0.568189799785614,290.50962829589844,0.5674016177654266
7075_22c_40_3_3_frame_36.jpeg,288.2525634765625,288.29833984375,0.5629932880401611,0.5630826950073242,288.27545166015625,0.5630379915237427
7075_22c_40_3_3_frame_37.jpeg,287.1366271972656,287.1121520996094,0.5608137249946594,0.5607659220695496,287.1243896484375,0.5607898235321045
7075_22c_40_3_3_frame_38.jpeg,290.1274108886719,290.90679931640625,0.5666550993919373,0.568177342414856,290.51710510253906,0.5674162209033966
7075_22c_40_3_3_frame_39.jpeg,288.7772521972656,289.1742248535156,0.5640180706977844,0.5647934079170227,288.9757385253906,0.5644057393074036
7075_22c_40_3_3_frame_4.jpeg,288.400146484375,288.5605773925781,0.5632815361022949,0.5635948777198792,288.48036193847656,0.563438206911087
7075_22c_40_3_3_frame_40.jpeg,287.3648986816406,287.26422119140625,0.5612595677375793,0.5610629320144653,287.31455993652344,0.5611612498760223
7075_22c_40_3_3_frame_41.jpeg,289.68701171875,290.0871887207031,0.5657949447631836,0.5665765404701233,289.88710021972656,0.5661857426166534
7075_22c_40_3_3_frame_42.jpeg,289.28167724609375,289.7212829589844,0.5650032758712769,0.5658618807792664,289.50148010253906,0.5654325783252716
7075_22c_40_3_3_frame_43.jpeg,288.1871643066406,288.1647644042969,0.5628655552864075,0.5628218054771423,288.17596435546875,0.5628436803817749
7075_22c_40_3_3_frame_44.jpeg,288.23541259765625,288.4101257324219,0.5629597902297974,0.5633010268211365,288.32276916503906,0.5631304085254669
7075_22c_40_3_3_frame_45.jpeg,290.15936279296875,290.9960632324219,0.5667175054550171,0.568351686000824,290.5777130126953,0.5675345957279205
7075_22c_40_3_3_frame_46.jpeg,288.1576843261719,288.2398376464844,0.5628079771995544,0.5629684329032898,288.1987609863281,0.5628882050514221
7075_22c_40_3_3_frame_47.jpeg,287.34393310546875,287.35504150390625,0.5612186193466187,0.5612403154373169,287.3494873046875,0.5612294673919678
7075_22c_40_3_3_frame_48.jpeg,290.33892822265625,291.2363586425781,0.5670682191848755,0.5688210129737854,290.7876434326172,0.5679446160793304
7075_22c_40_3_3_frame_49.jpeg,289.1162414550781,289.5871276855469,0.5646801590919495,0.5655998587608337,289.3516845703125,0.5651400089263916
7075_22c_40_3_3_frame_5.jpeg,289.33636474609375,289.6038818359375,0.5651100873947144,0.5656325817108154,289.4701232910156,0.5653713345527649
7075_22c_40_3_3_frame_50.jpeg,287.29632568359375,287.2120666503906,0.561125636100769,0.5609610676765442,287.2541961669922,0.5610433518886566
7075_22c_40_3_3_frame_6.jpeg,288.0813293457031,288.10662841796875,0.5626588463783264,0.5627082586288452,288.09397888183594,0.5626835525035858
7075_22c_40_3_3_frame_7.jpeg,287.734375,287.60699462890625,0.561981201171875,0.5617324113845825,287.6706848144531,0.5618568062782288
7075_22c_40_3_3_frame_8.jpeg,289.6030578613281,289.8905334472656,0.5656309723854065,0.5661924481391907,289.7467956542969,0.5659117102622986
7075_22c_40_3_3_frame_9.jpeg,288.7606201171875,289.00286865234375,0.5639855861663818,0.5644587278366089,288.8817443847656,0.5642221570014954
7075_22c_40_3_4_frame_1.jpeg,282.4745788574219,281.5837707519531,0.5517081618309021,0.5499683022499084,282.0291748046875,0.5508382320404053
7075_22c_40_3_4_frame_10.jpeg,280.5232849121094,279.51165771484375,0.5478970408439636,0.5459212064743042,280.01747131347656,0.5469091236591339
7075_22c_40_3_4_frame_11.jpeg,282.5495300292969,281.7108459472656,0.5518545508384705,0.5502164959907532,282.13018798828125,0.5510355234146118
7075_22c_40_3_4_frame_12.jpeg,282.71636962890625,281.8511047363281,0.5521804094314575,0.5504904389381409,282.2837371826172,0.5513354241847992
7075_22c_40_3_4_frame_13.jpeg,280.611328125,279.6553039550781,0.5480690002441406,0.546201765537262,280.13331604003906,0.5471353828907013
7075_22c_40_3_4_frame_14.jpeg,281.4471130371094,280.39581298828125,0.5497013926506042,0.5476480722427368,280.9214630126953,0.5486747324466705
7075_22c_40_3_4_frame_15.jpeg,283.6926574707031,282.90057373046875,0.554087221622467,0.5525401830673218,283.29661560058594,0.5533137023448944
7075_22c_40_3_4_frame_16.jpeg,280.8253173828125,279.7242126464844,0.5484869480133057,0.5463363528251648,280.27476501464844,0.5474116504192352
7075_22c_40_3_4_frame_17.jpeg,280.4889831542969,279.530029296875,0.5478300452232361,0.545957088470459,280.00950622558594,0.5468935668468475
7075_22c_40_3_4_frame_18.jpeg,283.7260437011719,282.9430847167969,0.5541524291038513,0.5526232123374939,283.3345642089844,0.5533878207206726
7075_22c_40_3_4_frame_19.jpeg,281.3758850097656,280.2470397949219,0.5495622754096985,0.5473574995994568,280.81146240234375,0.5484598875045776
7075_22c_40_3_4_frame_2.jpeg,282.6252136230469,281.7247009277344,0.5520023703575134,0.5502435564994812,282.1749572753906,0.5511229634284973
7075_22c_40_3_4_frame_20.jpeg,279.56597900390625,278.4299011230469,0.5460273027420044,0.5438084006309509,278.99794006347656,0.5449178516864777
7075_22c_40_3_4_frame_21.jpeg,282.63299560546875,281.8052978515625,0.5520175695419312,0.550400972366333,282.2191467285156,0.5512092709541321
7075_22c_40_3_4_frame_22.jpeg,282.6064453125,281.7291259765625,0.5519657135009766,0.5502521991729736,282.16778564453125,0.5511089563369751
7075_22c_40_3_4_frame_23.jpeg,279.5668640136719,278.44012451171875,0.5460290312767029,0.5438283681869507,279.0034942626953,0.5449286997318268
7075_22c_40_3_4_frame_24.jpeg,281.1794128417969,280.142822265625,0.5491785407066345,0.5471539497375488,280.66111755371094,0.5481662452220917
7075_22c_40_3_4_frame_25.jpeg,283.7049865722656,282.8971862792969,0.5541113018989563,0.5525335669517517,283.30108642578125,0.553322434425354
7075_22c_40_3_4_frame_26.jpeg,280.36273193359375,279.4324645996094,0.5475834608078003,0.5457665324211121,279.89759826660156,0.5466749966144562
7075_22c_40_3_4_frame_27.jpeg,279.45111083984375,278.3453369140625,0.5458029508590698,0.5436432361602783,278.8982238769531,0.5447230935096741
7075_22c_40_3_4_frame_28.jpeg,283.63128662109375,282.8283996582031,0.5539673566818237,0.552399218082428,283.22984313964844,0.5531832873821259
7075_22c_40_3_4_frame_29.jpeg,281.398193359375,280.31707763671875,0.5496058464050293,0.5474942922592163,280.8576354980469,0.5485500693321228
7075_22c_40_3_4_frame_3.jpeg,280.51324462890625,279.5146484375,0.5478774309158325,0.5459270477294922,280.0139465332031,0.5469022393226624
7075_22c_40_3_4_frame_30.jpeg,279.4712829589844,278.383544921875,0.5458423495292664,0.5437178611755371,278.9274139404297,0.5447801053524017
7075_22c_40_3_4_frame_31.jpeg,282.7640380859375,281.964599609375,0.5522735118865967,0.5507121086120605,282.36431884765625,0.5514928102493286
7075_22c_40_3_4_frame_32.jpeg,282.9061279296875,282.0824279785156,0.5525510311126709,0.5509422421455383,282.49427795410156,0.5517466366291046
7075_22c_40_3_4_frame_33.jpeg,279.6296691894531,278.508056640625,0.5461516976356506,0.5439610481262207,279.06886291503906,0.5450563728809357
7075_22c_40_3_4_frame_34.jpeg,281.3269348144531,280.3466491699219,0.5494666695594788,0.5475520491600037,280.8367919921875,0.5485093593597412
7075_22c_40_3_4_frame_35.jpeg,283.7432861328125,283.0184631347656,0.5541861057281494,0.5527704358100891,283.38087463378906,0.5534782707691193
7075_22c_40_3_4_frame_36.jpeg,280.755126953125,279.787109375,0.5483498573303223,0.5464591979980469,280.2711181640625,0.5474045276641846
7075_22c_40_3_4_frame_37.jpeg,279.9459228515625,278.96002197265625,0.546769380569458,0.5448437929153442,279.4529724121094,0.5458065867424011
7075_22c_40_3_4_frame_38.jpeg,283.85650634765625,283.16796875,0.5544072389602661,0.5530624389648438,283.5122375488281,0.5537348389625549
7075_22c_40_3_4_frame_39.jpeg,281.5730895996094,280.5018310546875,0.5499474406242371,0.5478551387786865,281.03746032714844,0.5489012897014618
7075_22c_40_3_4_frame_4.jpeg,281.1869201660156,280.0793762207031,0.5491932034492493,0.5470300316810608,280.6331481933594,0.548111617565155
7075_22c_40_3_4_frame_40.jpeg,279.59930419921875,278.5030517578125,0.5460923910140991,0.5439512729644775,279.0511779785156,0.5450218319892883
7075_22c_40_3_4_frame_41.jpeg,282.6501159667969,281.8519287109375,0.5520510077476501,0.5504920482635498,282.2510223388672,0.5512715280056
7075_22c_40_3_4_frame_42.jpeg,283.19000244140625,282.43304443359375,0.5531054735183716,0.5516270399093628,282.8115234375,0.5523662567138672
7075_22c_40_3_4_frame_43.jpeg,280.0228576660156,279.0165710449219,0.5469196438789368,0.544954240322113,279.51971435546875,0.5459369421005249
7075_22c_40_3_4_frame_44.jpeg,280.95416259765625,279.9453125,0.5487385988235474,0.5467681884765625,280.4497375488281,0.5477533936500549
7075_22c_40_3_4_frame_45.jpeg,283.968505859375,283.27978515625,0.5546259880065918,0.5532808303833008,283.6241455078125,0.5539534091949463
7075_22c_40_3_4_frame_46.jpeg,280.7406005859375,279.77801513671875,0.5483214855194092,0.5464414358139038,280.2593078613281,0.5473814606666565
7075_22c_40_3_4_frame_47.jpeg,280.11932373046875,279.1808776855469,0.5471080541610718,0.5452751517295837,279.6501007080078,0.5461916029453278
7075_22c_40_3_4_frame_48.jpeg,283.97332763671875,283.3040466308594,0.5546354055404663,0.5533282160758972,283.63868713378906,0.5539818108081818
7075_22c_40_3_4_frame_49.jpeg,281.924072265625,280.9497985839844,0.5506329536437988,0.5487300753593445,281.4369354248047,0.5496815145015717
7075_22c_40_3_4_frame_5.jpeg,282.970703125,282.1585693359375,0.5526771545410156,0.5510909557342529,282.56463623046875,0.5518840551376343
7075_22c_40_3_4_frame_50.jpeg,279.5596618652344,278.4897766113281,0.5460149645805359,0.5439253449440002,279.02471923828125,0.5449701547622681
7075_22c_40_3_4_frame_6.jpeg,280.7457580566406,279.66790771484375,0.5483315587043762,0.5462263822555542,280.2068328857422,0.5472789704799652
7075_22c_40_3_4_frame_7.jpeg,280.48272705078125,279.4056701660156,0.5478178262710571,0.5457141995429993,279.94419860839844,0.5467660129070282
7075_22c_40_3_4_frame_8.jpeg,283.1390686035156,282.2383728027344,0.5530059933662415,0.5512468218803406,282.688720703125,0.552126407623291
7075_22c_40_3_4_frame_9.jpeg,281.54205322265625,280.46429443359375,0.5498868227005005,0.5477818250656128,281.003173828125,0.5488343238830566
7075_22c_40_3_5_frame_1.jpeg,280.82196044921875,279.9238586425781,0.5484803915023804,0.5467262864112854,280.37290954589844,0.5476033389568329
7075_22c_40_3_5_frame_10.jpeg,278.6622619628906,277.4884948730469,0.5442622303962708,0.5419697165489197,278.07537841796875,0.5431159734725952
7075_22c_40_3_5_frame_11.jpeg,280.5758056640625,279.70989990234375,0.5479996204376221,0.5463083982467651,280.1428527832031,0.5471540093421936
7075_22c_40_3_5_frame_12.jpeg,279.1642150878906,277.8949279785156,0.5452426075935364,0.5427635312080383,278.5295715332031,0.5440030694007874
7075_22c_40_3_5_frame_13.jpeg,279.0120849609375,277.95123291015625,0.544945478439331,0.5428735017776489,278.4816589355469,0.54390949010849
7075_22c_40_3_5_frame_14.jpeg,280.8193664550781,279.95172119140625,0.5484753251075745,0.5467807054519653,280.3855438232422,0.5476280152797699
7075_22c_40_3_5_frame_15.jpeg,279.5311584472656,278.6376953125,0.5459592938423157,0.5442142486572266,279.0844268798828,0.5450867712497711
7075_22c_40_3_5_frame_16.jpeg,278.6684875488281,277.5989685058594,0.5442743897438049,0.5421854853630066,278.13372802734375,0.5432299375534058
7075_22c_40_3_5_frame_17.jpeg,280.05047607421875,279.1100769042969,0.5469735860824585,0.5451368689537048,279.5802764892578,0.5460552275180817
7075_22c_40_3_5_frame_18.jpeg,280.11199951171875,279.24462890625,0.5470937490463257,0.5453996658325195,279.6783142089844,0.5462467074394226
7075_22c_40_3_5_frame_19.jpeg,279.42401123046875,278.41815185546875,0.5457500219345093,0.5437854528427124,278.92108154296875,0.5447677373886108
7075_22c_40_3_5_frame_2.jpeg,279.23358154296875,277.9481201171875,0.5453780889511108,0.5428674221038818,278.5908508300781,0.5441227555274963
7075_22c_40_3_5_frame_20.jpeg,278.5772705078125,277.44140625,0.5440962314605713,0.5418777465820312,278.00933837890625,0.5429869890213013
7075_22c_40_3_5_frame_21.jpeg,280.8289794921875,280.0646667480469,0.5484941005706787,0.547001302242279,280.4468231201172,0.5477477014064789
7075_22c_40_3_5_frame_22.jpeg,279.40191650390625,278.2567138671875,0.5457068681716919,0.5434701442718506,278.8293151855469,0.5445885062217712
7075_22c_40_3_5_frame_23.jpeg,278.410400390625,277.32232666015625,0.5437703132629395,0.5416451692581177,277.8663635253906,0.5427077412605286
7075_22c_40_3_5_frame_24.jpeg,281.28399658203125,280.4771728515625,0.5493828058242798,0.547806978225708,280.8805847167969,0.5485948920249939
7075_22c_40_3_5_frame_25.jpeg,279.708251953125,278.83447265625,0.5463051795959473,0.5445985794067383,279.2713623046875,0.5454518795013428
7075_22c_40_3_5_frame_26.jpeg,278.5145263671875,277.2818908691406,0.5439736843109131,0.5415661931037903,277.89820861816406,0.5427699387073517
7075_22c_40_3_5_frame_27.jpeg,280.1778869628906,279.15509033203125,0.5472224354743958,0.5452247858047485,279.66648864746094,0.5462236106395721
7075_22c_40_3_5_frame_28.jpeg,280.56207275390625,279.7252502441406,0.5479727983474731,0.5463383793830872,280.14366149902344,0.5471555888652802
7075_22c_40_3_5_frame_29.jpeg,279.6407775878906,278.6501159667969,0.5461733937263489,0.5442385077476501,279.14544677734375,0.5452059507369995
7075_22c_40_3_5_frame_3.jpeg,279.23675537109375,278.1243591308594,0.5453842878341675,0.5432116389274597,278.68055725097656,0.5442979633808136
7075_22c_40_3_5_frame_30.jpeg,278.59637451171875,277.57904052734375,0.5441335439682007,0.5421465635299683,278.08770751953125,0.5431400537490845
7075_22c_40_3_5_frame_31.jpeg,280.99169921875,280.3489685058594,0.5488119125366211,0.5475565791130066,280.6703338623047,0.5481842458248138
7075_22c_40_3_5_frame_32.jpeg,279.46759033203125,278.3500061035156,0.5458351373672485,0.543652355670929,278.90879821777344,0.5447437465190887
7075_22c_40_3_5_frame_33.jpeg,278.3819274902344,277.2965087890625,0.543714702129364,0.5415947437286377,277.83921813964844,0.5426547229290009
7075_22c_40_3_5_frame_34.jpeg,281.12896728515625,280.3376770019531,0.5490800142288208,0.5475345253944397,280.7333221435547,0.5483072698116302
7075_22c_40_3_5_frame_35.jpeg,279.7301330566406,278.9356384277344,0.5463479161262512,0.5447961688041687,279.3328857421875,0.54557204246521
7075_22c_40_3_5_frame_36.jpeg,278.21624755859375,276.98919677734375,0.5433911085128784,0.5409945249557495,277.60272216796875,0.542192816734314
7075_22c_40_3_5_frame_37.jpeg,280.19378662109375,279.2152404785156,0.5472534894943237,0.5453422665596008,279.7045135498047,0.5462978780269623
7075_22c_40_3_5_frame_38.jpeg,280.2500915527344,279.4384765625,0.5473634600639343,0.5457782745361328,279.8442840576172,0.5465708673000336
7075_22c_40_3_5_frame_39.jpeg,279.357177734375,278.3304443359375,0.5456194877624512,0.5436141490936279,278.84381103515625,0.5446168184280396
7075_22c_40_3_5_frame_4.jpeg,280.783935546875,279.89129638671875,0.5484061241149902,0.5466626882553101,280.3376159667969,0.5475344061851501
7075_22c_40_3_5_frame_40.jpeg,278.7199401855469,277.6145324707031,0.5443748831748962,0.542215883731842,278.167236328125,0.5432953834533691
7075_22c_40_3_5_frame_41.jpeg,281.0377502441406,280.47406005859375,0.5489018559455872,0.5478008985519409,280.7559051513672,0.548351377248764
7075_22c_40_3_5_frame_42.jpeg,279.4813232421875,278.3343811035156,0.5458619594573975,0.543621838092804,278.90785217285156,0.5447418987751007
7075_22c_40_3_5_frame_43.jpeg,278.5523681640625,277.55340576171875,0.5440475940704346,0.5420964956283569,278.0528869628906,0.5430720448493958
7075_22c_40_3_5_frame_44.jpeg,281.1579895019531,280.3896179199219,0.5491366982460022,0.5476359724998474,280.7738037109375,0.5483863353729248
7075_22c_40_3_5_frame_45.jpeg,279.84881591796875,279.0376281738281,0.5465797185897827,0.5449953675270081,279.44322204589844,0.5457875430583954
7075_22c_40_3_5_frame_46.jpeg,278.4817810058594,277.30865478515625,0.5439097285270691,0.5416184663772583,277.8952178955078,0.5427640974521637
7075_22c_40_3_5_frame_47.jpeg,280.25836181640625,279.34527587890625,0.5473796129226685,0.5455962419509888,279.80181884765625,0.5464879274368286
7075_22c_40_3_5_frame_48.jpeg,280.5727233886719,279.8399353027344,0.5479936003684998,0.5465623736381531,280.2063293457031,0.5472779870033264
7075_22c_40_3_5_frame_49.jpeg,279.7690734863281,278.7682800292969,0.5464239716529846,0.5444692969322205,279.2686767578125,0.5454466342926025
7075_22c_40_3_5_frame_5.jpeg,279.7362365722656,278.8719482421875,0.5463598370552063,0.5446717739105225,279.30409240722656,0.5455158054828644
7075_22c_40_3_5_frame_50.jpeg,278.94146728515625,277.8359069824219,0.5448075532913208,0.5426482558250427,278.38868713378906,0.5437279045581818
7075_22c_40_3_5_frame_6.jpeg,279.36212158203125,278.25592041015625,0.5456291437149048,0.5434685945510864,278.80902099609375,0.5445488691329956
7075_22c_40_3_5_frame_7.jpeg,279.8608093261719,278.9331970214844,0.5466031432151794,0.5447914004325867,279.3970031738281,0.5456972718238831
7075_22c_40_3_5_frame_8.jpeg,280.2329406738281,279.3345642089844,0.5473299622535706,0.5455753207206726,279.78375244140625,0.5464526414871216
7075_22c_40_3_5_frame_9.jpeg,279.81439208984375,278.6647644042969,0.5465124845504761,0.5442671179771423,279.2395782470703,0.5453898012638092
7075_22c_40_3_6_frame_1.jpeg,278.3675537109375,277.4853515625,0.5436866283416748,0.5419635772705078,277.92645263671875,0.5428251028060913
7075_22c_40_3_6_frame_10.jpeg,276.798583984375,275.5306091308594,0.5406222343444824,0.5381457209587097,276.1645965576172,0.5393839776515961
7075_22c_40_3_6_frame_11.jpeg,278.2283630371094,277.3343505859375,0.5434147715568542,0.5416686534881592,277.78135681152344,0.5425417125225067
7075_22c_40_3_6_frame_12.jpeg,277.9792785644531,276.7555236816406,0.5429282784461975,0.5405381321907043,277.3674011230469,0.5417332053184509
7075_22c_40_3_6_frame_13.jpeg,276.6280822753906,275.42315673828125,0.5402892231941223,0.5379358530044556,276.02561950683594,0.5391125380992889
7075_22c_40_3_6_frame_14.jpeg,278.3923645019531,277.5427551269531,0.5437350869178772,0.5420756936073303,277.9675598144531,0.5429053902626038
7075_22c_40_3_6_frame_15.jpeg,277.39166259765625,276.3804931640625,0.5417805910110474,0.5398056507110596,276.8860778808594,0.5407931208610535
7075_22c_40_3_6_frame_16.jpeg,276.7400817871094,275.5180969238281,0.540507972240448,0.5381212830543518,276.12908935546875,0.5393146276473999
7075_22c_40_3_6_frame_17.jpeg,278.8479919433594,277.8634033203125,0.5446249842643738,0.5427019596099854,278.35569763183594,0.5436634719371796
7075_22c_40_3_6_frame_18.jpeg,278.0509338378906,277.16632080078125,0.5430682301521301,0.5413404703140259,277.60862731933594,0.542204350233078
7075_22c_40_3_6_frame_19.jpeg,277.7442932128906,276.60577392578125,0.542469322681427,0.5402456521987915,277.17503356933594,0.5413574874401093
7075_22c_40_3_6_frame_2.jpeg,277.8967590332031,276.61651611328125,0.5427671074867249,0.5402666330337524,277.2566375732422,0.5415168702602386
7075_22c_40_3_6_frame_20.jpeg,276.9936828613281,275.8194885253906,0.5410032868385315,0.5387099385261536,276.4065856933594,0.5398566126823425
7075_22c_40_3_6_frame_21.jpeg,278.6656188964844,277.8700256347656,0.544268786907196,0.5427148938179016,278.267822265625,0.5434918403625488
7075_22c_40_3_6_frame_22.jpeg,278.4156799316406,277.253173828125,0.5437806248664856,0.5415101051330566,277.8344268798828,0.5426453649997711
7075_22c_40_3_6_frame_23.jpeg,276.4324951171875,275.162353515625,0.5399072170257568,0.5374264717102051,275.79742431640625,0.538666844367981
7075_22c_40_3_6_frame_24.jpeg,278.97833251953125,278.1113586425781,0.5448795557022095,0.5431862473487854,278.5448455810547,0.5440329015254974
7075_22c_40_3_6_frame_25.jpeg,277.7240905761719,276.8294372558594,0.5424298644065857,0.5406824946403503,277.2767639160156,0.541556179523468
7075_22c_40_3_6_frame_26.jpeg,276.87762451171875,275.6889343261719,0.5407766103744507,0.5384549498558044,276.2832794189453,0.5396157801151276
7075_22c_40_3_6_frame_27.jpeg,278.96588134765625,277.93585205078125,0.5448552370071411,0.5428434610366821,278.45086669921875,0.5438493490219116
7075_22c_40_3_6_frame_28.jpeg,277.9292297363281,277.0203552246094,0.5428305268287659,0.5410553812980652,277.47479248046875,0.5419429540634155
7075_22c_40_3_6_frame_29.jpeg,277.5909729003906,276.427490234375,0.5421698689460754,0.5398974418640137,277.0092315673828,0.5410336554050446
7075_22c_40_3_6_frame_3.jpeg,276.85723876953125,275.5013122558594,0.5407367944717407,0.5380885004997253,276.1792755126953,0.539412647485733
7075_22c_40_3_6_frame_30.jpeg,276.7495422363281,275.5918273925781,0.5405264496803284,0.5382652878761292,276.1706848144531,0.5393958687782288
7075_22c_40_3_6_frame_31.jpeg,278.42120361328125,277.63360595703125,0.5437914133071899,0.5422531366348267,278.02740478515625,0.5430222749710083
7075_22c_40_3_6_frame_32.jpeg,278.1397705078125,277.00250244140625,0.5432417392730713,0.5410205125808716,277.5711364746094,0.5421311259269714
7075_22c_40_3_6_frame_33.jpeg,276.0616149902344,274.78863525390625,0.5391828417778015,0.5366965532302856,275.4251251220703,0.5379396975040436
7075_22c_40_3_6_frame_34.jpeg,278.94952392578125,278.0847473144531,0.5448232889175415,0.5431342720985413,278.5171356201172,0.5439787805080414
7075_22c_40_3_6_frame_35.jpeg,277.616455078125,276.66876220703125,0.5422196388244629,0.5403686761856079,277.1426086425781,0.5412941575050354
7075_22c_40_3_6_frame_36.jpeg,276.66546630859375,275.4683837890625,0.5403622388839722,0.5380241870880127,276.0669250488281,0.5391932129859924
7075_22c_40_3_6_frame_37.jpeg,278.73748779296875,277.7574462890625,0.5444091558456421,0.5424950122833252,278.2474670410156,0.5434520840644836
7075_22c_40_3_6_frame_38.jpeg,277.7738037109375,276.8768310546875,0.5425269603729248,0.5407750606536865,277.3253173828125,0.5416510105133057
7075_22c_40_3_6_frame_39.jpeg,277.8080749511719,276.705078125,0.5425938963890076,0.5404396057128906,277.25657653808594,0.5415167510509491
7075_22c_40_3_6_frame_4.jpeg,278.46112060546875,277.5008850097656,0.5438693761825562,0.5419939160346985,277.9810028076172,0.5429316461086273
7075_22c_40_3_6_frame_40.jpeg,276.8817443847656,275.702880859375,0.5407846570014954,0.5384821891784668,276.2923126220703,0.5396334230899811
7075_22c_40_3_6_frame_41.jpeg,278.586181640625,277.9045104980469,0.5441136360168457,0.5427822470664978,278.24534606933594,0.5434479415416718
7075_22c_40_3_6_frame_42.jpeg,278.6060485839844,277.5306701660156,0.5441524386405945,0.5420520901679993,278.068359375,0.5431022644042969
7075_22c_40_3_6_frame_43.jpeg,276.45037841796875,275.19451904296875,0.5399421453475952,0.5374892950057983,275.82244873046875,0.5387157201766968
7075_22c_40_3_6_frame_44.jpeg,279.0428771972656,278.24102783203125,0.5450056195259094,0.543439507484436,278.64195251464844,0.5442225635051727
7075_22c_40_3_6_frame_45.jpeg,277.8066711425781,276.8677673339844,0.5425911545753479,0.5407573580741882,277.33721923828125,0.5416742563247681
7075_22c_40_3_6_frame_46.jpeg,276.8660583496094,275.6907653808594,0.5407540202140808,0.538458526134491,276.2784118652344,0.5396062731742859
7075_22c_40_3_6_frame_47.jpeg,278.9201965332031,277.98785400390625,0.5447660088539124,0.5429450273513794,278.4540252685547,0.5438555181026459
7075_22c_40_3_6_frame_48.jpeg,278.0934753417969,277.2734680175781,0.543151319026947,0.5415497422218323,277.6834716796875,0.5423505306243896
7075_22c_40_3_6_frame_49.jpeg,277.798095703125,276.7119140625,0.542574405670166,0.5404529571533203,277.2550048828125,0.5415136814117432
7075_22c_40_3_6_frame_5.jpeg,277.5703430175781,276.5115661621094,0.5421295762062073,0.5400616526603699,277.04095458984375,0.5410956144332886
7075_22c_40_3_6_frame_50.jpeg,277.1460876464844,276.0135803222656,0.5413009524345398,0.539089024066925,276.579833984375,0.5401949882507324
7075_22c_40_3_6_frame_6.jpeg,277.2032775878906,275.9794921875,0.5414126515388489,0.5390224456787109,276.5913848876953,0.5402175486087799
7075_22c_40_3_6_frame_7.jpeg,278.5792541503906,277.56488037109375,0.5441001057624817,0.5421189069747925,278.0720672607422,0.5431095063686371
7075_22c_40_3_6_frame_8.jpeg,277.74139404296875,276.83251953125,0.5424636602401733,0.5406885147094727,277.2869567871094,0.541576087474823
7075_22c_40_3_6_frame_9.jpeg,277.6278991699219,276.4332580566406,0.5422419905662537,0.5399087071418762,277.03057861328125,0.5410753488540649
7075_22c_40_3_7_frame_1.jpeg,287.8564453125,287.7298583984375,0.5622196197509766,0.5619723796844482,287.79315185546875,0.5620959997177124
7075_22c_40_3_7_frame_10.jpeg,287.0508117675781,287.0837097167969,0.560646116733551,0.5607103705406189,287.0672607421875,0.560678243637085
7075_22c_40_3_7_frame_11.jpeg,288.08514404296875,288.0361022949219,0.5626662969589233,0.5625705122947693,288.0606231689453,0.5626184046268463
7075_22c_40_3_7_frame_12.jpeg,288.32568359375,288.3634033203125,0.563136100769043,0.5632097721099854,288.34454345703125,0.5631729364395142
7075_22c_40_3_7_frame_13.jpeg,286.7042236328125,286.6446228027344,0.5599691867828369,0.5598527789115906,286.67442321777344,0.5599109828472137
7075_22c_40_3_7_frame_14.jpeg,287.04052734375,286.8698425292969,0.5606260299682617,0.560292661190033,286.95518493652344,0.5604593455791473
7075_22c_40_3_7_frame_15.jpeg,288.75054931640625,288.9269714355469,0.563965916633606,0.5643104910850525,288.83876037597656,0.5641382038593292
7075_22c_40_3_7_frame_16.jpeg,286.83837890625,286.5915832519531,0.5602312088012695,0.559749186038971,286.71498107910156,0.5599901974201202
7075_22c_40_3_7_frame_17.jpeg,286.4792175292969,286.3663330078125,0.559529721736908,0.5593092441558838,286.4227752685547,0.5594194829463959
7075_22c_40_3_7_frame_18.jpeg,288.52081298828125,288.7513122558594,0.5635172128677368,0.5639674067497253,288.6360626220703,0.5637423098087311
7075_22c_40_3_7_frame_19.jpeg,287.03338623046875,286.94183349609375,0.5606120824813843,0.5604332685470581,286.98760986328125,0.5605226755142212
7075_22c_40_3_7_frame_2.jpeg,288.26300048828125,288.2606506347656,0.5630136728286743,0.5630090832710266,288.26182556152344,0.5630113780498505
7075_22c_40_3_7_frame_20.jpeg,286.5067138671875,286.4142150878906,0.5595834255218506,0.5594027638435364,286.46046447753906,0.5594930946826935
7075_22c_40_3_7_frame_21.jpeg,288.1522216796875,288.1210632324219,0.5627973079681396,0.562736451625824,288.1366424560547,0.5627668797969818
7075_22c_40_3_7_frame_22.jpeg,288.3675231933594,288.4193115234375,0.56321781873703,0.5633189678192139,288.39341735839844,0.563268393278122
7075_22c_40_3_7_frame_23.jpeg,286.3916320800781,286.242431640625,0.5593586564064026,0.5590672492980957,286.31703186035156,0.5592129528522491
7075_22c_40_3_7_frame_24.jpeg,287.0040588378906,286.7481689453125,0.5605548024177551,0.5600550174713135,286.87611389160156,0.5603049099445343
7075_22c_40_3_7_frame_25.jpeg,288.8276672363281,289.19024658203125,0.5641165375709534,0.5648247003555298,289.0089569091797,0.5644706189632416
7075_22c_40_3_7_frame_26.jpeg,286.0892028808594,285.8232727050781,0.5587679743766785,0.5582485795021057,285.95623779296875,0.5585082769393921
7075_22c_40_3_7_frame_27.jpeg,286.04345703125,285.8292236328125,0.5586786270141602,0.5582602024078369,285.93634033203125,0.5584694147109985
7075_22c_40_3_7_frame_28.jpeg,288.77703857421875,289.1445007324219,0.564017653465271,0.5647353529930115,288.9607696533203,0.5643765032291412
7075_22c_40_3_7_frame_29.jpeg,287.03997802734375,286.9596252441406,0.5606249570846558,0.5604680180549622,286.9998016357422,0.560546487569809
7075_22c_40_3_7_frame_3.jpeg,286.7007751464844,286.5892639160156,0.5599624514579773,0.559744656085968,286.64501953125,0.5598535537719727
7075_22c_40_3_7_frame_30.jpeg,286.48284912109375,286.4392395019531,0.5595368146896362,0.5594516396522522,286.46104431152344,0.5594942271709442
7075_22c_40_3_7_frame_31.jpeg,288.28717041015625,288.3045654296875,0.5630608797073364,0.5630948543548584,288.2958679199219,0.5630778670310974
7075_22c_40_3_7_frame_32.jpeg,288.7615966796875,288.92474365234375,0.5639874935150146,0.5643061399459839,288.8431701660156,0.5641468167304993
7075_22c_40_3_7_frame_33.jpeg,286.4225158691406,286.3657531738281,0.5594189763069153,0.5593081116676331,286.3941345214844,0.5593635439872742
7075_22c_40_3_7_frame_34.jpeg,287.2152099609375,287.0387878417969,0.560967206954956,0.5606226325035095,287.1269989013672,0.5607949197292328
7075_22c_40_3_7_frame_35.jpeg,289.48370361328125,289.9839172363281,0.5653978586196899,0.5663748383522034,289.7338104248047,0.5658863484859467
7075_22c_40_3_7_frame_36.jpeg,286.6612243652344,286.47412109375,0.5598852038383484,0.5595197677612305,286.5676727294922,0.5597024857997894
7075_22c_40_3_7_frame_37.jpeg,286.18499755859375,286.1011657714844,0.5589550733566284,0.5587913393974304,286.14308166503906,0.5588732063770294
7075_22c_40_3_7_frame_38.jpeg,289.5440673828125,290.0584411621094,0.5655157566070557,0.5665203928947449,289.80125427246094,0.5660180747509003
7075_22c_40_3_7_frame_39.jpeg,287.1593933105469,287.1564025878906,0.5608581900596619,0.5608523488044739,287.15789794921875,0.5608552694320679
7075_22c_40_3_7_frame_4.jpeg,286.9490966796875,286.8076477050781,0.5604474544525146,0.5601711869239807,286.8783721923828,0.5603093206882477
7075_22c_40_3_7_frame_40.jpeg,286.7176818847656,286.7668762207031,0.5599954724311829,0.5600915551185608,286.7422790527344,0.5600435137748718
7075_22c_40_3_7_frame_41.jpeg,288.4017333984375,288.4672546386719,0.5632846355438232,0.563412606716156,288.4344940185547,0.5633486211299896
7075_22c_40_3_7_frame_42.jpeg,288.41461181640625,288.4949645996094,0.5633097887039185,0.5634667277336121,288.4547882080078,0.5633882582187653
7075_22c_40_3_7_frame_43.jpeg,286.5155029296875,286.43341064453125,0.5596005916595459,0.5594402551651001,286.4744567871094,0.559520423412323
7075_22c_40_3_7_frame_44.jpeg,286.8531799316406,286.592041015625,0.5602601170539856,0.5597500801086426,286.7226104736328,0.5600050985813141
7075_22c_40_3_7_frame_45.jpeg,289.42138671875,289.9533386230469,0.5652761459350586,0.5663151144981384,289.68736267089844,0.5657956302165985
7075_22c_40_3_7_frame_46.jpeg,286.85894775390625,286.68646240234375,0.5602713823318481,0.5599344968795776,286.772705078125,0.5601029396057129
7075_22c_40_3_7_frame_47.jpeg,286.5854797363281,286.5778503417969,0.5597372651100159,0.559722363948822,286.5816650390625,0.559729814529419
7075_22c_40_3_7_frame_48.jpeg,289.3833923339844,289.8640441894531,0.5652019381523132,0.5661407113075256,289.62371826171875,0.5656713247299194
7075_22c_40_3_7_frame_49.jpeg,287.240478515625,287.2833557128906,0.5610165596008301,0.5611003041267395,287.2619171142578,0.5610584318637848
7075_22c_40_3_7_frame_5.jpeg,288.7164001464844,288.7574768066406,0.5638992190361023,0.56397944688797,288.7369384765625,0.5639393329620361
7075_22c_40_3_7_frame_50.jpeg,286.5423278808594,286.5119323730469,0.5596529841423035,0.5595936179161072,286.5271301269531,0.5596233010292053
7075_22c_40_3_7_frame_6.jpeg,286.34722900390625,285.956787109375,0.5592719316482544,0.558509349822998,286.1520080566406,0.5588906407356262
7075_22c_40_3_7_frame_7.jpeg,287.3837890625,287.2223205566406,0.5612964630126953,0.5609810948371887,287.3030548095703,0.561138778924942
7075_22c_40_3_7_frame_8.jpeg,288.4735107421875,288.5519714355469,0.563424825668335,0.5635780692100525,288.5127410888672,0.5635014474391937
7075_22c_40_3_7_frame_9.jpeg,287.6365051269531,287.62091064453125,0.5617900490760803,0.5617595911026001,287.6287078857422,0.5617748200893402
7075_22c_40_3_8_frame_1.jpeg,291.1806335449219,288.7603454589844,0.5687121748924255,0.5639850497245789,289.9704895019531,0.5663486123085022
7075_22c_40_3_8_frame_10.jpeg,290.18511962890625,287.8719482421875,0.5667678117752075,0.5622498989105225,289.0285339355469,0.564508855342865
7075_22c_40_3_8_frame_11.jpeg,291.1537780761719,288.9744873046875,0.5686597228050232,0.5644032955169678,290.0641326904297,0.5665315091609955
7075_22c_40_3_8_frame_12.jpeg,289.8048095703125,287.53173828125,0.5660250186920166,0.5615854263305664,288.66827392578125,0.5638052225112915
7075_22c_40_3_8_frame_13.jpeg,290.24761962890625,288.13787841796875,0.5668898820877075,0.5627692937850952,289.1927490234375,0.5648295879364014
7075_22c_40_3_8_frame_14.jpeg,291.3567199707031,289.340087890625,0.5690560936927795,0.565117359161377,290.34840393066406,0.5670867264270782
7075_22c_40_3_8_frame_15.jpeg,290.043701171875,287.9021301269531,0.5664916038513184,0.5623088479042053,288.97291564941406,0.5644002258777618
7075_22c_40_3_8_frame_16.jpeg,290.9881591796875,288.9664001464844,0.5683362483978271,0.5643875002861023,289.97727966308594,0.5663618743419647
7075_22c_40_3_8_frame_17.jpeg,289.99639892578125,287.9391784667969,0.5663992166519165,0.5623812079429626,288.96778869628906,0.5643902122974396
7075_22c_40_3_8_frame_18.jpeg,290.3708190917969,288.3487854003906,0.5671305060386658,0.5631812214851379,289.35980224609375,0.5651558637619019
7075_22c_40_3_8_frame_19.jpeg,290.8900146484375,288.8513488769531,0.5681445598602295,0.5641627907752991,289.8706817626953,0.5661536753177643
7075_22c_40_3_8_frame_2.jpeg,289.9842224121094,287.5228271484375,0.5663754343986511,0.561568021774292,288.75352478027344,0.5639717280864716
7075_22c_40_3_8_frame_20.jpeg,290.048583984375,287.9460754394531,0.5665011405944824,0.5623946785926819,288.99732971191406,0.5644479095935822
7075_22c_40_3_8_frame_21.jpeg,291.04327392578125,289.07049560546875,0.5684438943862915,0.5645908117294312,290.056884765625,0.5665173530578613
7075_22c_40_3_8_frame_22.jpeg,289.8277587890625,287.714599609375,0.5660698413848877,0.5619425773620605,288.77117919921875,0.5640062093734741
7075_22c_40_3_8_frame_23.jpeg,290.4197998046875,288.4966125488281,0.5672261714935303,0.5634699463844299,289.4582061767578,0.5653480589389801
7075_22c_40_3_8_frame_24.jpeg,291.5370178222656,289.670166015625,0.5694082379341125,0.5657620429992676,290.6035919189453,0.5675851404666901
7075_22c_40_3_8_frame_25.jpeg,290.38983154296875,288.4934997558594,0.5671676397323608,0.5634638667106628,289.44166564941406,0.5653157532215118
7075_22c_40_3_8_frame_26.jpeg,291.0954284667969,289.2860412597656,0.5685457587242126,0.5650117993354797,290.19073486328125,0.5667787790298462
7075_22c_40_3_8_frame_27.jpeg,290.1319580078125,288.2070617675781,0.5666639804840088,0.562904417514801,289.1695098876953,0.5647841989994049
7075_22c_40_3_8_frame_28.jpeg,290.4673767089844,288.6330261230469,0.5673190951347351,0.5637363791465759,289.5502014160156,0.5655277371406555
7075_22c_40_3_8_frame_29.jpeg,291.2220458984375,289.4483642578125,0.5687930583953857,0.56532883644104,290.335205078125,0.5670609474182129
7075_22c_40_3_8_frame_3.jpeg,290.34783935546875,287.994384765625,0.5670856237411499,0.5624890327453613,289.1711120605469,0.5647873282432556
7075_22c_40_3_8_frame_30.jpeg,290.0137939453125,288.0028076171875,0.5664331912994385,0.5625054836273193,289.00830078125,0.5644693374633789
7075_22c_40_3_8_frame_31.jpeg,290.9622497558594,289.09564208984375,0.5682856440544128,0.5646399259567261,290.02894592285156,0.5664627850055695
7075_22c_40_3_8_frame_32.jpeg,289.8374938964844,287.9355163574219,0.566088855266571,0.5623740553855896,288.8865051269531,0.5642314553260803
7075_22c_40_3_8_frame_33.jpeg,290.3748474121094,288.61181640625,0.5671383738517761,0.563694953918457,289.4933319091797,0.5654166638851166
7075_22c_40_3_8_frame_34.jpeg,291.3849792480469,289.5990905761719,0.5691112875938416,0.5656232237815857,290.4920349121094,0.5673672556877136
7075_22c_40_3_8_frame_35.jpeg,290.3686218261719,288.60986328125,0.5671262145042419,0.5636911392211914,289.48924255371094,0.5654086768627167
7075_22c_40_3_8_frame_36.jpeg,291.0704040527344,289.4498291015625,0.5684968829154968,0.5653316974639893,290.26011657714844,0.566914290189743
7075_22c_40_3_8_frame_37.jpeg,290.12200927734375,288.2586669921875,0.566644549369812,0.5630052089691162,289.1903381347656,0.5648248791694641
7075_22c_40_3_8_frame_38.jpeg,290.57440185546875,288.7698669433594,0.5675281286239624,0.5640036463737488,289.67213439941406,0.5657658874988556
7075_22c_40_3_8_frame_39.jpeg,291.1628112792969,289.4966125488281,0.5686773657798767,0.5654230713844299,290.3297119140625,0.5670502185821533
7075_22c_40_3_8_frame_4.jpeg,291.14227294921875,288.78741455078125,0.5686372518539429,0.5640379190444946,289.96484375,0.5663375854492188
7075_22c_40_3_8_frame_40.jpeg,290.0376892089844,288.0831604003906,0.5664798617362976,0.5626624226570129,289.0604248046875,0.5645711421966553
7075_22c_40_3_8_frame_41.jpeg,291.0962829589844,289.2786865234375,0.5685474276542664,0.5649974346160889,290.18748474121094,0.5667724311351776
7075_22c_40_3_8_frame_42.jpeg,290.0450744628906,288.2904968261719,0.5664942860603333,0.5630673766136169,289.16778564453125,0.5647808313369751
7075_22c_40_3_8_frame_43.jpeg,290.6184997558594,288.9709167480469,0.5676142573356628,0.564396321773529,289.7947082519531,0.566005289554596
7075_22c_40_3_8_frame_44.jpeg,291.8196716308594,290.0567321777344,0.5699602961540222,0.5665170550346375,290.9382019042969,0.5682386755943298
7075_22c_40_3_8_frame_45.jpeg,290.7362060546875,289.0345764160156,0.5678441524505615,0.5645206570625305,289.88539123535156,0.566182404756546
7075_22c_40_3_8_frame_46.jpeg,291.49688720703125,289.9750061035156,0.5693298578262329,0.566357433795929,290.73594665527344,0.5678436458110809
7075_22c_40_3_8_frame_47.jpeg,290.4465637207031,288.589111328125,0.5672784447669983,0.5636506080627441,289.51783752441406,0.5654645264148712
7075_22c_40_3_8_frame_48.jpeg,290.8831481933594,289.143310546875,0.568131148815155,0.5647330284118652,290.0132293701172,0.5664320886135101
7075_22c_40_3_8_frame_49.jpeg,291.6488952636719,290.1528625488281,0.5696267485618591,0.5667048096656799,290.90087890625,0.5681657791137695
7075_22c_40_3_8_frame_5.jpeg,289.904052734375,287.5536804199219,0.5662188529968262,0.5616282820701599,288.72886657714844,0.563923567533493
7075_22c_40_3_8_frame_50.jpeg,290.24072265625,288.33740234375,0.5668764114379883,0.5631589889526367,289.2890625,0.5650177001953125
7075_22c_40_3_8_frame_6.jpeg,290.90875244140625,288.677490234375,0.5681811571121216,0.5638232231140137,289.7931213378906,0.5660021901130676
7075_22c_40_3_8_frame_7.jpeg,290.0870666503906,287.8033752441406,0.5665763020515442,0.5621159672737122,288.9452209472656,0.5643461346626282
7075_22c_40_3_8_frame_8.jpeg,290.53955078125,288.2514953613281,0.5674600601196289,0.562991201877594,289.39552307128906,0.5652256309986115
7075_22c_40_3_8_frame_9.jpeg,291.0318298339844,288.8057556152344,0.5684215426445007,0.5640737414360046,289.9187927246094,0.5662476420402527
7075_22c_40_3_9_frame_1.jpeg,294.9223937988281,293.83905029296875,0.5760203003883362,0.5739043951034546,294.38072204589844,0.5749623477458954
7075_22c_40_3_9_frame_10.jpeg,294.1694641113281,292.80303955078125,0.5745497345924377,0.5718809366226196,293.4862518310547,0.5732153356075287
7075_22c_40_3_9_frame_11.jpeg,294.9022216796875,294.0181884765625,0.5759809017181396,0.5742542743682861,294.460205078125,0.5751175880432129
7075_22c_40_3_9_frame_12.jpeg,294.12518310546875,292.82891845703125,0.5744632482528687,0.5719314813613892,293.47705078125,0.5731973648071289
7075_22c_40_3_9_frame_13.jpeg,294.4169006347656,292.8233947753906,0.5750330090522766,0.5719206929206848,293.6201477050781,0.5734768509864807
7075_22c_40_3_9_frame_14.jpeg,295.26837158203125,294.60333251953125,0.5766960382461548,0.5753971338272095,294.93585205078125,0.5760465860366821
7075_22c_40_3_9_frame_15.jpeg,294.6321716308594,293.5244140625,0.5754534602165222,0.5732898712158203,294.0782928466797,0.5743716657161713
7075_22c_40_3_9_frame_16.jpeg,295.1739807128906,293.51513671875,0.5765116810798645,0.5732717514038086,294.3445587158203,0.5748917162418365
7075_22c_40_3_9_frame_17.jpeg,294.6783752441406,293.57550048828125,0.5755437016487122,0.5733896493911743,294.12693786621094,0.5744666755199432
7075_22c_40_3_9_frame_18.jpeg,294.8515625,294.123779296875,0.5758819580078125,0.574460506439209,294.4876708984375,0.5751712322235107
7075_22c_40_3_9_frame_19.jpeg,295.2976989746094,293.8769836425781,0.5767533183097839,0.5739784836769104,294.58734130859375,0.5753659009933472
7075_22c_40_3_9_frame_2.jpeg,294.1651306152344,292.6789245605469,0.5745412707328796,0.5716385245323181,293.4220275878906,0.5730898976325989
7075_22c_40_3_9_frame_20.jpeg,294.5903625488281,293.19439697265625,0.5753718018531799,0.5726453065872192,293.8923797607422,0.5740085542201996
7075_22c_40_3_9_frame_21.jpeg,295.2524108886719,294.61163330078125,0.5766648650169373,0.5754133462905884,294.93202209472656,0.5760391056537628
7075_22c_40_3_9_frame_22.jpeg,294.7451477050781,293.558837890625,0.5756741166114807,0.573357105255127,294.15199279785156,0.5745156109333038
7075_22c_40_3_9_frame_23.jpeg,295.2539367675781,293.51861572265625,0.576667845249176,0.573278546333313,294.3862762451172,0.5749731957912445
7075_22c_40_3_9_frame_24.jpeg,295.4875793457031,294.9808044433594,0.5771241784095764,0.5761343836784363,295.23419189453125,0.5766292810440063
7075_22c_40_3_9_frame_25.jpeg,294.78057861328125,293.7812805175781,0.5757433176040649,0.5737915635108948,294.2809295654297,0.5747674405574799
7075_22c_40_3_9_frame_26.jpeg,295.8049621582031,294.0705261230469,0.5777440667152405,0.5743564963340759,294.937744140625,0.5760502815246582
7075_22c_40_3_9_frame_27.jpeg,294.51702880859375,293.48828125,0.5752285718917847,0.5732192993164062,294.0026550292969,0.5742239356040955
7075_22c_40_3_9_frame_28.jpeg,295.0380554199219,294.3977355957031,0.5762462019920349,0.5749955773353577,294.7178955078125,0.5756208896636963
7075_22c_40_3_9_frame_29.jpeg,295.5022277832031,294.0809631347656,0.5771527886390686,0.5743768811225891,294.7915954589844,0.5757648348808289
7075_22c_40_3_9_frame_3.jpeg,294.3124084472656,292.57952880859375,0.5748289227485657,0.5714443922042847,293.4459686279297,0.5731366574764252
7075_22c_40_3_9_frame_30.jpeg,294.1863708496094,292.7312316894531,0.5745827555656433,0.5717406868934631,293.45880126953125,0.5731617212295532
7075_22c_40_3_9_frame_31.jpeg,295.3622741699219,294.8584899902344,0.5768794417381287,0.5758954882621765,295.1103820800781,0.5763874650001526
7075_22c_40_3_9_frame_32.jpeg,294.7810974121094,293.6596984863281,0.5757443308830261,0.5735540986061096,294.22039794921875,0.5746492147445679
7075_22c_40_3_9_frame_33.jpeg,295.197265625,293.4975891113281,0.5765571594238281,0.5732374787330627,294.34742736816406,0.5748973190784454
7075_22c_40_3_9_frame_34.jpeg,295.4635314941406,294.98028564453125,0.5770772099494934,0.5761333703994751,295.22190856933594,0.5766052901744843
7075_22c_40_3_9_frame_35.jpeg,294.80718994140625,293.93658447265625,0.5757952928543091,0.5740948915481567,294.37188720703125,0.5749450922012329
7075_22c_40_3_9_frame_36.jpeg,295.7291259765625,294.0791931152344,0.5775959491729736,0.5743734240531921,294.90415954589844,0.5759846866130829
7075_22c_40_3_9_frame_37.jpeg,294.7755126953125,293.8479919433594,0.5757334232330322,0.5739218592643738,294.31175231933594,0.574827641248703
7075_22c_40_3_9_frame_38.jpeg,295.1955261230469,294.6353454589844,0.5765537619590759,0.5754596590995789,294.9154357910156,0.5760067105293274
7075_22c_40_3_9_frame_39.jpeg,295.4302978515625,294.1631774902344,0.577012300491333,0.574537456035614,294.79673767089844,0.5757748782634735
7075_22c_40_3_9_frame_4.jpeg,295.0116882324219,294.1567687988281,0.576194703578949,0.5745249390602112,294.584228515625,0.5753598213195801
7075_22c_40_3_9_frame_40.jpeg,294.4422912597656,293.21148681640625,0.5750826001167297,0.5726786851882935,293.82688903808594,0.5738806426525116
7075_22c_40_3_9_frame_41.jpeg,295.5343017578125,295.19110107421875,0.5772154331207275,0.5765451192855835,295.3627014160156,0.5768802762031555
7075_22c_40_3_9_frame_42.jpeg,294.7986755371094,293.8609313964844,0.5757786631584167,0.5739471316337585,294.3298034667969,0.5748628973960876
7075_22c_40_3_9_frame_43.jpeg,295.18853759765625,293.72149658203125,0.5765401124954224,0.5736747980117798,294.45501708984375,0.5751074552536011
7075_22c_40_3_9_frame_44.jpeg,295.73931884765625,295.4684143066406,0.5776158571243286,0.5770867466926575,295.60386657714844,0.577351301908493
7075_22c_40_3_9_frame_45.jpeg,294.9793701171875,294.2944030761719,0.5761315822601318,0.5747937560081482,294.6368865966797,0.57546266913414
7075_22c_40_3_9_frame_46.jpeg,295.7336730957031,294.2940979003906,0.5776048302650452,0.5747931599617004,295.0138854980469,0.5761989951133728
7075_22c_40_3_9_frame_47.jpeg,294.9758605957031,294.2444763183594,0.5761247277259827,0.5746962428092957,294.61016845703125,0.5754104852676392
7075_22c_40_3_9_frame_48.jpeg,295.278076171875,294.8597106933594,0.5767149925231934,0.5758978724479675,295.0688934326172,0.5763064324855804
7075_22c_40_3_9_frame_49.jpeg,295.5198974609375,294.40789794921875,0.5771872997283936,0.5750154256820679,294.9638977050781,0.5761013627052307
7075_22c_40_3_9_frame_5.jpeg,294.41815185546875,293.1539611816406,0.5750354528427124,0.5725663304328918,293.7860565185547,0.5738008916378021
7075_22c_40_3_9_frame_50.jpeg,294.49462890625,293.4035339355469,0.5751848220825195,0.573053777217865,293.94908142089844,0.5741192996501923
7075_22c_40_3_9_frame_6.jpeg,294.6695556640625,293.0527648925781,0.5755264759063721,0.5723686814308167,293.8611602783203,0.5739475786685944
7075_22c_40_3_9_frame_7.jpeg,294.4467468261719,293.1619873046875,0.5750913023948669,0.5725820064544678,293.8043670654297,0.5738366544246674
7075_22c_40_3_9_frame_8.jpeg,294.6957702636719,293.7535705566406,0.5755776762962341,0.5737374424934387,294.22467041015625,0.5746575593948364
7075_22c_40_3_9_frame_9.jpeg,295.1329040527344,293.71868896484375,0.5764314532279968,0.5736693143844604,294.42579650878906,0.5750503838062286
7075_22c_40_4_1_frame_1.jpeg,287.6301574707031,288.2413330078125,0.561777651309967,0.5629713535308838,287.9357452392578,0.5623745024204254
7075_22c_40_4_1_frame_10.jpeg,287.5612487792969,287.9844970703125,0.5616430640220642,0.5624697208404541,287.7728729248047,0.5620563924312592
7075_22c_40_4_1_frame_11.jpeg,287.5474853515625,288.115478515625,0.5616161823272705,0.5627255439758301,287.83148193359375,0.5621708631515503
7075_22c_40_4_1_frame_12.jpeg,287.8814697265625,288.3104553222656,0.5622684955596924,0.5631063580513,288.09596252441406,0.5626874268054962
7075_22c_40_4_1_frame_13.jpeg,287.865966796875,288.5494689941406,0.5622382164001465,0.5635731816291809,288.2077178955078,0.5629056990146637
7075_22c_40_4_1_frame_14.jpeg,287.9882507324219,288.7245788574219,0.5624770522117615,0.5639151930809021,288.3564147949219,0.5631961226463318
7075_22c_40_4_1_frame_15.jpeg,287.79974365234375,288.4468078613281,0.5621088743209839,0.5633726716041565,288.12327575683594,0.5627407729625702
7075_22c_40_4_1_frame_16.jpeg,287.751953125,287.9615173339844,0.5620155334472656,0.5624248385429382,287.8567352294922,0.5622201859951019
7075_22c_40_4_1_frame_17.jpeg,288.16986083984375,289.0133972167969,0.5628317594528198,0.5644792914390564,288.5916290283203,0.5636555254459381
7075_22c_40_4_1_frame_18.jpeg,288.0063171386719,288.60888671875,0.5625123381614685,0.5636892318725586,288.30760192871094,0.5631007850170135
7075_22c_40_4_1_frame_19.jpeg,288.2979736328125,288.6837158203125,0.5630819797515869,0.5638353824615479,288.4908447265625,0.5634586811065674
7075_22c_40_4_1_frame_2.jpeg,287.93121337890625,288.437255859375,0.5623656511306763,0.5633540153503418,288.1842346191406,0.562859833240509
7075_22c_40_4_1_frame_20.jpeg,287.8501281738281,288.39404296875,0.5622072815895081,0.5632696151733398,288.12208557128906,0.562738448381424
7075_22c_40_4_1_frame_21.jpeg,287.6376953125,288.26617431640625,0.5617923736572266,0.563019871711731,287.9519348144531,0.5624061226844788
7075_22c_40_4_1_frame_22.jpeg,288.30255126953125,288.8497619628906,0.5630909204483032,0.5641596913337708,288.57615661621094,0.563625305891037
7075_22c_40_4_1_frame_23.jpeg,287.89801025390625,288.5343933105469,0.5623008012771606,0.5635437369346619,288.21620178222656,0.5629222691059113
7075_22c_40_4_1_frame_24.jpeg,287.9164123535156,288.6355285644531,0.5623367428779602,0.5637412667274475,288.2759704589844,0.5630390048027039
7075_22c_40_4_1_frame_25.jpeg,287.8411865234375,288.4437255859375,0.5621898174285889,0.5633666515350342,288.1424560546875,0.5627782344818115
7075_22c_40_4_1_frame_26.jpeg,288.1715087890625,288.6094665527344,0.5628349781036377,0.5636903643608093,288.39048767089844,0.5632626712322235
7075_22c_40_4_1_frame_27.jpeg,288.48968505859375,289.501220703125,0.5634564161300659,0.565432071685791,288.9954528808594,0.5644442439079285
7075_22c_40_4_1_frame_28.jpeg,288.2754211425781,288.989013671875,0.5630379319190979,0.5644316673278809,288.63221740722656,0.5637347996234894
7075_22c_40_4_1_frame_29.jpeg,288.6048583984375,289.0716552734375,0.5636813640594482,0.5645930767059326,288.8382568359375,0.5641372203826904
7075_22c_40_4_1_frame_3.jpeg,287.9251403808594,288.68524169921875,0.562353789806366,0.5638383626937866,288.30519104003906,0.5630960762500763
7075_22c_40_4_1_frame_30.jpeg,287.9872741699219,288.5903015136719,0.5624751448631287,0.5636529326438904,288.2887878417969,0.5630640387535095
7075_22c_40_4_1_frame_31.jpeg,287.65155029296875,288.34588623046875,0.5618194341659546,0.5631755590438843,287.99871826171875,0.5624974966049194
7075_22c_40_4_1_frame_32.jpeg,288.3289794921875,288.8419189453125,0.5631425380706787,0.5641443729400635,288.58544921875,0.5636434555053711
7075_22c_40_4_1_frame_33.jpeg,287.83099365234375,288.4078674316406,0.5621699094772339,0.5632966160774231,288.1194305419922,0.5627332627773285
7075_22c_40_4_1_frame_34.jpeg,287.9786682128906,288.6781921386719,0.562458336353302,0.5638245940208435,288.32843017578125,0.5631414651870728
7075_22c_40_4_1_frame_35.jpeg,287.78057861328125,288.34527587890625,0.5620714426040649,0.5631743669509888,288.06292724609375,0.5626229047775269
7075_22c_40_4_1_frame_36.jpeg,288.0583801269531,288.46063232421875,0.5626140236854553,0.5633996725082397,288.25950622558594,0.5630068480968475
7075_22c_40_4_1_frame_37.jpeg,288.4111633300781,289.37713623046875,0.5633030533790588,0.5651897192001343,288.89414978027344,0.5642463862895966
7075_22c_40_4_1_frame_38.jpeg,288.0423583984375,288.7119445800781,0.5625827312469482,0.5638905167579651,288.3771514892578,0.5632366240024567
7075_22c_40_4_1_frame_39.jpeg,288.4833679199219,288.9071350097656,0.5634440779685974,0.5642717480659485,288.69525146484375,0.563857913017273
7075_22c_40_4_1_frame_4.jpeg,287.8520812988281,288.53753662109375,0.5622110962867737,0.5635498762130737,288.19480895996094,0.5628804862499237
7075_22c_40_4_1_frame_40.jpeg,287.9136047363281,288.4570007324219,0.5623312592506409,0.5633925795555115,288.185302734375,0.5628619194030762
7075_22c_40_4_1_frame_41.jpeg,287.8850402832031,288.60760498046875,0.5622754693031311,0.563686728477478,288.24632263183594,0.5629810988903046
7075_22c_40_4_1_frame_42.jpeg,288.23675537109375,288.7564697265625,0.5629624128341675,0.5639774799346924,288.4966125488281,0.5634699463844299
7075_22c_40_4_1_frame_43.jpeg,287.8994445800781,288.5906677246094,0.5623036026954651,0.5636536478996277,288.24505615234375,0.5629786252975464
7075_22c_40_4_1_frame_44.jpeg,287.9478759765625,288.6571044921875,0.5623981952667236,0.5637834072113037,288.302490234375,0.5630908012390137
7075_22c_40_4_1_frame_45.jpeg,287.9731140136719,288.6511535644531,0.5624474883079529,0.5637717843055725,288.3121337890625,0.5631096363067627
7075_22c_40_4_1_frame_46.jpeg,288.22344970703125,288.6640625,0.5629364252090454,0.5637969970703125,288.4437561035156,0.563366711139679
7075_22c_40_4_1_frame_47.jpeg,288.4908447265625,289.5365295410156,0.5634586811065674,0.5655010342597961,289.01368713378906,0.5644798576831818
7075_22c_40_4_1_frame_48.jpeg,288.16058349609375,288.8656921386719,0.5628136396408081,0.5641908049583435,288.5131378173828,0.5635022222995758
7075_22c_40_4_1_frame_49.jpeg,288.5685729980469,289.0606689453125,0.5636104941368103,0.5645716190338135,288.8146209716797,0.5640910565853119
7075_22c_40_4_1_frame_5.jpeg,287.9256896972656,288.4776611328125,0.5623548626899719,0.5634329319000244,288.20167541503906,0.5628938972949982
7075_22c_40_4_1_frame_50.jpeg,288.00396728515625,288.6257629394531,0.5625077486038208,0.5637221932411194,288.3148651123047,0.5631149709224701
7075_22c_40_4_1_frame_6.jpeg,287.4501953125,287.7117919921875,0.5614261627197266,0.5619370937347412,287.58099365234375,0.5616816282272339
7075_22c_40_4_1_frame_7.jpeg,287.52886962890625,288.1728820800781,0.5615798234939575,0.5628376603126526,287.8508758544922,0.562208741903305
7075_22c_40_4_1_frame_8.jpeg,287.995849609375,288.5610046386719,0.5624918937683105,0.563595712184906,288.27842712402344,0.5630438029766083
7075_22c_40_4_1_frame_9.jpeg,287.7296447753906,288.03448486328125,0.5619719624519348,0.5625673532485962,287.88206481933594,0.5622696578502655
7075_22c_40_4_2_frame_1.jpeg,284.7394104003906,284.5055236816406,0.5561316609382629,0.5556748509407043,284.6224670410156,0.5559032559394836
7075_22c_40_4_2_frame_10.jpeg,282.2984313964844,281.87664794921875,0.5513641238212585,0.5505403280258179,282.08753967285156,0.5509522259235382
7075_22c_40_4_2_frame_11.jpeg,284.9295654296875,284.7271423339844,0.5565030574798584,0.5561076998710632,284.82835388183594,0.5563053786754608
7075_22c_40_4_2_frame_12.jpeg,283.1584167480469,282.7158508300781,0.553043782711029,0.5521793961524963,282.9371337890625,0.5526115894317627
7075_22c_40_4_2_frame_13.jpeg,281.67633056640625,281.2764587402344,0.5501490831375122,0.5493680834770203,281.4763946533203,0.5497585833072662
7075_22c_40_4_2_frame_14.jpeg,284.75225830078125,284.515625,0.5561567544937134,0.555694580078125,284.6339416503906,0.5559256672859192
7075_22c_40_4_2_frame_15.jpeg,284.2948303222656,284.1230163574219,0.555263340473175,0.5549277663230896,284.20892333984375,0.5550955533981323
7075_22c_40_4_2_frame_16.jpeg,281.1868591308594,280.7145080566406,0.5491930842399597,0.5482705235481262,280.95068359375,0.548731803894043
7075_22c_40_4_2_frame_17.jpeg,283.1974792480469,282.7635192871094,0.5531200766563416,0.5522724986076355,282.9804992675781,0.5526962876319885
7075_22c_40_4_2_frame_18.jpeg,284.95074462890625,284.76580810546875,0.5565444231033325,0.5561832189559937,284.8582763671875,0.5563638210296631
7075_22c_40_4_2_frame_19.jpeg,281.9988708496094,281.4971618652344,0.5507790446281433,0.5497991442680359,281.7480163574219,0.5502890944480896
7075_22c_40_4_2_frame_2.jpeg,283.19879150390625,282.7808532714844,0.5531226396560669,0.5523063540458679,282.9898223876953,0.5527144968509674
7075_22c_40_4_2_frame_20.jpeg,281.49237060546875,281.0155334472656,0.5497897863388062,0.5488584637641907,281.2539520263672,0.5493241250514984
7075_22c_40_4_2_frame_21.jpeg,285.24871826171875,285.0487060546875,0.5571264028549194,0.5567357540130615,285.1487121582031,0.5569310784339905
7075_22c_40_4_2_frame_22.jpeg,282.95233154296875,282.4783630371094,0.5526412725448608,0.5517155528068542,282.71534729003906,0.5521784126758575
7075_22c_40_4_2_frame_23.jpeg,280.6531677246094,280.1169738769531,0.5481507182121277,0.5471034646034241,280.38507080078125,0.5476270914077759
7075_22c_40_4_2_frame_24.jpeg,284.82135009765625,284.6309814453125,0.5562916994094849,0.555919885635376,284.7261657714844,0.5561057925224304
7075_22c_40_4_2_frame_25.jpeg,284.2149353027344,284.0310363769531,0.5551072955131531,0.5547481179237366,284.12298583984375,0.5549277067184448
7075_22c_40_4_2_frame_26.jpeg,280.6552429199219,280.14239501953125,0.5481547713279724,0.547153115272522,280.39881896972656,0.5476539433002472
7075_22c_40_4_2_frame_27.jpeg,282.89825439453125,282.4924621582031,0.5525356531143188,0.5517430901527405,282.6953582763672,0.5521393716335297
7075_22c_40_4_2_frame_28.jpeg,284.8778076171875,284.7076110839844,0.5564019680023193,0.556069552898407,284.79270935058594,0.5562357604503632
7075_22c_40_4_2_frame_29.jpeg,281.99822998046875,281.5370788574219,0.550777792930603,0.5498771071434021,281.7676544189453,0.5503274500370026
7075_22c_40_4_2_frame_3.jpeg,281.6343688964844,281.1857604980469,0.550067126750946,0.5491909384727478,281.4100646972656,0.5496290326118469
7075_22c_40_4_2_frame_30.jpeg,281.3074035644531,280.9592590332031,0.5494285225868225,0.5487485527992249,281.1333312988281,0.5490885376930237
7075_22c_40_4_2_frame_31.jpeg,285.5139465332031,285.3634033203125,0.5576444268226624,0.5573503971099854,285.4386749267578,0.5574974119663239
7075_22c_40_4_2_frame_32.jpeg,282.9369812011719,282.45050048828125,0.5526112914085388,0.5516611337661743,282.69374084472656,0.5521362125873566
7075_22c_40_4_2_frame_33.jpeg,280.6049499511719,280.06365966796875,0.5480565428733826,0.5469993352890015,280.3343048095703,0.547527939081192
7075_22c_40_4_2_frame_34.jpeg,285.0556945800781,284.8739318847656,0.5567494034767151,0.5563943982124329,284.9648132324219,0.556571900844574
7075_22c_40_4_2_frame_35.jpeg,284.3930358886719,284.1722106933594,0.5554551482200623,0.5550238490104675,284.2826232910156,0.5552394986152649
7075_22c_40_4_2_frame_36.jpeg,280.8243103027344,280.33941650390625,0.5484849810600281,0.5475379228591919,280.5818634033203,0.54801145195961
7075_22c_40_4_2_frame_37.jpeg,283.2934265136719,282.8585205078125,0.5533074736595154,0.5524580478668213,283.0759735107422,0.5528827607631683
7075_22c_40_4_2_frame_38.jpeg,284.9965515136719,284.80755615234375,0.5566338896751404,0.5562647581100464,284.9020538330078,0.5564493238925934
7075_22c_40_4_2_frame_39.jpeg,282.2091064453125,281.77947998046875,0.551189661026001,0.550350546836853,281.9942932128906,0.550770103931427
7075_22c_40_4_2_frame_4.jpeg,284.7256774902344,284.4556884765625,0.556104838848114,0.5555775165557861,284.59068298339844,0.5558411777019501
7075_22c_40_4_2_frame_40.jpeg,281.5574645996094,281.1592712402344,0.5499169230461121,0.5491392016410828,281.3583679199219,0.5495280623435974
7075_22c_40_4_2_frame_41.jpeg,285.3315734863281,285.205810546875,0.5572882294654846,0.5570425987243652,285.26869201660156,0.5571654140949249
7075_22c_40_4_2_frame_42.jpeg,283.0533142089844,282.5906677246094,0.5528385043144226,0.5519348978996277,282.8219909667969,0.5523867011070251
7075_22c_40_4_2_frame_43.jpeg,280.6430358886719,280.1412048339844,0.5481309294700623,0.5471507906913757,280.3921203613281,0.547640860080719
7075_22c_40_4_2_frame_44.jpeg,285.16827392578125,284.97113037109375,0.5569692850112915,0.5565842390060425,285.0697021484375,0.556776762008667
7075_22c_40_4_2_frame_45.jpeg,284.681396484375,284.4776916503906,0.5560183525085449,0.5556204915046692,284.5795440673828,0.5558194220066071
7075_22c_40_4_2_frame_46.jpeg,280.8943176269531,280.44158935546875,0.5486217141151428,0.5477374792098999,280.66795349121094,0.5481795966625214
7075_22c_40_4_2_frame_47.jpeg,283.16943359375,282.74102783203125,0.553065299987793,0.552228569984436,282.9552307128906,0.5526469349861145
7075_22c_40_4_2_frame_48.jpeg,285.14154052734375,284.9902648925781,0.5569170713424683,0.5566216111183167,285.06590270996094,0.5567693412303925
7075_22c_40_4_2_frame_49.jpeg,282.0825500488281,281.6605224609375,0.5509424805641174,0.5501182079315186,281.8715362548828,0.550530344247818
7075_22c_40_4_2_frame_5.jpeg,284.1546325683594,283.8836669921875,0.5549895167350769,0.5544602870941162,284.01914978027344,0.5547249019145966
7075_22c_40_4_2_frame_50.jpeg,281.6033935546875,281.2246398925781,0.550006628036499,0.5492668747901917,281.4140167236328,0.5496367514133453
7075_22c_40_4_2_frame_6.jpeg,281.878173828125,281.4132995605469,0.5505433082580566,0.5496353507041931,281.64573669433594,0.5500893294811249
7075_22c_40_4_2_frame_7.jpeg,283.1859130859375,282.7341003417969,0.5530974864959717,0.552215039730072,282.9600067138672,0.5526562631130219
7075_22c_40_4_2_frame_8.jpeg,284.3521423339844,284.1081848144531,0.5553752779960632,0.5548987984657288,284.23016357421875,0.555137038230896
7075_22c_40_4_2_frame_9.jpeg,282.4458923339844,281.96942138671875,0.5516521334648132,0.5507215261459351,282.20765686035156,0.5511868298053741
7075_22c_40_4_3_frame_1.jpeg,284.74346923828125,284.7049255371094,0.5561395883560181,0.5560643076896667,284.7241973876953,0.5561019480228424
7075_22c_40_4_3_frame_10.jpeg,283.8900451660156,283.552978515625,0.5544727444648743,0.5538144111633301,283.7215118408203,0.5541435778141022
7075_22c_40_4_3_frame_11.jpeg,284.8763732910156,284.85906982421875,0.5563991665840149,0.5563653707504272,284.8677215576172,0.5563822686672211
7075_22c_40_4_3_frame_12.jpeg,284.1363830566406,283.81878662109375,0.5549538731575012,0.5543335676193237,283.9775848388672,0.5546437203884125
7075_22c_40_4_3_frame_13.jpeg,283.31280517578125,283.02325439453125,0.5533453226089478,0.5527797937393188,283.16802978515625,0.5530625581741333
7075_22c_40_4_3_frame_14.jpeg,284.92181396484375,285.10986328125,0.5564879179000854,0.5568552017211914,285.0158386230469,0.5566715598106384
7075_22c_40_4_3_frame_15.jpeg,284.59747314453125,284.63153076171875,0.5558544397354126,0.5559209585189819,284.614501953125,0.5558876991271973
7075_22c_40_4_3_frame_16.jpeg,283.8723449707031,283.59039306640625,0.5544381737709045,0.5538874864578247,283.7313690185547,0.5541628301143646
7075_22c_40_4_3_frame_17.jpeg,284.33721923828125,284.1567687988281,0.5553461313247681,0.5549936890602112,284.2469940185547,0.5551699101924896
7075_22c_40_4_3_frame_18.jpeg,284.68914794921875,284.6378173828125,0.5560334920883179,0.5559332370758057,284.6634826660156,0.5559833645820618
7075_22c_40_4_3_frame_19.jpeg,284.2568054199219,284.06597900390625,0.5551890730857849,0.5548163652420044,284.16139221191406,0.5550027191638947
7075_22c_40_4_3_frame_2.jpeg,284.0885314941406,283.7743835449219,0.5548604130744934,0.5542468428611755,283.93145751953125,0.5545536279678345
7075_22c_40_4_3_frame_20.jpeg,283.733642578125,283.4754943847656,0.5541672706604004,0.5536630749702454,283.6045684814453,0.5539151728153229
7075_22c_40_4_3_frame_21.jpeg,285.2440490722656,285.2967529296875,0.5571172833442688,0.5572202205657959,285.27040100097656,0.5571687519550323
7075_22c_40_4_3_frame_22.jpeg,284.23724365234375,284.0232849121094,0.5551508665084839,0.5547329783439636,284.13026428222656,0.5549419224262238
7075_22c_40_4_3_frame_23.jpeg,283.17974853515625,282.9098205566406,0.553085446357727,0.5525582432746887,283.04478454589844,0.5528218448162079
7075_22c_40_4_3_frame_24.jpeg,285.1695251464844,285.282958984375,0.5569717288017273,0.5571932792663574,285.2262420654297,0.5570825040340424
7075_22c_40_4_3_frame_25.jpeg,284.6703796386719,284.6543273925781,0.555996835231781,0.5559654831886292,284.662353515625,0.5559811592102051
7075_22c_40_4_3_frame_26.jpeg,284.01544189453125,283.7647399902344,0.5547176599502563,0.5542280077934265,283.8900909423828,0.5544728338718414
7075_22c_40_4_3_frame_27.jpeg,284.2781982421875,284.0476989746094,0.5552308559417725,0.5547806620597839,284.16294860839844,0.5550057590007782
7075_22c_40_4_3_frame_28.jpeg,284.5437316894531,284.474365234375,0.5557494759559631,0.5556139945983887,284.50904846191406,0.5556817352771759
7075_22c_40_4_3_frame_29.jpeg,283.99017333984375,283.74090576171875,0.5546683073043823,0.5541814565658569,283.86553955078125,0.5544248819351196
7075_22c_40_4_3_frame_3.jpeg,283.28466796875,282.9292907714844,0.5532903671264648,0.5525962710380554,283.1069793701172,0.5529433190822601
7075_22c_40_4_3_frame_30.jpeg,283.42364501953125,283.126953125,0.553561806678772,0.5529823303222656,283.2752990722656,0.5532720685005188
7075_22c_40_4_3_frame_31.jpeg,285.1443786621094,285.199951171875,0.5569226145744324,0.5570311546325684,285.1721649169922,0.5569768846035004
7075_22c_40_4_3_frame_32.jpeg,284.2540588378906,284.0146179199219,0.5551837086677551,0.5547160506248474,284.13433837890625,0.5549498796463013
7075_22c_40_4_3_frame_33.jpeg,283.4206237792969,283.23101806640625,0.5535559058189392,0.5531855821609497,283.32582092285156,0.5533707439899445
7075_22c_40_4_3_frame_34.jpeg,285.3357849121094,285.4555969238281,0.5572964549064636,0.5575304627418518,285.39569091796875,0.5574134588241577
7075_22c_40_4_3_frame_35.jpeg,284.56170654296875,284.5158386230469,0.5557845830917358,0.5556949973106384,284.5387725830078,0.5557397902011871
7075_22c_40_4_3_frame_36.jpeg,283.8494873046875,283.600830078125,0.5543935298919678,0.5539078712463379,283.72515869140625,0.5541507005691528
7075_22c_40_4_3_frame_37.jpeg,284.23480224609375,284.04547119140625,0.5551460981369019,0.5547763109207153,284.14013671875,0.5549612045288086
7075_22c_40_4_3_frame_38.jpeg,284.3426208496094,284.3132019042969,0.5553566813468933,0.5552992224693298,284.3279113769531,0.5553279519081116
7075_22c_40_4_3_frame_39.jpeg,284.1124572753906,283.935791015625,0.5549071431159973,0.5545620918273926,284.0241241455078,0.554734617471695
7075_22c_40_4_3_frame_4.jpeg,284.9106140136719,284.95843505859375,0.5564660429954529,0.5565594434738159,284.9345245361328,0.5565127432346344
7075_22c_40_4_3_frame_40.jpeg,283.4202880859375,283.16864013671875,0.5535552501678467,0.5530637502670288,283.2944641113281,0.5533095002174377
7075_22c_40_4_3_frame_41.jpeg,284.9178771972656,284.97967529296875,0.5564802289009094,0.5566009283065796,284.9487762451172,0.5565405786037445
7075_22c_40_4_3_frame_42.jpeg,284.21038818359375,283.9397888183594,0.5550984144210815,0.5545699000358582,284.07508850097656,0.5548341572284698
7075_22c_40_4_3_frame_43.jpeg,283.68817138671875,283.4960021972656,0.5540784597396851,0.5537031292915344,283.5920867919922,0.5538907945156097
7075_22c_40_4_3_frame_44.jpeg,285.2945556640625,285.4505310058594,0.5572159290313721,0.5575205683708191,285.37254333496094,0.5573682487010956
7075_22c_40_4_3_frame_45.jpeg,285.0245056152344,285.0519714355469,0.5566884875297546,0.5567421317100525,285.0382385253906,0.5567153096199036
7075_22c_40_4_3_frame_46.jpeg,283.89434814453125,283.6524963378906,0.5544811487197876,0.5540087819099426,283.77342224121094,0.5542449653148651
7075_22c_40_4_3_frame_47.jpeg,284.2923278808594,284.1531677246094,0.5552584528923035,0.5549866557121277,284.2227478027344,0.5551225543022156
7075_22c_40_4_3_frame_48.jpeg,284.46746826171875,284.4722900390625,0.5556005239486694,0.555609941482544,284.4698791503906,0.5556052327156067
7075_22c_40_4_3_frame_49.jpeg,284.12615966796875,284.013916015625,0.5549339056015015,0.5547146797180176,284.0700378417969,0.5548242926597595
7075_22c_40_4_3_frame_5.jpeg,284.38580322265625,284.4089660644531,0.5554410219192505,0.555486261844635,284.3973846435547,0.5554636418819427
7075_22c_40_4_3_frame_50.jpeg,283.5101013183594,283.3082275390625,0.5537306666374207,0.5533363819122314,283.40916442871094,0.553533524274826
7075_22c_40_4_3_frame_6.jpeg,284.0161437988281,283.76641845703125,0.5547190308570862,0.5542312860488892,283.8912811279297,0.5544751584529877
7075_22c_40_4_3_frame_7.jpeg,284.2973937988281,284.1455383300781,0.5552683472633362,0.5549717545509338,284.2214660644531,0.555120050907135
7075_22c_40_4_3_frame_8.jpeg,284.51953125,284.43719482421875,0.5557022094726562,0.5555413961410522,284.4783630371094,0.5556218028068542
7075_22c_40_4_3_frame_9.jpeg,284.1630554199219,283.834716796875,0.5550059676170349,0.5543646812438965,283.99888610839844,0.5546853244304657
7075_22c_40_4_4_frame_1.jpeg,275.4484558105469,275.03814697265625,0.5379852652549744,0.5371838808059692,275.24330139160156,0.5375845730304718
7075_22c_40_4_4_frame_10.jpeg,273.1220397949219,272.595947265625,0.5334414839744568,0.5324139595031738,272.85899353027344,0.5329277217388153
7075_22c_40_4_4_frame_11.jpeg,275.4644775390625,275.08837890625,0.5380165576934814,0.5372819900512695,275.27642822265625,0.5376492738723755
7075_22c_40_4_4_frame_12.jpeg,276.0609130859375,275.5836181640625,0.5391814708709717,0.5382492542266846,275.822265625,0.5387153625488281
7075_22c_40_4_4_frame_13.jpeg,272.7650146484375,272.31585693359375,0.5327441692352295,0.5318669080734253,272.5404357910156,0.5323055386543274
7075_22c_40_4_4_frame_14.jpeg,274.3769836425781,273.74237060546875,0.5358925461769104,0.5346530675888062,274.05967712402344,0.5352728068828583
7075_22c_40_4_4_frame_15.jpeg,276.7151184082031,276.26409912109375,0.5404592156410217,0.5395783185958862,276.48960876464844,0.540018767118454
7075_22c_40_4_4_frame_16.jpeg,274.1105651855469,273.5313720703125,0.5353721976280212,0.5342409610748291,273.8209686279297,0.5348065793514252
7075_22c_40_4_4_frame_17.jpeg,272.94500732421875,272.4145202636719,0.5330957174301147,0.5320596098899841,272.6797637939453,0.5325776636600494
7075_22c_40_4_4_frame_18.jpeg,276.4211120605469,276.0445251464844,0.5398849844932556,0.5391494631767273,276.2328186035156,0.5395172238349915
7075_22c_40_4_4_frame_19.jpeg,274.90887451171875,274.2681579589844,0.5369313955307007,0.5356799960136414,274.58851623535156,0.536305695772171
7075_22c_40_4_4_frame_2.jpeg,275.9776306152344,275.4713134765625,0.5390188097953796,0.5380299091339111,275.72447204589844,0.5385243594646454
7075_22c_40_4_4_frame_20.jpeg,272.187255859375,271.5110778808594,0.5316157341003418,0.5302950739860535,271.8491668701172,0.5309554040431976
7075_22c_40_4_4_frame_21.jpeg,275.6750183105469,275.2681884765625,0.5384277701377869,0.5376331806182861,275.4716033935547,0.5380304753780365
7075_22c_40_4_4_frame_22.jpeg,276.2366943359375,275.7663269042969,0.5395247936248779,0.5386061072349548,276.0015106201172,0.5390654504299164
7075_22c_40_4_4_frame_23.jpeg,272.1232604980469,271.5576171875,0.5314907431602478,0.5303859710693359,271.84043884277344,0.5309383571147919
7075_22c_40_4_4_frame_24.jpeg,273.7899169921875,273.3033447265625,0.5347459316253662,0.5337955951690674,273.546630859375,0.5342707633972168
7075_22c_40_4_4_frame_25.jpeg,276.97137451171875,276.52606201171875,0.5409597158432007,0.5400899648666382,276.74871826171875,0.5405248403549194
7075_22c_40_4_4_frame_26.jpeg,273.9613952636719,273.43646240234375,0.5350808501243591,0.5340555906295776,273.6989288330078,0.5345682203769684
7075_22c_40_4_4_frame_27.jpeg,272.0737609863281,271.4142150878906,0.5313940644264221,0.5301058888435364,271.7439880371094,0.5307499766349792
7075_22c_40_4_4_frame_28.jpeg,276.8875427246094,276.546142578125,0.5407959818840027,0.5401291847229004,276.7168426513672,0.5404625833034515
7075_22c_40_4_4_frame_29.jpeg,274.8963928222656,274.24517822265625,0.5369070172309875,0.5356351137161255,274.57078552246094,0.5362710654735565
7075_22c_40_4_4_frame_3.jpeg,272.88848876953125,272.4020690917969,0.5329853296279907,0.5320352911949158,272.64527893066406,0.5325103104114532
7075_22c_40_4_4_frame_30.jpeg,272.3858337402344,271.84063720703125,0.5320035815238953,0.5309387445449829,272.1132354736328,0.5314711630344391
7075_22c_40_4_4_frame_31.jpeg,275.7892761230469,275.33758544921875,0.5386509299278259,0.5377687215805054,275.5634307861328,0.5382098257541656
7075_22c_40_4_4_frame_32.jpeg,276.47271728515625,276.0975646972656,0.5399857759475708,0.5392530560493469,276.28514099121094,0.5396194159984589
7075_22c_40_4_4_frame_33.jpeg,272.1947021484375,271.6235656738281,0.531630277633667,0.5305147767066956,271.9091339111328,0.5310725271701813
7075_22c_40_4_4_frame_34.jpeg,273.7636413574219,273.3212890625,0.5346946120262146,0.5338306427001953,273.54246520996094,0.534262627363205
7075_22c_40_4_4_frame_35.jpeg,276.94244384765625,276.5428771972656,0.5409032106399536,0.5401228070259094,276.74266052246094,0.5405130088329315
7075_22c_40_4_4_frame_36.jpeg,274.07501220703125,273.57586669921875,0.5353027582168579,0.5343278646469116,273.825439453125,0.5348153114318848
7075_22c_40_4_4_frame_37.jpeg,272.2958679199219,271.65802001953125,0.5318278670310974,0.530582070350647,271.97694396972656,0.5312049686908722
7075_22c_40_4_4_frame_38.jpeg,276.919921875,276.5870361328125,0.5408592224121094,0.5402090549468994,276.75347900390625,0.5405341386795044
7075_22c_40_4_4_frame_39.jpeg,275.35443115234375,274.8048095703125,0.5378016233444214,0.5367281436920166,275.0796203613281,0.537264883518219
7075_22c_40_4_4_frame_4.jpeg,273.9879455566406,273.3533020019531,0.5351327061653137,0.5338931679725647,273.6706237792969,0.5345129370689392
7075_22c_40_4_4_frame_40.jpeg,272.1474914550781,271.53826904296875,0.5315380692481995,0.5303481817245483,271.84288024902344,0.5309431254863739
7075_22c_40_4_4_frame_41.jpeg,275.72222900390625,275.3646240234375,0.5385199785232544,0.5378215312957764,275.5434265136719,0.5381707549095154
7075_22c_40_4_4_frame_42.jpeg,276.663330078125,276.28399658203125,0.5403580665588379,0.5396171808242798,276.4736633300781,0.5399876236915588
7075_22c_40_4_4_frame_43.jpeg,272.4356384277344,271.9718017578125,0.5321008563041687,0.5311949253082275,272.20372009277344,0.5316478908061981
7075_22c_40_4_4_frame_44.jpeg,274.23236083984375,273.7472229003906,0.5356100797653198,0.5346625447273254,273.9897918701172,0.5351363122463226
7075_22c_40_4_4_frame_45.jpeg,277.15533447265625,276.7877197265625,0.5413190126419067,0.5406010150909424,276.9715270996094,0.5409600138664246
7075_22c_40_4_4_frame_46.jpeg,274.1357421875,273.65142822265625,0.5354213714599609,0.5344754457473755,273.8935852050781,0.5349484086036682
7075_22c_40_4_4_frame_47.jpeg,272.7489929199219,272.1916809082031,0.5327128767967224,0.5316243767738342,272.4703369140625,0.5321686267852783
7075_22c_40_4_4_frame_48.jpeg,276.9119873046875,276.5780334472656,0.5408437252044678,0.5401914715766907,276.74501037597656,0.5405175983905792
7075_22c_40_4_4_frame_49.jpeg,275.3949279785156,274.83221435546875,0.5378807187080383,0.5367816686630249,275.1135711669922,0.5373311936855316
7075_22c_40_4_4_frame_5.jpeg,276.52667236328125,276.06475830078125,0.5400911569595337,0.5391889810562134,276.29571533203125,0.5396400690078735
7075_22c_40_4_4_frame_50.jpeg,272.68853759765625,272.23883056640625,0.5325947999954224,0.5317164659500122,272.46368408203125,0.5321556329727173
7075_22c_40_4_4_frame_6.jpeg,274.0690002441406,273.3979797363281,0.5352910161018372,0.5339804291725159,273.7334899902344,0.5346357226371765
7075_22c_40_4_4_frame_7.jpeg,273.747314453125,273.154541015625,0.5346627235412598,0.5335049629211426,273.450927734375,0.5340838432312012
7075_22c_40_4_4_frame_8.jpeg,276.3200378417969,275.91094970703125,0.5396875739097595,0.5388885736465454,276.11549377441406,0.5392880737781525
7075_22c_40_4_4_frame_9.jpeg,275.4061584472656,274.9024353027344,0.5379026532173157,0.5369188189506531,275.154296875,0.5374107360839844
7075_22c_40_4_5_frame_1.jpeg,275.2755126953125,274.459716796875,0.5376474857330322,0.5360541343688965,274.86761474609375,0.5368508100509644
7075_22c_40_4_5_frame_10.jpeg,274.1050109863281,273.05548095703125,0.5353613495826721,0.5333114862442017,273.5802459716797,0.5343364179134369
7075_22c_40_4_5_frame_11.jpeg,275.37554931640625,274.5560302734375,0.537842869758606,0.5362422466278076,274.9657897949219,0.5370425581932068
7075_22c_40_4_5_frame_12.jpeg,274.97784423828125,273.95751953125,0.5370661020278931,0.5350732803344727,274.4676818847656,0.5360696911811829
7075_22c_40_4_5_frame_13.jpeg,273.41693115234375,272.4677429199219,0.5340174436569214,0.5321635603904724,272.9423370361328,0.5330905020236969
7075_22c_40_4_5_frame_14.jpeg,275.44342041015625,274.6310729980469,0.5379754304885864,0.5363888144493103,275.03724670410156,0.5371821224689484
7075_22c_40_4_5_frame_15.jpeg,275.2618713378906,274.47613525390625,0.5376208424568176,0.5360862016677856,274.86900329589844,0.5368535220623016
7075_22c_40_4_5_frame_16.jpeg,273.49774169921875,272.5959777832031,0.5341752767562866,0.5324140191078186,273.04685974121094,0.5332946479320526
7075_22c_40_4_5_frame_17.jpeg,274.8471984863281,273.7694396972656,0.5368109345436096,0.5347059369087219,274.3083190917969,0.5357584357261658
7075_22c_40_4_5_frame_18.jpeg,275.17437744140625,274.4056396484375,0.5374499559402466,0.5359485149383545,274.7900085449219,0.5366992354393005
7075_22c_40_4_5_frame_19.jpeg,274.212158203125,273.2235412597656,0.5355706214904785,0.5336397290229797,273.7178497314453,0.5346051752567291
7075_22c_40_4_5_frame_2.jpeg,274.9387512207031,273.9713439941406,0.5369897484779358,0.5351002812385559,274.4550476074219,0.5360450148582458
7075_22c_40_4_5_frame_20.jpeg,274.0391540527344,273.11102294921875,0.5352327227592468,0.5334199666976929,273.57508850097656,0.5343263447284698
7075_22c_40_4_5_frame_21.jpeg,275.4102478027344,274.6946105957031,0.5379106402397156,0.5365129113197327,275.05242919921875,0.5372117757797241
7075_22c_40_4_5_frame_22.jpeg,274.6253967285156,273.4978332519531,0.5363777279853821,0.534175455570221,274.0616149902344,0.5352765917778015
7075_22c_40_4_5_frame_23.jpeg,272.6907653808594,271.6152648925781,0.532599151134491,0.5304985642433167,272.15301513671875,0.5315488576889038
7075_22c_40_4_5_frame_24.jpeg,275.6878356933594,274.89849853515625,0.5384528040885925,0.536911129951477,275.2931671142578,0.5376819670200348
7075_22c_40_4_5_frame_25.jpeg,275.18597412109375,274.3993225097656,0.5374726057052612,0.535936176776886,274.7926483154297,0.5367043912410736
7075_22c_40_4_5_frame_26.jpeg,272.9277648925781,271.8794250488281,0.5330620408058167,0.5310145020484924,272.4035949707031,0.5320382714271545
7075_22c_40_4_5_frame_27.jpeg,274.9889831542969,273.9386901855469,0.5370878577232361,0.5350365042686462,274.4638366699219,0.5360621809959412
7075_22c_40_4_5_frame_28.jpeg,275.218017578125,274.45623779296875,0.5375351905822754,0.5360473394393921,274.8371276855469,0.5367912650108337
7075_22c_40_4_5_frame_29.jpeg,274.1685485839844,273.27301025390625,0.5354854464530945,0.5337363481521606,273.7207794189453,0.5346108973026276
7075_22c_40_4_5_frame_3.jpeg,273.56787109375,272.6054382324219,0.5343122482299805,0.532432496547699,273.08665466308594,0.5333723723888397
7075_22c_40_4_5_frame_30.jpeg,273.9591369628906,273.0636901855469,0.5350764393806458,0.5333275198936462,273.51141357421875,0.534201979637146
7075_22c_40_4_5_frame_31.jpeg,275.80511474609375,275.1888732910156,0.5386818647384644,0.5374782681465149,275.4969940185547,0.5380800664424896
7075_22c_40_4_5_frame_32.jpeg,274.7076110839844,273.562744140625,0.536538302898407,0.5343022346496582,274.1351776123047,0.5354202687740326
7075_22c_40_4_5_frame_33.jpeg,272.5516357421875,271.4653015136719,0.53232741355896,0.5302056670188904,272.0084686279297,0.5312665402889252
7075_22c_40_4_5_frame_34.jpeg,275.81378173828125,275.0364685058594,0.5386987924575806,0.5371806025505066,275.4251251220703,0.5379396975040436
7075_22c_40_4_5_frame_35.jpeg,275.182373046875,274.37744140625,0.5374655723571777,0.535893440246582,274.7799072265625,0.5366795063018799
7075_22c_40_4_5_frame_36.jpeg,272.9127502441406,271.832763671875,0.5330327153205872,0.5309233665466309,272.3727569580078,0.531978040933609
7075_22c_40_4_5_frame_37.jpeg,274.9286193847656,273.84649658203125,0.5369699597358704,0.5348564386367798,274.38755798339844,0.5359131991863251
7075_22c_40_4_5_frame_38.jpeg,275.1231994628906,274.421630859375,0.5373499989509583,0.5359797477722168,274.7724151611328,0.5366648733615875
7075_22c_40_4_5_frame_39.jpeg,274.17864990234375,273.2569580078125,0.5355051755905151,0.5337049961090088,273.7178039550781,0.534605085849762
7075_22c_40_4_5_frame_4.jpeg,275.2847900390625,274.4410705566406,0.537665605545044,0.5360177159309387,274.86293029785156,0.5368416607379913
7075_22c_40_4_5_frame_40.jpeg,274.12188720703125,273.2557373046875,0.5353943109512329,0.5337026119232178,273.6888122558594,0.5345484614372253
7075_22c_40_4_5_frame_41.jpeg,275.8185119628906,275.244140625,0.5387080311775208,0.5375862121582031,275.5313262939453,0.5381471216678619
7075_22c_40_4_5_frame_42.jpeg,274.7686462402344,273.67828369140625,0.5366575121879578,0.5345278978347778,274.2234649658203,0.5355927050113678
7075_22c_40_4_5_frame_43.jpeg,272.69281005859375,271.6253662109375,0.5326031446456909,0.5305182933807373,272.1590881347656,0.5315607190132141
7075_22c_40_4_5_frame_44.jpeg,275.5458679199219,274.78717041015625,0.5381755232810974,0.5366936922073364,275.16651916503906,0.5374346077442169
7075_22c_40_4_5_frame_45.jpeg,275.4376220703125,274.6453552246094,0.5379641056060791,0.5364167094230652,275.04148864746094,0.5371904075145721
7075_22c_40_4_5_frame_46.jpeg,273.2444152832031,272.28948974609375,0.5336804986000061,0.5318154096603394,272.76695251464844,0.5327479541301727
7075_22c_40_4_5_frame_47.jpeg,274.81976318359375,273.761962890625,0.5367573499679565,0.534691333770752,274.2908630371094,0.5357243418693542
7075_22c_40_4_5_frame_48.jpeg,275.2582702636719,274.6435546875,0.5376138091087341,0.5364131927490234,274.95091247558594,0.5370135009288788
7075_22c_40_4_5_frame_49.jpeg,274.35333251953125,273.445068359375,0.5358463525772095,0.5340723991394043,273.8992004394531,0.5349593758583069
7075_22c_40_4_5_frame_5.jpeg,275.15472412109375,274.3600158691406,0.5374115705490112,0.5358594059944153,274.7573699951172,0.5366354882717133
7075_22c_40_4_5_frame_50.jpeg,274.0926208496094,273.23834228515625,0.5353371500968933,0.5336686372756958,273.6654815673828,0.5345028936862946
7075_22c_40_4_5_frame_6.jpeg,273.89630126953125,272.8433532714844,0.5349537134170532,0.5328971743583679,273.3698272705078,0.5339254438877106
7075_22c_40_4_5_frame_7.jpeg,275.1495056152344,274.2730712890625,0.5374013781547546,0.5356895923614502,274.71128845214844,0.5365454852581024
7075_22c_40_4_5_frame_8.jpeg,274.72406005859375,273.8974304199219,0.5365704298019409,0.5349559187889099,274.3107452392578,0.5357631742954254
7075_22c_40_4_5_frame_9.jpeg,274.1603088378906,273.1480407714844,0.5354693531990051,0.5334922671318054,273.6541748046875,0.5344808101654053
7075_22c_40_4_6_frame_1.jpeg,273.56439208984375,272.8326110839844,0.5343054533004761,0.532876193523407,273.19850158691406,0.5335908234119415
7075_22c_40_4_6_frame_10.jpeg,272.0539855957031,271.2560729980469,0.5313554406166077,0.5297970175743103,271.655029296875,0.530576229095459
7075_22c_40_4_6_frame_11.jpeg,273.6466064453125,272.9327392578125,0.534466028213501,0.533071756362915,273.2896728515625,0.533768892288208
7075_22c_40_4_6_frame_12.jpeg,272.8730163574219,272.3783264160156,0.5329551100730896,0.5319889187812805,272.62567138671875,0.5324720144271851
7075_22c_40_4_6_frame_13.jpeg,272.3442687988281,271.5406799316406,0.5319223999977112,0.5303528904914856,271.9424743652344,0.5311376452445984
7075_22c_40_4_6_frame_14.jpeg,272.4873352050781,271.8296203613281,0.5322018265724182,0.530917227268219,272.1584777832031,0.5315595269203186
7075_22c_40_4_6_frame_15.jpeg,273.5477600097656,273.0589294433594,0.5342729687690735,0.5333182215690613,273.3033447265625,0.5337955951690674
7075_22c_40_4_6_frame_16.jpeg,273.3155822753906,272.6268615722656,0.5338194966316223,0.5324743390083313,272.9712219238281,0.5331469178199768
7075_22c_40_4_6_frame_17.jpeg,271.5656433105469,270.8185729980469,0.5304016470909119,0.5289425253868103,271.1921081542969,0.5296720862388611
7075_22c_40_4_6_frame_18.jpeg,274.0154724121094,273.5551452636719,0.5351864695549011,0.5342873930931091,273.7853088378906,0.5347369313240051
7075_22c_40_4_6_frame_19.jpeg,272.3380126953125,271.5191955566406,0.5319101810455322,0.5303109288215637,271.92860412597656,0.531110554933548
7075_22c_40_4_6_frame_2.jpeg,272.9411926269531,272.4532775878906,0.5330882668495178,0.5321353077888489,272.6972351074219,0.5326117873191833
7075_22c_40_4_6_frame_20.jpeg,271.9579772949219,271.3099365234375,0.5311679244041443,0.5299022197723389,271.6339569091797,0.5305350720882416
7075_22c_40_4_6_frame_21.jpeg,273.5765075683594,272.8834533691406,0.5343291163444519,0.5329754948616028,273.22998046875,0.5336523056030273
7075_22c_40_4_6_frame_22.jpeg,272.7771911621094,272.3774719238281,0.5327679514884949,0.5319872498512268,272.57733154296875,0.5323776006698608
7075_22c_40_4_6_frame_23.jpeg,272.3150329589844,271.6332702636719,0.5318652987480164,0.5305337309837341,271.9741516113281,0.5311995148658752
7075_22c_40_4_6_frame_24.jpeg,272.1125793457031,271.33740234375,0.5314698815345764,0.5299558639526367,271.72499084472656,0.5307128727436066
7075_22c_40_4_6_frame_25.jpeg,273.2906799316406,272.7716369628906,0.5337708592414856,0.5327571034431458,273.0311584472656,0.5332639813423157
7075_22c_40_4_6_frame_26.jpeg,273.3805236816406,272.6593322753906,0.5339463353157043,0.5325377583503723,273.0199279785156,0.5332420468330383
7075_22c_40_4_6_frame_27.jpeg,271.7216491699219,271.08856201171875,0.5307063460350037,0.5294698476791382,271.4051055908203,0.5300880968570709
7075_22c_40_4_6_frame_28.jpeg,274.3290710449219,273.8671569824219,0.535798966884613,0.5348967909812927,274.0981140136719,0.5353478789329529
7075_22c_40_4_6_frame_29.jpeg,272.646484375,271.8540954589844,0.5325126647949219,0.5309650301933289,272.2502899169922,0.5317388474941254
7075_22c_40_4_6_frame_3.jpeg,272.3343200683594,271.4951477050781,0.5319029688835144,0.5302639603614807,271.91473388671875,0.5310834646224976
7075_22c_40_4_6_frame_30.jpeg,271.9797058105469,271.3459167480469,0.5312103629112244,0.529972493648529,271.6628112792969,0.5305914282798767
7075_22c_40_4_6_frame_31.jpeg,273.9389343261719,273.25335693359375,0.5350369811058044,0.5336979627609253,273.5961456298828,0.5343674719333649
7075_22c_40_4_6_frame_32.jpeg,272.89837646484375,272.562744140625,0.533004641532898,0.5323491096496582,272.7305603027344,0.5326768755912781
7075_22c_40_4_6_frame_33.jpeg,272.6717834472656,272.0523681640625,0.5325620770454407,0.5313522815704346,272.36207580566406,0.5319571793079376
7075_22c_40_4_6_frame_34.jpeg,272.10345458984375,271.3771057128906,0.5314520597457886,0.5300334095954895,271.7402801513672,0.530742734670639
7075_22c_40_4_6_frame_35.jpeg,273.43060302734375,272.9572448730469,0.5340441465377808,0.5331196188926697,273.1939239501953,0.5335818827152252
7075_22c_40_4_6_frame_36.jpeg,273.5625,272.9188537597656,0.5343017578125,0.5330446362495422,273.2406768798828,0.5336731970310211
7075_22c_40_4_6_frame_37.jpeg,271.7947692871094,271.2137756347656,0.5308491587638855,0.5297144055366516,271.5042724609375,0.5302817821502686
7075_22c_40_4_6_frame_38.jpeg,274.3770446777344,274.0138854980469,0.5358926653862,0.5351833701133728,274.1954650878906,0.5355380177497864
7075_22c_40_4_6_frame_39.jpeg,272.7687072753906,272.0452575683594,0.5327513813972473,0.5313383936882019,272.406982421875,0.5320448875427246
7075_22c_40_4_6_frame_4.jpeg,272.82867431640625,272.1648254394531,0.532868504524231,0.5315719246864319,272.4967498779297,0.5322202146053314
7075_22c_40_4_6_frame_40.jpeg,272.1180725097656,271.5635681152344,0.531480610370636,0.5303975939750671,271.8408203125,0.5309391021728516
7075_22c_40_4_6_frame_41.jpeg,273.94305419921875,273.3013610839844,0.5350450277328491,0.533791720867157,273.62220764160156,0.534418374300003
7075_22c_40_4_6_frame_42.jpeg,273.36407470703125,273.0031433105469,0.5339142084121704,0.5332092642784119,273.18360900878906,0.5335617363452911
7075_22c_40_4_6_frame_43.jpeg,272.7642517089844,272.1656494140625,0.5327426791191101,0.5315735340118408,272.46495056152344,0.5321581065654755
7075_22c_40_4_6_frame_44.jpeg,272.5283508300781,271.9027099609375,0.5322819352149963,0.531059980392456,272.2155303955078,0.5316709578037262
7075_22c_40_4_6_frame_45.jpeg,273.5183410644531,273.07427978515625,0.53421550989151,0.5333482027053833,273.2963104248047,0.5337818562984467
7075_22c_40_4_6_frame_46.jpeg,273.5533447265625,272.95355224609375,0.5342838764190674,0.5331124067306519,273.2534484863281,0.5336981415748596
7075_22c_40_4_6_frame_47.jpeg,271.95361328125,271.3542785644531,0.5311594009399414,0.5299888253211975,271.65394592285156,0.5305741131305695
7075_22c_40_4_6_frame_48.jpeg,274.4130554199219,274.0695495605469,0.5359629988670349,0.5352920889854431,274.2413024902344,0.535627543926239
7075_22c_40_4_6_frame_49.jpeg,273.09405517578125,272.4011535644531,0.5333868265151978,0.5320335030555725,272.7476043701172,0.5327101647853851
7075_22c_40_4_6_frame_5.jpeg,273.5994873046875,273.1748352050781,0.5343739986419678,0.5335446000099182,273.3871612548828,0.533959299325943
7075_22c_40_4_6_frame_50.jpeg,272.34930419921875,271.8399353027344,0.5319322347640991,0.5309373736381531,272.09461975097656,0.5314348042011261
7075_22c_40_4_6_frame_6.jpeg,274.0024108886719,273.32464599609375,0.5351609587669373,0.5338371992111206,273.6635284423828,0.5344990789890289
7075_22c_40_4_6_frame_7.jpeg,272.007080078125,271.2490539550781,0.5312638282775879,0.529783308506012,271.62806701660156,0.5305235683917999
7075_22c_40_4_6_frame_8.jpeg,273.9381408691406,273.5206604003906,0.5350354313850403,0.5342200398445129,273.7294006347656,0.5346277356147766
7075_22c_40_4_6_frame_9.jpeg,272.4235534667969,271.6039733886719,0.5320772528648376,0.5304765105247498,272.0137634277344,0.5312768816947937
7075_22c_40_4_7_frame_1.jpeg,282.22479248046875,281.94549560546875,0.5512202978134155,0.5506747961044312,282.08514404296875,0.5509475469589233
7075_22c_40_4_7_frame_10.jpeg,281.83099365234375,281.4142150878906,0.5504511594772339,0.5496371388435364,281.6226043701172,0.5500441491603851
7075_22c_40_4_7_frame_11.jpeg,282.4317321777344,282.2076416015625,0.5516244769096375,0.5511868000030518,282.31968688964844,0.5514056384563446
7075_22c_40_4_7_frame_12.jpeg,285.12322998046875,285.2044372558594,0.556881308555603,0.5570399165153503,285.16383361816406,0.5569606125354767
7075_22c_40_4_7_frame_13.jpeg,282.79522705078125,282.5470886230469,0.5523344278335571,0.5518497824668884,282.67115783691406,0.5520921051502228
7075_22c_40_4_7_frame_14.jpeg,281.6069641113281,281.4403076171875,0.5500136017799377,0.5496881008148193,281.5236358642578,0.5498508512973785
7075_22c_40_4_7_frame_15.jpeg,284.59930419921875,284.5025329589844,0.5558580160140991,0.5556690096855164,284.55091857910156,0.5557635128498077
7075_22c_40_4_7_frame_16.jpeg,284.6509094238281,284.5976867675781,0.5559588074684143,0.555854856967926,284.6242980957031,0.5559068322181702
7075_22c_40_4_7_frame_17.jpeg,281.1482849121094,281.0718078613281,0.5491177439689636,0.5489683747291565,281.11004638671875,0.5490430593490601
7075_22c_40_4_7_frame_18.jpeg,283.5662536621094,283.29376220703125,0.5538403391838074,0.5533081293106079,283.4300079345703,0.5535742342472076
7075_22c_40_4_7_frame_19.jpeg,285.4322204589844,285.51715087890625,0.5574848055839539,0.5576506853103638,285.4746856689453,0.5575677454471588
7075_22c_40_4_7_frame_2.jpeg,285.1679382324219,285.2744140625,0.556968629360199,0.5571765899658203,285.22117614746094,0.5570726096630096
7075_22c_40_4_7_frame_20.jpeg,281.0841064453125,280.77178955078125,0.548992395401001,0.5483824014663696,280.9279479980469,0.5486873984336853
7075_22c_40_4_7_frame_21.jpeg,281.2817687988281,281.0413818359375,0.5493784546852112,0.5489089488983154,281.1615753173828,0.5491437017917633
7075_22c_40_4_7_frame_22.jpeg,285.2209167480469,285.33642578125,0.557072103023529,0.5572977066040039,285.27867126464844,0.5571849048137665
7075_22c_40_4_7_frame_23.jpeg,283.2080078125,283.0838317871094,0.5531406402587891,0.552898108959198,283.1459197998047,0.5530193746089935
7075_22c_40_4_7_frame_24.jpeg,281.58453369140625,281.7108154296875,0.5499697923660278,0.5502164363861084,281.6476745605469,0.5500931143760681
7075_22c_40_4_7_frame_25.jpeg,284.85791015625,284.82501220703125,0.5563631057739258,0.5562988519668579,284.8414611816406,0.5563309788703918
7075_22c_40_4_7_frame_26.jpeg,284.7424011230469,284.71966552734375,0.5561375021934509,0.5560930967330933,284.7310333251953,0.5561152994632721
7075_22c_40_4_7_frame_27.jpeg,281.0401916503906,281.06689453125,0.5489066243171692,0.5489587783813477,281.0535430908203,0.5489327013492584
7075_22c_40_4_7_frame_28.jpeg,283.09368896484375,282.94696044921875,0.5529173612594604,0.5526307821273804,283.02032470703125,0.5527740716934204
7075_22c_40_4_7_frame_29.jpeg,285.6136779785156,285.7583923339844,0.5578392148017883,0.5581218600273132,285.68603515625,0.5579805374145508
7075_22c_40_4_7_frame_3.jpeg,282.8501281738281,282.5854797363281,0.5524416565895081,0.5519247651100159,282.7178039550781,0.552183210849762
7075_22c_40_4_7_frame_30.jpeg,280.78021240234375,280.5035095214844,0.5483988523483276,0.5478584170341492,280.64186096191406,0.5481286346912384
7075_22c_40_4_7_frame_31.jpeg,281.17431640625,281.0672607421875,0.549168586730957,0.548959493637085,281.12078857421875,0.549064040184021
7075_22c_40_4_7_frame_32.jpeg,285.5978088378906,285.73529052734375,0.5578082203865051,0.5580767393112183,285.6665496826172,0.5579424798488617
7075_22c_40_4_7_frame_33.jpeg,283.16925048828125,283.0307922363281,0.5530649423599243,0.5527945160865784,283.1000213623047,0.5529297292232513
7075_22c_40_4_7_frame_34.jpeg,281.4632263183594,281.5896911621094,0.5497328639030457,0.5499798655509949,281.5264587402344,0.5498563647270203
7075_22c_40_4_7_frame_35.jpeg,284.8780212402344,284.8651428222656,0.5564023852348328,0.5563772320747375,284.87158203125,0.5563898086547852
7075_22c_40_4_7_frame_36.jpeg,284.63873291015625,284.6402893066406,0.5559350252151489,0.5559380650520325,284.63951110839844,0.5559365451335907
7075_22c_40_4_7_frame_37.jpeg,281.16162109375,281.2531433105469,0.5491437911987305,0.5493225455284119,281.20738220214844,0.5492331683635712
7075_22c_40_4_7_frame_38.jpeg,283.4820861816406,283.2721252441406,0.5536759495735168,0.5532658696174622,283.3771057128906,0.5534709095954895
7075_22c_40_4_7_frame_39.jpeg,285.67547607421875,285.87628173828125,0.5579599142074585,0.5583521127700806,285.77587890625,0.5581560134887695
7075_22c_40_4_7_frame_4.jpeg,281.92584228515625,281.782470703125,0.5506364107131958,0.550356388092041,281.8541564941406,0.5504963994026184
7075_22c_40_4_7_frame_40.jpeg,281.1863708496094,280.9810791015625,0.5491921305656433,0.5487911701202393,281.08372497558594,0.5489916503429413
7075_22c_40_4_7_frame_41.jpeg,281.40338134765625,281.2889709472656,0.5496159791946411,0.5493925213813782,281.34617614746094,0.5495042502880096
7075_22c_40_4_7_frame_42.jpeg,285.97607421875,286.26934814453125,0.5585470199584961,0.5591198205947876,286.1227111816406,0.5588334202766418
7075_22c_40_4_7_frame_43.jpeg,283.3299560546875,283.18841552734375,0.5533788204193115,0.5531023740768433,283.2591857910156,0.5532405972480774
7075_22c_40_4_7_frame_44.jpeg,281.6497497558594,281.8983459472656,0.5500971674919128,0.5505827069282532,281.7740478515625,0.550339937210083
7075_22c_40_4_7_frame_45.jpeg,284.98321533203125,285.0117492675781,0.5566078424453735,0.5566635727882385,284.9974822998047,0.556635707616806
7075_22c_40_4_7_frame_46.jpeg,285.1922912597656,285.2975158691406,0.5570161938667297,0.5572217106819153,285.2449035644531,0.5571189522743225
7075_22c_40_4_7_frame_47.jpeg,281.5927734375,281.7889404296875,0.5499858856201172,0.5503690242767334,281.69085693359375,0.5501774549484253
7075_22c_40_4_7_frame_48.jpeg,283.73834228515625,283.54290771484375,0.5541764497756958,0.5537947416305542,283.640625,0.553985595703125
7075_22c_40_4_7_frame_49.jpeg,285.82330322265625,286.0516662597656,0.5582486391067505,0.5586946606636047,285.93748474121094,0.5584716498851776
7075_22c_40_4_7_frame_5.jpeg,284.6537170410156,284.57342529296875,0.5559642910957336,0.5558074712753296,284.6135711669922,0.5558858811855316
7075_22c_40_4_7_frame_50.jpeg,281.0458068847656,280.82794189453125,0.5489175915718079,0.5484920740127563,280.93687438964844,0.5487048327922821
7075_22c_40_4_7_frame_6.jpeg,284.44915771484375,284.3243103027344,0.5555647611618042,0.5553209185600281,284.38673400878906,0.5554428398609161
7075_22c_40_4_7_frame_7.jpeg,280.97247314453125,280.66534423828125,0.5487743616104126,0.5481745004653931,280.81890869140625,0.5484744310379028
7075_22c_40_4_7_frame_8.jpeg,283.19879150390625,282.9009704589844,0.5531226396560669,0.5525409579277039,283.0498809814453,0.5528317987918854
7075_22c_40_4_7_frame_9.jpeg,285.2634582519531,285.3667907714844,0.557155191898346,0.5573570132255554,285.31512451171875,0.5572561025619507
7075_22c_40_4_8_frame_1.jpeg,287.07867431640625,285.5458679199219,0.560700535774231,0.5577067732810974,286.31227111816406,0.5592036545276642
7075_22c_40_4_8_frame_10.jpeg,287.04815673828125,284.4309387207031,0.5606409311294556,0.5555291771888733,285.7395477294922,0.5580850541591644
7075_22c_40_4_8_frame_11.jpeg,289.1084899902344,286.74884033203125,0.5646650195121765,0.5600563287734985,287.9286651611328,0.5623606741428375
7075_22c_40_4_8_frame_12.jpeg,287.3836975097656,284.71661376953125,0.561296284198761,0.5560871362686157,286.05015563964844,0.5586917102336884
7075_22c_40_4_8_frame_13.jpeg,288.2136535644531,285.5740051269531,0.5629172921180725,0.5577617287635803,286.8938293457031,0.5603395104408264
7075_22c_40_4_8_frame_14.jpeg,289.56890869140625,287.1824645996094,0.5655642747879028,0.5609032511711121,288.3756866455078,0.5632337629795074
7075_22c_40_4_8_frame_15.jpeg,287.74884033203125,285.2432861328125,0.5620094537734985,0.5571157932281494,286.4960632324219,0.559562623500824
7075_22c_40_4_8_frame_16.jpeg,288.539794921875,285.8633728027344,0.5635542869567871,0.5583269000053406,287.2015838623047,0.5609405934810638
7075_22c_40_4_8_frame_17.jpeg,287.4261474609375,284.7991638183594,0.5613791942596436,0.5562483668327332,286.11265563964844,0.5588137805461884
7075_22c_40_4_8_frame_18.jpeg,288.6103820800781,286.17742919921875,0.5636921525001526,0.5589402914047241,287.39390563964844,0.5613162219524384
7075_22c_40_4_8_frame_19.jpeg,289.1726379394531,286.68975830078125,0.5647903084754944,0.5599409341812134,287.9311981201172,0.5623656213283539
7075_22c_40_4_8_frame_2.jpeg,285.59674072265625,284.009765625,0.557806134223938,0.5547065734863281,284.8032531738281,0.5562563538551331
7075_22c_40_4_8_frame_20.jpeg,287.427001953125,284.7910461425781,0.5613808631896973,0.5562325119972229,286.10902404785156,0.5588066875934601
7075_22c_40_4_8_frame_21.jpeg,289.219482421875,286.8422546386719,0.5648818016052246,0.560238778591156,288.03086853027344,0.5625602900981903
7075_22c_40_4_8_frame_22.jpeg,287.18206787109375,284.5160827636719,0.56090247631073,0.5556954741477966,285.8490753173828,0.5582989752292633
7075_22c_40_4_8_frame_23.jpeg,288.1277160644531,285.41485595703125,0.562749445438385,0.5574508905410767,286.7712860107422,0.5601001679897308
7075_22c_40_4_8_frame_24.jpeg,289.4308166503906,287.0517578125,0.5652945637702942,0.5606479644775391,288.2412872314453,0.5629712641239166
7075_22c_40_4_8_frame_25.jpeg,287.47650146484375,285.01812744140625,0.561477541923523,0.5566760301589966,286.247314453125,0.5590767860412598
7075_22c_40_4_8_frame_26.jpeg,288.4134216308594,285.7477722167969,0.5633074641227722,0.5581011176109314,287.0805969238281,0.5607042908668518
7075_22c_40_4_8_frame_27.jpeg,286.9832458496094,284.28094482421875,0.5605141520500183,0.5552362203598022,285.63209533691406,0.5578751862049103
7075_22c_40_4_8_frame_28.jpeg,288.5000915527344,286.0918884277344,0.5634767413139343,0.5587732195854187,287.2959899902344,0.5611249804496765
7075_22c_40_4_8_frame_29.jpeg,288.97857666015625,286.44500732421875,0.5644112825393677,0.5594629049301147,287.7117919921875,0.5619370937347412
7075_22c_40_4_8_frame_3.jpeg,286.3809814453125,284.89532470703125,0.559337854385376,0.5564361810684204,285.6381530761719,0.5578870177268982
7075_22c_40_4_8_frame_30.jpeg,287.38421630859375,284.6669006347656,0.5612972974777222,0.5559900403022766,286.0255584716797,0.5586436688899994
7075_22c_40_4_8_frame_31.jpeg,288.96875,286.62066650390625,0.56439208984375,0.5598059892654419,287.7947082519531,0.562099039554596
7075_22c_40_4_8_frame_32.jpeg,287.04498291015625,284.386474609375,0.5606347322463989,0.5554423332214355,285.7157287597656,0.5580385327339172
7075_22c_40_4_8_frame_33.jpeg,288.0238037109375,285.3236389160156,0.5625464916229248,0.557272732257843,286.67372131347656,0.5599096119403839
7075_22c_40_4_8_frame_34.jpeg,289.4783935546875,287.1098327636719,0.565387487411499,0.5607613921165466,288.2941131591797,0.5630744397640228
7075_22c_40_4_8_frame_35.jpeg,287.7680969238281,285.3350830078125,0.5620470643043518,0.5572950839996338,286.5515899658203,0.5596710741519928
7075_22c_40_4_8_frame_36.jpeg,288.5654296875,285.9239196777344,0.5636043548583984,0.558445155620575,287.2446746826172,0.5610247552394867
7075_22c_40_4_8_frame_37.jpeg,287.4407958984375,284.81072998046875,0.5614078044891357,0.556270956993103,286.1257629394531,0.5588393807411194
7075_22c_40_4_8_frame_38.jpeg,288.6423645019531,286.2637939453125,0.5637546181678772,0.5591089725494385,287.4530792236328,0.5614317953586578
7075_22c_40_4_8_frame_39.jpeg,289.1288757324219,286.6598815917969,0.5647048354148865,0.5598825812339783,287.8943786621094,0.5622937083244324
7075_22c_40_4_8_frame_4.jpeg,287.65325927734375,286.2900085449219,0.561822772026062,0.5591601729393005,286.9716339111328,0.5604914724826813
7075_22c_40_4_8_frame_40.jpeg,287.4572448730469,284.855712890625,0.5614399313926697,0.556358814239502,286.15647888183594,0.5588993728160858
7075_22c_40_4_8_frame_41.jpeg,289.064697265625,286.780029296875,0.5645794868469238,0.560117244720459,287.92236328125,0.5623483657836914
7075_22c_40_4_8_frame_42.jpeg,287.1253356933594,284.4884948730469,0.5607916712760925,0.5556415915489197,285.8069152832031,0.5582166314125061
7075_22c_40_4_8_frame_43.jpeg,288.0415954589844,285.3715515136719,0.5625812411308289,0.5573663115501404,286.7065734863281,0.5599737763404846
7075_22c_40_4_8_frame_44.jpeg,289.4850769042969,287.1596374511719,0.5654005408287048,0.5608586668968201,288.3223571777344,0.5631296038627625
7075_22c_40_4_8_frame_45.jpeg,287.5595703125,285.16119384765625,0.5616397857666016,0.5569554567337036,286.3603820800781,0.5592976212501526
7075_22c_40_4_8_frame_46.jpeg,288.331298828125,285.6962585449219,0.5631470680236816,0.5580005049705505,287.01377868652344,0.5605737864971161
7075_22c_40_4_8_frame_47.jpeg,287.1078186035156,284.5189514160156,0.5607574582099915,0.5557010769844055,285.8133850097656,0.5582292675971985
7075_22c_40_4_8_frame_48.jpeg,288.3673095703125,286.0322265625,0.5632174015045166,0.5586566925048828,287.19976806640625,0.5609370470046997
7075_22c_40_4_8_frame_49.jpeg,288.92169189453125,286.5014343261719,0.5643001794815063,0.5595731139183044,287.71156311035156,0.5619366466999054
7075_22c_40_4_8_frame_5.jpeg,287.50885009765625,285.0291442871094,0.5615407228469849,0.5566975474357605,286.2689971923828,0.5591191351413727
7075_22c_40_4_8_frame_50.jpeg,287.24432373046875,284.66741943359375,0.5610240697860718,0.5559910535812378,285.95587158203125,0.5585075616836548
7075_22c_40_4_8_frame_6.jpeg,288.34002685546875,285.72509765625,0.5631641149520874,0.5580568313598633,287.0325622558594,0.5606104731559753
7075_22c_40_4_8_frame_7.jpeg,287.2096252441406,284.54998779296875,0.5609562993049622,0.5557616949081421,285.8798065185547,0.5583589971065521
7075_22c_40_4_8_frame_8.jpeg,288.2868957519531,285.79217529296875,0.5630603432655334,0.5581878423690796,287.03953552246094,0.5606240928173065
7075_22c_40_4_8_frame_9.jpeg,288.67791748046875,286.2113952636719,0.5638240575790405,0.5590066313743591,287.4446563720703,0.5614153444766998
7075_22c_40_4_9_frame_1.jpeg,290.8659362792969,288.66888427734375,0.5680975317955017,0.563806414604187,289.7674102783203,0.5659519731998444
7075_22c_40_4_9_frame_10.jpeg,290.7679138183594,288.76654052734375,0.5679060816764832,0.5639971494674683,289.76722717285156,0.5659516155719757
7075_22c_40_4_9_frame_11.jpeg,291.00384521484375,289.0574951171875,0.5683668851852417,0.5645654201507568,290.0306701660156,0.5664661526679993
7075_22c_40_4_9_frame_12.jpeg,291.8753967285156,290.2051696777344,0.5700691342353821,0.566806972026825,291.040283203125,0.5684380531311035
7075_22c_40_4_9_frame_13.jpeg,289.6845397949219,287.628662109375,0.5657901167869568,0.561774730682373,288.65660095214844,0.5637824237346649
7075_22c_40_4_9_frame_14.jpeg,290.783935546875,288.87591552734375,0.5679373741149902,0.5642107725143433,289.8299255371094,0.5660740733146667
7075_22c_40_4_9_frame_15.jpeg,291.75299072265625,290.1852722167969,0.569830060005188,0.5667681097984314,290.96913146972656,0.5682990849018097
7075_22c_40_4_9_frame_16.jpeg,290.2423095703125,288.2850341796875,0.5668795108795166,0.5630567073822021,289.263671875,0.5649681091308594
7075_22c_40_4_9_frame_17.jpeg,291.0450439453125,289.17974853515625,0.5684473514556885,0.564804196357727,290.1123962402344,0.5666257739067078
7075_22c_40_4_9_frame_18.jpeg,291.15728759765625,289.40087890625,0.5686665773391724,0.5652360916137695,290.2790832519531,0.566951334476471
7075_22c_40_4_9_frame_19.jpeg,291.36474609375,289.590087890625,0.5690717697143555,0.565605640411377,290.4774169921875,0.5673387050628662
7075_22c_40_4_9_frame_2.jpeg,291.857421875,289.93408203125,0.5700340270996094,0.5662775039672852,290.895751953125,0.5681557655334473
7075_22c_40_4_9_frame_20.jpeg,291.0790710449219,289.160400390625,0.568513810634613,0.5647664070129395,290.11973571777344,0.5666401088237762
7075_22c_40_4_9_frame_21.jpeg,291.2237243652344,289.4444274902344,0.5687963366508484,0.565321147441864,290.3340759277344,0.5670587420463562
7075_22c_40_4_9_frame_22.jpeg,292.20220947265625,290.7541809082031,0.5707074403762817,0.5678792595863342,291.4781951904297,0.569293349981308
7075_22c_40_4_9_frame_23.jpeg,290.412841796875,288.514892578125,0.5672125816345215,0.5635056495666504,289.4638671875,0.5653591156005859
7075_22c_40_4_9_frame_24.jpeg,290.8392333984375,288.9545593261719,0.5680453777313232,0.5643643736839294,289.8968963623047,0.5662048757076263
7075_22c_40_4_9_frame_25.jpeg,292.18231201171875,290.8525695800781,0.5706685781478882,0.5680714249610901,291.51744079589844,0.5693700015544891
7075_22c_40_4_9_frame_26.jpeg,290.8279724121094,288.9826965332031,0.5680233836174011,0.5644193291664124,289.90533447265625,0.5662213563919067
7075_22c_40_4_9_frame_27.jpeg,291.5489196777344,289.75982666015625,0.569431483745575,0.5659371614456177,290.6543731689453,0.5676843225955963
7075_22c_40_4_9_frame_28.jpeg,291.4143981933594,289.8341369628906,0.569168746471405,0.5660822987556458,290.624267578125,0.5676255226135254
7075_22c_40_4_9_frame_29.jpeg,291.766357421875,290.16534423828125,0.5698561668395996,0.5667291879653931,290.9658508300781,0.5682926774024963
7075_22c_40_4_9_frame_3.jpeg,289.66595458984375,287.3742370605469,0.5657538175582886,0.5612778067588806,288.5200958251953,0.5635158121585846
7075_22c_40_4_9_frame_30.jpeg,291.6054382324219,289.7428283691406,0.569541871547699,0.5659039616584778,290.67413330078125,0.5677229166030884
7075_22c_40_4_9_frame_31.jpeg,291.4673767089844,289.75909423828125,0.5692722201347351,0.5659357309341431,290.6132354736328,0.5676039755344391
7075_22c_40_4_9_frame_32.jpeg,292.39141845703125,291.08984375,0.5710769891738892,0.5685348510742188,291.7406311035156,0.569805920124054
7075_22c_40_4_9_frame_33.jpeg,290.6095275878906,288.78070068359375,0.5675967335700989,0.564024806022644,289.6951141357422,0.5658107697963715
7075_22c_40_4_9_frame_34.jpeg,290.8828430175781,289.0536193847656,0.5681305527687073,0.5645578503608704,289.9682312011719,0.5663442015647888
7075_22c_40_4_9_frame_35.jpeg,292.1236877441406,290.8423156738281,0.5705540776252747,0.5680513978004456,291.4830017089844,0.5693027377128601
7075_22c_40_4_9_frame_36.jpeg,290.9654541015625,289.2362365722656,0.5682919025421143,0.5649145245552063,290.10084533691406,0.5666032135486603
7075_22c_40_4_9_frame_37.jpeg,291.76910400390625,290.0991516113281,0.5698615312576294,0.5665999054908752,290.9341278076172,0.5682307183742523
7075_22c_40_4_9_frame_38.jpeg,291.43658447265625,289.92071533203125,0.5692120790481567,0.5662513971328735,290.67864990234375,0.5677317380905151
7075_22c_40_4_9_frame_39.jpeg,291.8499450683594,290.36810302734375,0.5700194239616394,0.5671252012252808,291.10902404785156,0.5685723125934601
7075_22c_40_4_9_frame_4.jpeg,290.80584716796875,288.6986999511719,0.567980170249939,0.5638646483421326,289.7522735595703,0.5659224092960358
7075_22c_40_4_9_frame_40.jpeg,291.7482604980469,289.9723815917969,0.5698208212852478,0.5663523077964783,290.8603210449219,0.568086564540863
7075_22c_40_4_9_frame_41.jpeg,291.55908203125,289.986572265625,0.5694513320922852,0.5663800239562988,290.7728271484375,0.567915678024292
7075_22c_40_4_9_frame_42.jpeg,292.40008544921875,291.20526123046875,0.5710939168930054,0.5687602758407593,291.80267333984375,0.5699270963668823
7075_22c_40_4_9_frame_43.jpeg,290.7412414550781,289.0611267089844,0.5678539872169495,0.5645725131034851,289.90118408203125,0.5662132501602173
7075_22c_40_4_9_frame_44.jpeg,291.14990234375,289.45599365234375,0.5686521530151367,0.5653437376022339,290.3029479980469,0.5669979453086853
7075_22c_40_4_9_frame_45.jpeg,292.3383483886719,291.179443359375,0.5709733366966248,0.5687098503112793,291.75889587402344,0.569841593503952
7075_22c_40_4_9_frame_46.jpeg,291.1735534667969,289.6400146484375,0.5686983466148376,0.5657031536102295,290.4067840576172,0.5672007501125336
7075_22c_40_4_9_frame_47.jpeg,292.00030517578125,290.5457763671875,0.5703130960464478,0.5674722194671631,291.2730407714844,0.5688926577568054
7075_22c_40_4_9_frame_48.jpeg,291.71392822265625,290.41546630859375,0.5697537660598755,0.5672177076339722,291.064697265625,0.5684857368469238
7075_22c_40_4_9_frame_49.jpeg,292.03875732421875,290.7699279785156,0.5703881978988647,0.5679100155830383,291.4043426513672,0.5691491067409515
7075_22c_40_4_9_frame_5.jpeg,291.69964599609375,289.8611145019531,0.5697258710861206,0.5661349892616272,290.78038024902344,0.5679304301738739
7075_22c_40_4_9_frame_50.jpeg,291.8660888671875,290.3282775878906,0.5700509548187256,0.5670474171638489,291.09718322753906,0.5685491859912872
7075_22c_40_4_9_frame_6.jpeg,290.50274658203125,288.4359130859375,0.5673881769180298,0.5633513927459717,289.4693298339844,0.5653697848320007
7075_22c_40_4_9_frame_7.jpeg,290.86602783203125,288.7886962890625,0.568097710609436,0.5640404224395752,289.8273620605469,0.5660690665245056
7075_22c_40_4_9_frame_8.jpeg,291.1060791015625,289.1448059082031,0.5685665607452393,0.5647359490394592,290.1254425048828,0.5666512548923492
7075_22c_40_4_9_frame_9.jpeg,291.1167907714844,289.1836853027344,0.5685874819755554,0.5648118853569031,290.1502380371094,0.5666996836662292
7075_22c_40_5_1_frame_1.jpeg,282.7938232421875,282.6124572753906,0.5523316860198975,0.5519774556159973,282.70314025878906,0.5521545708179474
7075_22c_40_5_1_frame_10.jpeg,283.1827697753906,283.3296813964844,0.5530913472175598,0.5533782839775085,283.2562255859375,0.5532348155975342
7075_22c_40_5_1_frame_11.jpeg,282.9637451171875,282.9168701171875,0.5526635646820068,0.5525720119476318,282.9403076171875,0.5526177883148193
7075_22c_40_5_1_frame_12.jpeg,282.69683837890625,282.74151611328125,0.5521422624588013,0.5522295236587524,282.71917724609375,0.5521858930587769
7075_22c_40_5_1_frame_13.jpeg,282.5269470214844,282.3805847167969,0.5518104434013367,0.5515245795249939,282.4537658691406,0.5516675114631653
7075_22c_40_5_1_frame_14.jpeg,283.6212158203125,284.1477966308594,0.5539476871490479,0.5549761652946472,283.88450622558594,0.5544619262218475
7075_22c_40_5_1_frame_15.jpeg,282.8589172363281,282.90771484375,0.5524588227272034,0.5525541305541992,282.88331604003906,0.5525064766407013
7075_22c_40_5_1_frame_16.jpeg,282.59820556640625,282.3601989746094,0.5519496202468872,0.5514847636222839,282.4792022705078,0.5517171919345856
7075_22c_40_5_1_frame_17.jpeg,283.9412536621094,284.5375061035156,0.5545727610588074,0.555737316608429,284.2393798828125,0.5551550388336182
7075_22c_40_5_1_frame_18.jpeg,283.09075927734375,282.9585266113281,0.552911639213562,0.5526533722877502,283.02464294433594,0.5527825057506561
7075_22c_40_5_1_frame_19.jpeg,283.1181640625,283.0732116699219,0.5529651641845703,0.5528773665428162,283.09568786621094,0.5529212653636932
7075_22c_40_5_1_frame_2.jpeg,282.6065368652344,282.60321044921875,0.5519658923149109,0.5519593954086304,282.60487365722656,0.5519626438617706
7075_22c_40_5_1_frame_20.jpeg,283.3297119140625,283.53131103515625,0.5533783435821533,0.5537720918655396,283.4305114746094,0.5535752177238464
7075_22c_40_5_1_frame_21.jpeg,282.8526611328125,282.8027038574219,0.5524466037750244,0.5523490309715271,282.8276824951172,0.5523978173732758
7075_22c_40_5_1_frame_22.jpeg,283.0669860839844,283.1416320800781,0.552865207195282,0.5530110001564026,283.10430908203125,0.5529381036758423
7075_22c_40_5_1_frame_23.jpeg,282.163818359375,281.6753234863281,0.5511012077331543,0.5501471161842346,281.91957092285156,0.5506241619586945
7075_22c_40_5_1_frame_24.jpeg,283.9779357910156,284.48883056640625,0.5546444058418274,0.5556422472000122,284.23338317871094,0.5551433265209198
7075_22c_40_5_1_frame_25.jpeg,282.5719299316406,282.4923095703125,0.5518983006477356,0.5517427921295166,282.53211975097656,0.5518205463886261
7075_22c_40_5_1_frame_26.jpeg,282.86834716796875,282.7630310058594,0.552477240562439,0.5522715449333191,282.81568908691406,0.552374392747879
7075_22c_40_5_1_frame_27.jpeg,284.37371826171875,285.22418212890625,0.5554174184799194,0.55707848072052,284.7989501953125,0.5562479496002197
7075_22c_40_5_1_frame_28.jpeg,283.05926513671875,283.0221862792969,0.5528501272201538,0.5527777075767517,283.0407257080078,0.5528139173984528
7075_22c_40_5_1_frame_29.jpeg,283.38690185546875,283.50006103515625,0.5534900426864624,0.5537110567092896,283.4434814453125,0.553600549697876
7075_22c_40_5_1_frame_3.jpeg,282.4969787597656,282.335205078125,0.5517519116401672,0.5514359474182129,282.4160919189453,0.5515939295291901
7075_22c_40_5_1_frame_30.jpeg,283.44732666015625,283.7103271484375,0.5536080598831177,0.554121732711792,283.5788269042969,0.5538648962974548
7075_22c_40_5_1_frame_31.jpeg,283.4986572265625,283.7907409667969,0.5537083148956299,0.5542787909507751,283.6446990966797,0.5539935529232025
7075_22c_40_5_1_frame_32.jpeg,283.11114501953125,283.2368469238281,0.552951455116272,0.5531969666481018,283.1739959716797,0.5530742108821869
7075_22c_40_5_1_frame_33.jpeg,282.2577209472656,281.87286376953125,0.5512846112251282,0.5505329370498657,282.06529235839844,0.550908774137497
7075_22c_40_5_1_frame_34.jpeg,283.806884765625,284.3509216308594,0.5543103218078613,0.5553728938102722,284.0789031982422,0.5548416078090668
7075_22c_40_5_1_frame_35.jpeg,282.6686706542969,282.6364440917969,0.5520872473716736,0.5520243048667908,282.6525573730469,0.5520557761192322
7075_22c_40_5_1_frame_36.jpeg,282.91162109375,282.8643798828125,0.5525617599487305,0.5524694919586182,282.88800048828125,0.5525156259536743
7075_22c_40_5_1_frame_37.jpeg,284.32965087890625,285.1515808105469,0.5553313493728638,0.5569366812705994,284.74061584472656,0.5561340153217316
7075_22c_40_5_1_frame_38.jpeg,283.06793212890625,282.9654235839844,0.55286705493927,0.5526668429374695,283.0166778564453,0.5527669489383698
7075_22c_40_5_1_frame_39.jpeg,283.2248229980469,283.2541809082031,0.5531734824180603,0.5532308220863342,283.239501953125,0.5532021522521973
7075_22c_40_5_1_frame_4.jpeg,283.6310119628906,284.0094299316406,0.5539668202400208,0.5547059178352356,283.8202209472656,0.5543363690376282
7075_22c_40_5_1_frame_40.jpeg,283.42816162109375,283.6741943359375,0.5535706281661987,0.5540511608123779,283.5511779785156,0.5538108944892883
7075_22c_40_5_1_frame_41.jpeg,283.37567138671875,283.6449890136719,0.5534681081771851,0.5539941191673279,283.5103302001953,0.5537311136722565
7075_22c_40_5_1_frame_42.jpeg,283.0635681152344,283.15771484375,0.5528585314750671,0.5530424118041992,283.1106414794922,0.5529504716396332
7075_22c_40_5_1_frame_43.jpeg,282.5751037597656,282.2140197753906,0.5519044995307922,0.5511992573738098,282.3945617675781,0.551551878452301
7075_22c_40_5_1_frame_44.jpeg,283.81488037109375,284.29876708984375,0.5543259382247925,0.5552710294723511,284.05682373046875,0.5547984838485718
7075_22c_40_5_1_frame_45.jpeg,282.6195068359375,282.5592956542969,0.5519912242889404,0.5518736243247986,282.5894012451172,0.5519324243068695
7075_22c_40_5_1_frame_46.jpeg,282.84600830078125,282.7135314941406,0.5524336099624634,0.5521748661994934,282.77976989746094,0.5523042380809784
7075_22c_40_5_1_frame_47.jpeg,284.06707763671875,284.8061828613281,0.5548185110092163,0.5562620759010315,284.43663024902344,0.5555402934551239
7075_22c_40_5_1_frame_48.jpeg,283.0503845214844,282.9132080078125,0.5528327822685242,0.5525648593902588,282.98179626464844,0.5526988208293915
7075_22c_40_5_1_frame_49.jpeg,283.17864990234375,283.1859130859375,0.5530833005905151,0.5530974864959717,283.1822814941406,0.5530903935432434
7075_22c_40_5_1_frame_5.jpeg,283.181396484375,283.4572448730469,0.5530886650085449,0.5536274313926697,283.31932067871094,0.5533580482006073
7075_22c_40_5_1_frame_50.jpeg,283.5242614746094,283.8201904296875,0.5537583231925964,0.5543363094329834,283.67222595214844,0.5540473163127899
7075_22c_40_5_1_frame_6.jpeg,282.4855041503906,282.2179870605469,0.5517295002937317,0.5512070059776306,282.35174560546875,0.5514682531356812
7075_22c_40_5_1_frame_7.jpeg,283.4627380371094,283.8049621582031,0.5536381602287292,0.5543065667152405,283.63385009765625,0.5539723634719849
7075_22c_40_5_1_frame_8.jpeg,283.1487121582031,283.0394287109375,0.5530248284339905,0.5528113842010498,283.0940704345703,0.5529181063175201
7075_22c_40_5_1_frame_9.jpeg,282.5877990722656,282.5325622558594,0.5519292950630188,0.5518214106559753,282.5601806640625,0.5518753528594971
7075_22c_40_5_2_frame_1.jpeg,281.1726989746094,280.83819580078125,0.5491654276847839,0.5485121011734009,281.0054473876953,0.5488387644290924
7075_22c_40_5_2_frame_10.jpeg,278.7976989746094,278.3060607910156,0.5445267558097839,0.5435665249824524,278.5518798828125,0.5440466403961182
7075_22c_40_5_2_frame_11.jpeg,281.1719055175781,280.82110595703125,0.5491638779640198,0.5484787225723267,280.9965057373047,0.5488213002681732
7075_22c_40_5_2_frame_12.jpeg,279.18994140625,278.7122497558594,0.545292854309082,0.5443598628044128,278.9510955810547,0.5448263585567474
7075_22c_40_5_2_frame_13.jpeg,277.76116943359375,277.2366027832031,0.5425022840499878,0.5414777398109436,277.49888610839844,0.5419900119304657
7075_22c_40_5_2_frame_14.jpeg,280.4569396972656,280.2562561035156,0.5477674603462219,0.547375500202179,280.3565979003906,0.5475714802742004
7075_22c_40_5_2_frame_15.jpeg,279.5802307128906,279.16229248046875,0.5460551381111145,0.5452388525009155,279.3712615966797,0.545646995306015
7075_22c_40_5_2_frame_16.jpeg,277.8238220214844,277.22308349609375,0.5426246523857117,0.5414513349533081,277.52345275878906,0.5420379936695099
7075_22c_40_5_2_frame_17.jpeg,279.27960205078125,278.738525390625,0.5454679727554321,0.5444111824035645,279.0090637207031,0.5449395775794983
7075_22c_40_5_2_frame_18.jpeg,281.0350036621094,280.7314758300781,0.5488964915275574,0.5483036637306213,280.88323974609375,0.5486000776290894
7075_22c_40_5_2_frame_19.jpeg,278.14801025390625,277.6270751953125,0.5432578325271606,0.5422403812408447,277.8875427246094,0.5427491068840027
7075_22c_40_5_2_frame_2.jpeg,279.0912170410156,278.5945739746094,0.5451000332832336,0.5441300272941589,278.8428955078125,0.5446150302886963
7075_22c_40_5_2_frame_20.jpeg,278.0215759277344,277.4936218261719,0.5430108904838562,0.5419797301292419,277.7575988769531,0.5424953103065491
7075_22c_40_5_2_frame_21.jpeg,281.1184387207031,280.824462890625,0.5490594506263733,0.548485279083252,280.97145080566406,0.5487723648548126
7075_22c_40_5_2_frame_22.jpeg,279.07366943359375,278.6283264160156,0.5450657606124878,0.5441959500312805,278.8509979248047,0.5446308553218842
7075_22c_40_5_2_frame_23.jpeg,277.4381103515625,276.9695739746094,0.5418713092803955,0.5409561991691589,277.20384216308594,0.5414137542247772
7075_22c_40_5_2_frame_24.jpeg,281.01226806640625,280.8230285644531,0.5488520860671997,0.5484824776649475,280.9176483154297,0.5486672818660736
7075_22c_40_5_2_frame_25.jpeg,279.6058654785156,279.2080993652344,0.5461052060127258,0.5453283190727234,279.406982421875,0.5457167625427246
7075_22c_40_5_2_frame_26.jpeg,277.8243713378906,277.38671875,0.5426257252693176,0.5417709350585938,277.6055450439453,0.5421983301639557
7075_22c_40_5_2_frame_27.jpeg,279.6811828613281,279.1557922363281,0.5462523102760315,0.5452261567115784,279.4184875488281,0.5457392334938049
7075_22c_40_5_2_frame_28.jpeg,280.9741516113281,280.63555908203125,0.5487776398658752,0.5481163263320923,280.8048553466797,0.5484469830989838
7075_22c_40_5_2_frame_29.jpeg,278.0938720703125,277.5657043457031,0.5431520938873291,0.5421205163002014,277.8297882080078,0.5426363050937653
7075_22c_40_5_2_frame_3.jpeg,277.8914489746094,277.3736877441406,0.5427567362785339,0.5417454838752747,277.632568359375,0.5422511100769043
7075_22c_40_5_2_frame_30.jpeg,277.89813232421875,277.3641662597656,0.5427697896957397,0.5417268872261047,277.6311492919922,0.5422483384609222
7075_22c_40_5_2_frame_31.jpeg,281.5917663574219,281.3161926269531,0.5499839186668396,0.5494456887245178,281.4539794921875,0.5497148036956787
7075_22c_40_5_2_frame_32.jpeg,279.2625427246094,278.82928466796875,0.5454346537590027,0.5445884466171265,279.04591369628906,0.5450115501880646
7075_22c_40_5_2_frame_33.jpeg,277.37408447265625,276.89404296875,0.5417462587356567,0.5408086776733398,277.1340637207031,0.5412774682044983
7075_22c_40_5_2_frame_34.jpeg,281.0862731933594,280.8939514160156,0.54899662733078,0.5486209988594055,280.9901123046875,0.5488088130950928
7075_22c_40_5_2_frame_35.jpeg,279.78485107421875,279.43743896484375,0.5464547872543335,0.5457762479782104,279.61114501953125,0.546115517616272
7075_22c_40_5_2_frame_36.jpeg,277.94268798828125,277.47314453125,0.5428568124771118,0.5419397354125977,277.7079162597656,0.5423982739448547
7075_22c_40_5_2_frame_37.jpeg,279.4912109375,278.954345703125,0.5458812713623047,0.544832706451416,279.2227783203125,0.5453569889068604
7075_22c_40_5_2_frame_38.jpeg,281.1651611328125,280.847412109375,0.5491507053375244,0.548530101776123,281.00628662109375,0.5488404035568237
7075_22c_40_5_2_frame_39.jpeg,278.0706481933594,277.5812072753906,0.543106734752655,0.5421507954597473,277.825927734375,0.5426287651062012
7075_22c_40_5_2_frame_4.jpeg,280.3678894042969,280.1358947753906,0.5475935339927673,0.5471404194831848,280.25189208984375,0.5473669767379761
7075_22c_40_5_2_frame_40.jpeg,277.95599365234375,277.4700927734375,0.5428828001022339,0.5419337749481201,277.7130432128906,0.542408287525177
7075_22c_40_5_2_frame_41.jpeg,281.3355712890625,281.0234375,0.5494835376739502,0.5488739013671875,281.17950439453125,0.5491787195205688
7075_22c_40_5_2_frame_42.jpeg,279.2124938964844,278.7686462402344,0.545336902141571,0.5444700121879578,278.9905700683594,0.5449034571647644
7075_22c_40_5_2_frame_43.jpeg,277.5856628417969,277.1476135253906,0.5421594977378845,0.5413039326667786,277.36663818359375,0.5417317152023315
7075_22c_40_5_2_frame_44.jpeg,281.52569580078125,281.3660888671875,0.5498548746109009,0.5495431423187256,281.4458923339844,0.5496990084648132
7075_22c_40_5_2_frame_45.jpeg,280.03485107421875,279.7945861816406,0.5469430685043335,0.5464738011360168,279.9147186279297,0.5467084348201752
7075_22c_40_5_2_frame_46.jpeg,277.8648681640625,277.4005432128906,0.5427048206329346,0.541797935962677,277.63270568847656,0.5422513782978058
7075_22c_40_5_2_frame_47.jpeg,279.510498046875,278.99359130859375,0.5459189414978027,0.5449093580245972,279.2520446777344,0.5454141497612
7075_22c_40_5_2_frame_48.jpeg,281.2752380371094,280.9754638671875,0.5493656992912292,0.5487802028656006,281.12535095214844,0.5490729510784149
7075_22c_40_5_2_frame_49.jpeg,278.1424255371094,277.6658630371094,0.5432469248771667,0.5423161387443542,277.9041442871094,0.5427815318107605
7075_22c_40_5_2_frame_5.jpeg,279.6401062011719,279.1736145019531,0.5461720824241638,0.5452609658241272,279.4068603515625,0.5457165241241455
7075_22c_40_5_2_frame_50.jpeg,278.0723571777344,277.6250915527344,0.5431100726127625,0.5422365069389343,277.8487243652344,0.5426732897758484
7075_22c_40_5_2_frame_6.jpeg,278.0122375488281,277.4528503417969,0.5429926514625549,0.541900098323822,277.7325439453125,0.5424463748931885
7075_22c_40_5_2_frame_7.jpeg,279.2521667480469,278.6865234375,0.545414388179779,0.5443096160888672,278.96934509277344,0.5448620021343231
7075_22c_40_5_2_frame_8.jpeg,280.5459289550781,280.1595764160156,0.547941267490387,0.5471866726875305,280.3527526855469,0.5475639700889587
7075_22c_40_5_2_frame_9.jpeg,278.5130920410156,277.997802734375,0.5439708828926086,0.5429644584655762,278.2554473876953,0.5434676706790924
7075_22c_40_5_3_frame_1.jpeg,282.8023376464844,283.457763671875,0.5523483157157898,0.5536284446716309,283.1300506591797,0.5529883801937103
7075_22c_40_5_3_frame_10.jpeg,282.15283203125,282.32470703125,0.5510797500610352,0.5514154434204102,282.23876953125,0.5512475967407227
7075_22c_40_5_3_frame_11.jpeg,283.0068664550781,283.6634826660156,0.5527477860450745,0.5540302395820618,283.3351745605469,0.5533890128135681
7075_22c_40_5_3_frame_12.jpeg,282.7229309082031,283.18328857421875,0.5521932244300842,0.553092360496521,282.95310974121094,0.5526427924633026
7075_22c_40_5_3_frame_13.jpeg,281.9606628417969,282.23291015625,0.5507044196128845,0.5512361526489258,282.09678649902344,0.5509702861309052
7075_22c_40_5_3_frame_14.jpeg,281.6222839355469,282.0421447753906,0.550043523311615,0.5508635640144348,281.83221435546875,0.5504535436630249
7075_22c_40_5_3_frame_15.jpeg,282.34271240234375,283.099365234375,0.5514506101608276,0.5529284477233887,282.7210388183594,0.5521895289421082
7075_22c_40_5_3_frame_16.jpeg,282.4895935058594,282.8496398925781,0.5517374873161316,0.5524407029151917,282.66961669921875,0.5520890951156616
7075_22c_40_5_3_frame_17.jpeg,282.04791259765625,282.2794494628906,0.5508748292922974,0.5513270497322083,282.16368103027344,0.5511009395122528
7075_22c_40_5_3_frame_18.jpeg,282.4311828613281,283.3431396484375,0.5516234040260315,0.5534045696258545,282.8871612548828,0.552513986825943
7075_22c_40_5_3_frame_19.jpeg,281.8757629394531,282.45452880859375,0.5505385994911194,0.5516690015792847,282.16514587402344,0.551103800535202
7075_22c_40_5_3_frame_2.jpeg,282.5780029296875,283.05255126953125,0.5519101619720459,0.5528370141983032,282.8152770996094,0.5523735880851746
7075_22c_40_5_3_frame_20.jpeg,281.9016418457031,282.0498352050781,0.5505891442298889,0.5508785843849182,281.9757385253906,0.5507338643074036
7075_22c_40_5_3_frame_21.jpeg,282.8480224609375,283.5708312988281,0.5524375438690186,0.5538492798805237,283.2094268798828,0.5531434118747711
7075_22c_40_5_3_frame_22.jpeg,282.6947021484375,283.2559509277344,0.552138090133667,0.5532342791557312,282.97532653808594,0.5526861846446991
7075_22c_40_5_3_frame_23.jpeg,281.89739990234375,282.1165466308594,0.5505808591842651,0.5510088801383972,282.00697326660156,0.5507948696613312
7075_22c_40_5_3_frame_24.jpeg,282.12127685546875,282.4822998046875,0.5510181188583374,0.5517232418060303,282.3017883300781,0.5513706803321838
7075_22c_40_5_3_frame_25.jpeg,283.0389404296875,284.013916015625,0.5528104305267334,0.5547146797180176,283.52642822265625,0.5537625551223755
7075_22c_40_5_3_frame_26.jpeg,282.6372375488281,282.9753723144531,0.5520258545875549,0.5526862740516663,282.8063049316406,0.5523560643196106
7075_22c_40_5_3_frame_27.jpeg,281.884033203125,281.99822998046875,0.5505547523498535,0.550777792930603,281.9411315917969,0.5506662726402283
7075_22c_40_5_3_frame_28.jpeg,282.9037170410156,283.9179992675781,0.5525463223457336,0.5545273423194885,283.4108581542969,0.5535368323326111
7075_22c_40_5_3_frame_29.jpeg,282.0162048339844,282.62652587890625,0.5508129000663757,0.5520049333572388,282.3213653564453,0.5514089167118073
7075_22c_40_5_3_frame_3.jpeg,281.9107666015625,282.1596984863281,0.5506069660186768,0.5510931611061096,282.0352325439453,0.5508500635623932
7075_22c_40_5_3_frame_30.jpeg,282.3376770019531,282.5429382324219,0.5514407753944397,0.551841676235199,282.4403076171875,0.5516412258148193
7075_22c_40_5_3_frame_31.jpeg,283.0457458496094,283.7765197753906,0.5528237223625183,0.5542510151863098,283.4111328125,0.5535373687744141
7075_22c_40_5_3_frame_32.jpeg,282.3124694824219,282.8591003417969,0.5513915419578552,0.552459180355072,282.5857849121094,0.5519253611564636
7075_22c_40_5_3_frame_33.jpeg,281.98797607421875,282.1768493652344,0.5507577657699585,0.5511266589164734,282.08241271972656,0.5509422123432159
7075_22c_40_5_3_frame_34.jpeg,282.1754150390625,282.57073974609375,0.551123857498169,0.5518959760665894,282.3730773925781,0.5515099167823792
7075_22c_40_5_3_frame_35.jpeg,283.09033203125,284.1286926269531,0.5529108047485352,0.5549388527870178,283.60951232910156,0.5539248287677765
7075_22c_40_5_3_frame_36.jpeg,282.7021179199219,283.0704040527344,0.5521525740623474,0.5528718829154968,282.8862609863281,0.5525122284889221
7075_22c_40_5_3_frame_37.jpeg,282.1254577636719,282.31182861328125,0.5510262846946716,0.5513902902603149,282.21864318847656,0.5512082874774933
7075_22c_40_5_3_frame_38.jpeg,283.197998046875,284.31500244140625,0.5531210899353027,0.5553027391433716,283.7565002441406,0.5542119145393372
7075_22c_40_5_3_frame_39.jpeg,282.61029052734375,283.3650817871094,0.5519732236862183,0.553447425365448,282.98768615722656,0.5527103245258331
7075_22c_40_5_3_frame_4.jpeg,281.6104431152344,282.0520324707031,0.5500203967094421,0.550882875919342,281.83123779296875,0.5504516363143921
7075_22c_40_5_3_frame_40.jpeg,282.0497131347656,282.24102783203125,0.5508783459663391,0.551252007484436,282.14537048339844,0.5510651767253876
7075_22c_40_5_3_frame_41.jpeg,282.571533203125,283.30413818359375,0.5518975257873535,0.5533283948898315,282.9378356933594,0.5526129603385925
7075_22c_40_5_3_frame_42.jpeg,282.4780578613281,283.1117858886719,0.5517149567604065,0.5529527068138123,282.794921875,0.5523338317871094
7075_22c_40_5_3_frame_43.jpeg,282.1434326171875,282.4358215332031,0.5510613918304443,0.5516324639320374,282.2896270751953,0.5513469278812408
7075_22c_40_5_3_frame_44.jpeg,282.1781005859375,282.6584167480469,0.5511291027069092,0.552067220211029,282.4182586669922,0.5515981614589691
7075_22c_40_5_3_frame_45.jpeg,282.93548583984375,284.04150390625,0.5526083707809448,0.5547685623168945,283.4884948730469,0.5536884665489197
7075_22c_40_5_3_frame_46.jpeg,282.60211181640625,283.0093078613281,0.5519572496414185,0.5527525544166565,282.8057098388672,0.5523549020290375
7075_22c_40_5_3_frame_47.jpeg,282.13323974609375,282.3423767089844,0.5510414838790894,0.5514499545097351,282.23780822753906,0.5512457191944122
7075_22c_40_5_3_frame_48.jpeg,283.06549072265625,284.224853515625,0.552862286567688,0.5551266670227051,283.6451721191406,0.5539944767951965
7075_22c_40_5_3_frame_49.jpeg,282.72906494140625,283.5130920410156,0.5522052049636841,0.5537365078926086,283.12107849121094,0.5529708564281464
7075_22c_40_5_3_frame_5.jpeg,282.5513000488281,283.080322265625,0.5518580079078674,0.5528912544250488,282.81581115722656,0.5523746311664581
7075_22c_40_5_3_frame_50.jpeg,282.09149169921875,282.30487060546875,0.5509599447250366,0.5513767004013062,282.19818115234375,0.5511683225631714
7075_22c_40_5_3_frame_6.jpeg,282.2457275390625,282.6673889160156,0.5512611865997314,0.552084743976593,282.45655822753906,0.5516729652881622
7075_22c_40_5_3_frame_7.jpeg,282.3149719238281,282.4610900878906,0.5513964295387268,0.5516818165779114,282.3880310058594,0.5515391230583191
7075_22c_40_5_3_frame_8.jpeg,282.380859375,283.18927001953125,0.5515251159667969,0.553104043006897,282.7850646972656,0.5523145794868469
7075_22c_40_5_3_frame_9.jpeg,282.3775939941406,283.053466796875,0.5515187382698059,0.5528388023376465,282.7155303955078,0.5521787703037262
7075_22c_40_5_4_frame_1.jpeg,272.49456787109375,272.1791687011719,0.53221595287323,0.5315999388694763,272.3368682861328,0.5319079458713531
7075_22c_40_5_4_frame_10.jpeg,271.11968994140625,270.5992431640625,0.5295306444168091,0.5285141468048096,270.8594665527344,0.5290223956108093
7075_22c_40_5_4_frame_11.jpeg,272.5660705566406,272.2867431640625,0.5323556065559387,0.5318100452423096,272.42640686035156,0.5320828258991241
7075_22c_40_5_4_frame_12.jpeg,272.28948974609375,271.9473876953125,0.5318154096603394,0.5311472415924072,272.1184387207031,0.5314813256263733
7075_22c_40_5_4_frame_13.jpeg,271.04425048828125,270.51361083984375,0.5293833017349243,0.5283468961715698,270.7789306640625,0.5288650989532471
7075_22c_40_5_4_frame_14.jpeg,271.7392578125,271.2550048828125,0.5307407379150391,0.5297949314117432,271.49713134765625,0.5302678346633911
7075_22c_40_5_4_frame_15.jpeg,272.9400329589844,272.5985412597656,0.5330860018730164,0.5324190258979797,272.769287109375,0.532752513885498
7075_22c_40_5_4_frame_16.jpeg,271.76025390625,271.2616271972656,0.5307817459106445,0.5298078656196594,271.5109405517578,0.530294805765152
7075_22c_40_5_4_frame_17.jpeg,271.171142578125,270.6975402832031,0.5296311378479004,0.5287061333656311,270.93434143066406,0.5291686356067657
7075_22c_40_5_4_frame_18.jpeg,273.060791015625,272.7289123535156,0.5333218574523926,0.5326736569404602,272.8948516845703,0.5329977571964264
7075_22c_40_5_4_frame_19.jpeg,272.006591796875,271.5165710449219,0.5312628746032715,0.530305802822113,271.76158142089844,0.5307843387126923
7075_22c_40_5_4_frame_2.jpeg,272.342529296875,272.0335388183594,0.531919002532959,0.5313155055046082,272.1880340576172,0.5316172540187836
7075_22c_40_5_4_frame_20.jpeg,270.2732238769531,269.4947509765625,0.5278773903846741,0.5263569355010986,269.8839874267578,0.5271171629428864
7075_22c_40_5_4_frame_21.jpeg,272.6854553222656,272.4615173339844,0.5325887799263,0.5321514010429382,272.573486328125,0.5323700904846191
7075_22c_40_5_4_frame_22.jpeg,272.5892639160156,272.3839416503906,0.532400906085968,0.5319998860359192,272.4866027832031,0.5322003960609436
7075_22c_40_5_4_frame_23.jpeg,270.5426940917969,269.81512451171875,0.5284036993980408,0.5269826650619507,270.1789093017578,0.5276931822299957
7075_22c_40_5_4_frame_24.jpeg,271.7032775878906,271.25689697265625,0.5306704640388489,0.5297986268997192,271.48008728027344,0.5302345454692841
7075_22c_40_5_4_frame_25.jpeg,273.2742614746094,273.0223693847656,0.5337387919425964,0.5332468152046204,273.1483154296875,0.5334928035736084
7075_22c_40_5_4_frame_26.jpeg,271.64044189453125,271.22100830078125,0.5305477380752563,0.5297285318374634,271.43072509765625,0.5301381349563599
7075_22c_40_5_4_frame_27.jpeg,270.6206970214844,270.010009765625,0.5285560488700867,0.5273633003234863,270.3153533935547,0.5279596745967865
7075_22c_40_5_4_frame_28.jpeg,273.5907897949219,273.3893127441406,0.5343570113182068,0.5339635014533997,273.49005126953125,0.5341602563858032
7075_22c_40_5_4_frame_29.jpeg,272.0660400390625,271.5767822265625,0.531378984451294,0.5304234027862549,271.8214111328125,0.5309011936187744
7075_22c_40_5_4_frame_3.jpeg,271.1156311035156,270.5856018066406,0.529522716999054,0.528487503528595,270.8506164550781,0.5290051102638245
7075_22c_40_5_4_frame_30.jpeg,270.2525634765625,269.5220642089844,0.5278370380401611,0.5264102816581726,269.88731384277344,0.5271236598491669
7075_22c_40_5_4_frame_31.jpeg,272.8888854980469,272.7290344238281,0.5329861044883728,0.5326738953590393,272.8089599609375,0.532829999923706
7075_22c_40_5_4_frame_32.jpeg,272.5413818359375,272.2847595214844,0.5323073863983154,0.5318061709403992,272.41307067871094,0.5320567786693573
7075_22c_40_5_4_frame_33.jpeg,270.59063720703125,269.8819274902344,0.5284973382949829,0.527113139629364,270.2362823486328,0.5278052389621735
7075_22c_40_5_4_frame_34.jpeg,271.8221130371094,271.4220886230469,0.5309025645256042,0.5301212668418884,271.6221008300781,0.5305119156837463
7075_22c_40_5_4_frame_35.jpeg,273.1476745605469,272.879150390625,0.5334915518760681,0.5329670906066895,273.01341247558594,0.5332293212413788
7075_22c_40_5_4_frame_36.jpeg,271.67364501953125,271.28369140625,0.530612587928772,0.529850959777832,271.4786682128906,0.530231773853302
7075_22c_40_5_4_frame_37.jpeg,270.7955627441406,270.2646179199219,0.5288975834846497,0.5278605818748474,270.53009033203125,0.5283790826797485
7075_22c_40_5_4_frame_38.jpeg,273.5741882324219,273.3756408691406,0.534324586391449,0.5339367985725403,273.47491455078125,0.5341306924819946
7075_22c_40_5_4_frame_39.jpeg,272.1149597167969,271.691162109375,0.5314745306968689,0.530646800994873,271.90306091308594,0.531060665845871
7075_22c_40_5_4_frame_4.jpeg,271.7670593261719,271.2389831542969,0.5307950377464294,0.5297636389732361,271.5030212402344,0.5302793383598328
7075_22c_40_5_4_frame_40.jpeg,270.50543212890625,269.8115539550781,0.52833092212677,0.526975691318512,270.1584930419922,0.527653306722641
7075_22c_40_5_4_frame_41.jpeg,272.8961181640625,272.7719421386719,0.5330002307891846,0.5327576994895935,272.8340301513672,0.532878965139389
7075_22c_40_5_4_frame_42.jpeg,272.68133544921875,272.50372314453125,0.5325807332992554,0.5322338342666626,272.592529296875,0.532407283782959
7075_22c_40_5_4_frame_43.jpeg,271.00982666015625,270.45440673828125,0.5293160676956177,0.5282312631607056,270.73211669921875,0.5287736654281616
7075_22c_40_5_4_frame_44.jpeg,271.9350280761719,271.49017333984375,0.5311231017112732,0.5302542448043823,271.7126007080078,0.5306886732578278
7075_22c_40_5_4_frame_45.jpeg,273.08587646484375,272.8226623535156,0.533370852470398,0.5328567624092102,272.9542694091797,0.5331138074398041
7075_22c_40_5_4_frame_46.jpeg,271.661376953125,271.2724609375,0.5305886268615723,0.5298290252685547,271.4669189453125,0.5302088260650635
7075_22c_40_5_4_frame_47.jpeg,270.91583251953125,270.4429931640625,0.5291324853897095,0.5282089710235596,270.6794128417969,0.5286707282066345
7075_22c_40_5_4_frame_48.jpeg,273.6239929199219,273.4599609375,0.5344218611717224,0.5341014862060547,273.54197692871094,0.5342616736888885
7075_22c_40_5_4_frame_49.jpeg,272.19964599609375,271.8009033203125,0.5316399335861206,0.5308611392974854,272.0002746582031,0.531250536441803
7075_22c_40_5_4_frame_5.jpeg,272.5435791015625,272.21820068359375,0.5323116779327393,0.531676173210144,272.3808898925781,0.5319939255714417
7075_22c_40_5_4_frame_50.jpeg,270.4403991699219,269.7054748535156,0.5282039046287537,0.5267685055732727,270.07293701171875,0.5274862051010132
7075_22c_40_5_4_frame_6.jpeg,271.591552734375,271.03289794921875,0.5304522514343262,0.5293611288070679,271.3122253417969,0.529906690120697
7075_22c_40_5_4_frame_7.jpeg,271.26702880859375,270.6861572265625,0.5298184156417847,0.5286839008331299,270.9765930175781,0.5292511582374573
7075_22c_40_5_4_frame_8.jpeg,272.9018249511719,272.5599060058594,0.5330113768577576,0.5323435664176941,272.7308654785156,0.5326774716377258
7075_22c_40_5_4_frame_9.jpeg,272.0044860839844,271.50390625,0.531258761882782,0.5302810668945312,271.7541961669922,0.5307699143886566
7075_22c_40_5_5_frame_1.jpeg,271.5193786621094,271.201904296875,0.5303112864494324,0.529691219329834,271.3606414794922,0.5300012528896332
7075_22c_40_5_5_frame_10.jpeg,270.3897399902344,269.8222961425781,0.5281049609184265,0.5269966721534729,270.10601806640625,0.5275508165359497
7075_22c_40_5_5_frame_11.jpeg,271.4709777832031,271.1390075683594,0.5302167534828186,0.5295683741569519,271.30499267578125,0.5298925638198853
7075_22c_40_5_5_frame_12.jpeg,270.45849609375,269.8197937011719,0.5282392501831055,0.5269917845726013,270.13914489746094,0.5276155173778534
7075_22c_40_5_5_frame_13.jpeg,269.9445495605469,269.2738952636719,0.5272354483604431,0.5259255766868591,269.6092224121094,0.5265805125236511
7075_22c_40_5_5_frame_14.jpeg,271.0581359863281,270.7572021484375,0.5294104218482971,0.528822660446167,270.9076690673828,0.5291165411472321
7075_22c_40_5_5_frame_15.jpeg,270.1391906738281,269.49139404296875,0.5276156067848206,0.5263503789901733,269.81529235839844,0.526982992887497
7075_22c_40_5_5_frame_16.jpeg,269.95574951171875,269.2768859863281,0.5272573232650757,0.5259314179420471,269.61631774902344,0.5265943706035614
7075_22c_40_5_5_frame_17.jpeg,270.3753356933594,269.8208312988281,0.5280768275260925,0.5269938111305237,270.09808349609375,0.5275353193283081
7075_22c_40_5_5_frame_18.jpeg,271.193603515625,270.9120788574219,0.5296750068664551,0.5291251540184021,271.05284118652344,0.5294000804424286
7075_22c_40_5_5_frame_19.jpeg,269.5628662109375,268.885498046875,0.5264899730682373,0.5251669883728027,269.22418212890625,0.52582848072052
7075_22c_40_5_5_frame_2.jpeg,270.5165710449219,269.8893737792969,0.528352677822113,0.5271276831626892,270.2029724121094,0.5277401804924011
7075_22c_40_5_5_frame_20.jpeg,270.060791015625,269.43304443359375,0.5274624824523926,0.5262364149093628,269.7469177246094,0.5268494486808777
7075_22c_40_5_5_frame_21.jpeg,271.7585144042969,271.5412292480469,0.5307783484458923,0.5303539633750916,271.6498718261719,0.5305661559104919
7075_22c_40_5_5_frame_22.jpeg,270.5478210449219,270.0086975097656,0.528413712978363,0.527360737323761,270.27825927734375,0.527887225151062
7075_22c_40_5_5_frame_23.jpeg,270.2353515625,269.681396484375,0.5278034210205078,0.5267214775085449,269.9583740234375,0.5272624492645264
7075_22c_40_5_5_frame_24.jpeg,271.1838073730469,270.9511413574219,0.5296558737754822,0.5292014479637146,271.0674743652344,0.5294286608695984
7075_22c_40_5_5_frame_25.jpeg,270.4066467285156,269.78546142578125,0.5281379818916321,0.526924729347229,270.09605407714844,0.5275313556194305
7075_22c_40_5_5_frame_26.jpeg,270.494140625,269.96270751953125,0.5283088684082031,0.5272709131240845,270.2284240722656,0.5277898907661438
7075_22c_40_5_5_frame_27.jpeg,270.79193115234375,270.3056335449219,0.5288904905319214,0.5279406905174255,270.5487823486328,0.5284155905246735
7075_22c_40_5_5_frame_28.jpeg,271.8099670410156,271.5902404785156,0.5308788418769836,0.5304496884346008,271.7001037597656,0.5306642651557922
7075_22c_40_5_5_frame_29.jpeg,269.7947082519531,269.2091369628906,0.526942789554596,0.5257990956306458,269.5019226074219,0.5263709425926208
7075_22c_40_5_5_frame_3.jpeg,270.0939025878906,269.40386962890625,0.5275271534919739,0.5261794328689575,269.74888610839844,0.5268532931804657
7075_22c_40_5_5_frame_30.jpeg,269.82049560546875,269.1027526855469,0.5269931554794312,0.5255913138389587,269.4616241455078,0.526292234659195
7075_22c_40_5_5_frame_31.jpeg,271.9879150390625,271.8265380859375,0.531226396560669,0.5309112071990967,271.9072265625,0.5310688018798828
7075_22c_40_5_5_frame_32.jpeg,270.33306884765625,269.8123779296875,0.5279942750930786,0.5269773006439209,270.0727233886719,0.5274857878684998
7075_22c_40_5_5_frame_33.jpeg,270.28179931640625,269.7257385253906,0.527894139289856,0.5268080830574036,270.00376892089844,0.5273511111736298
7075_22c_40_5_5_frame_34.jpeg,271.0852355957031,270.9021301269531,0.5294633507728577,0.5291057229042053,270.9936828613281,0.5292845368385315
7075_22c_40_5_5_frame_35.jpeg,270.3257751464844,269.7306213378906,0.5279800295829773,0.5268176198005676,270.0281982421875,0.5273988246917725
7075_22c_40_5_5_frame_36.jpeg,270.4798889160156,269.98333740234375,0.528281033039093,0.5273112058639526,270.2316131591797,0.5277961194515228
7075_22c_40_5_5_frame_37.jpeg,270.8458557128906,270.4029541015625,0.5289958119392395,0.5281307697296143,270.62440490722656,0.5285632908344269
7075_22c_40_5_5_frame_38.jpeg,271.38720703125,271.0820617675781,0.5300531387329102,0.529457151889801,271.23463439941406,0.5297551453113556
7075_22c_40_5_5_frame_39.jpeg,269.9873962402344,269.5068054199219,0.5273191332817078,0.5263804793357849,269.7471008300781,0.5268498063087463
7075_22c_40_5_5_frame_4.jpeg,271.0426330566406,270.7255554199219,0.5293801426887512,0.5287608504295349,270.88409423828125,0.5290704965591431
7075_22c_40_5_5_frame_40.jpeg,270.1666259765625,269.625244140625,0.5276691913604736,0.5266118049621582,269.89593505859375,0.5271404981613159
7075_22c_40_5_5_frame_41.jpeg,271.8161315917969,271.6576843261719,0.5308908820152283,0.5305814146995544,271.7369079589844,0.5307361483573914
7075_22c_40_5_5_frame_42.jpeg,270.5603332519531,270.12158203125,0.528438150882721,0.5275812149047852,270.34095764160156,0.528009682893753
7075_22c_40_5_5_frame_43.jpeg,270.47259521484375,269.9969482421875,0.5282667875289917,0.5273377895355225,270.2347717285156,0.5278022885322571
7075_22c_40_5_5_frame_44.jpeg,271.64849853515625,271.4794921875,0.530563473701477,0.5302333831787109,271.5639953613281,0.530398428440094
7075_22c_40_5_5_frame_45.jpeg,270.88836669921875,270.4793701171875,0.5290788412094116,0.5282800197601318,270.6838684082031,0.5286794304847717
7075_22c_40_5_5_frame_46.jpeg,270.67205810546875,270.2164611816406,0.5286563634872437,0.5277665257453918,270.4442596435547,0.5282114446163177
7075_22c_40_5_5_frame_47.jpeg,270.8312072753906,270.36590576171875,0.5289672017097473,0.5280584096908569,270.5985565185547,0.5285128057003021
7075_22c_40_5_5_frame_48.jpeg,271.4305419921875,271.13482666015625,0.5301377773284912,0.5295602083206177,271.2826843261719,0.5298489928245544
7075_22c_40_5_5_frame_49.jpeg,270.1925964355469,269.71844482421875,0.5277199149131775,0.5267938375473022,269.9555206298828,0.5272568762302399
7075_22c_40_5_5_frame_5.jpeg,270.716064453125,270.2730407714844,0.5287423133850098,0.5278770327568054,270.4945526123047,0.5283096730709076
7075_22c_40_5_5_frame_50.jpeg,270.1130065917969,269.51361083984375,0.5275644659996033,0.5263937711715698,269.8133087158203,0.5269791185855865
7075_22c_40_5_5_frame_6.jpeg,270.3083801269531,269.6250305175781,0.5279460549354553,0.5266113877296448,269.9667053222656,0.52727872133255
7075_22c_40_5_5_frame_7.jpeg,270.54681396484375,269.9485778808594,0.5284117460250854,0.5272433161735535,270.24769592285156,0.5278275310993195
7075_22c_40_5_5_frame_8.jpeg,271.5716552734375,271.35565185546875,0.5304133892059326,0.5299915075302124,271.4636535644531,0.5302024483680725
7075_22c_40_5_5_frame_9.jpeg,269.8456115722656,269.2359924316406,0.5270422101020813,0.5258515477180481,269.5408020019531,0.5264468789100647
7075_22c_40_5_6_frame_1.jpeg,270.0797119140625,269.88848876953125,0.5274994373321533,0.5271259546279907,269.9841003417969,0.527312695980072
7075_22c_40_5_6_frame_10.jpeg,269.2781066894531,269.0808410644531,0.5259338021278381,0.52554851770401,269.1794738769531,0.5257411599159241
7075_22c_40_5_6_frame_11.jpeg,270.404296875,270.2601623535156,0.5281333923339844,0.5278518795967102,270.3322296142578,0.5279926359653473
7075_22c_40_5_6_frame_12.jpeg,268.928955078125,268.6446838378906,0.5252518653869629,0.5246966481208801,268.7868194580078,0.5249742567539215
7075_22c_40_5_6_frame_13.jpeg,268.6103515625,268.1387939453125,0.5246295928955078,0.5237085819244385,268.37457275390625,0.5241690874099731
7075_22c_40_5_6_frame_14.jpeg,270.3707580566406,270.32122802734375,0.5280678868293762,0.5279711484909058,270.3459930419922,0.528019517660141
7075_22c_40_5_6_frame_15.jpeg,268.9953918457031,268.69744873046875,0.5253816246986389,0.5247997045516968,268.84642028808594,0.5250906646251678
7075_22c_40_5_6_frame_16.jpeg,269.306640625,269.13079833984375,0.5259895324707031,0.5256460905075073,269.2187194824219,0.5258178114891052
7075_22c_40_5_6_frame_17.jpeg,268.5553894042969,268.1556701660156,0.5245222449302673,0.5237415432929993,268.35552978515625,0.5241318941116333
7075_22c_40_5_6_frame_18.jpeg,270.1954650878906,270.11126708984375,0.5277255177497864,0.5275610685348511,270.1533660888672,0.5276432931423187
7075_22c_40_5_6_frame_19.jpeg,268.5235595703125,268.05120849609375,0.5244600772857666,0.5235375165939331,268.2873840332031,0.5239987969398499
7075_22c_40_5_6_frame_2.jpeg,268.8370361328125,268.5400085449219,0.5250723361968994,0.5244922041893005,268.6885223388672,0.5247822701931
7075_22c_40_5_6_frame_20.jpeg,268.5942687988281,268.17486572265625,0.5245981812477112,0.523779034614563,268.3845672607422,0.5241886079311371
7075_22c_40_5_6_frame_21.jpeg,269.9150085449219,269.7775573730469,0.5271777510643005,0.5269092917442322,269.8462829589844,0.5270435214042664
7075_22c_40_5_6_frame_22.jpeg,269.228759765625,268.991943359375,0.5258374214172363,0.5253748893737793,269.1103515625,0.5256061553955078
7075_22c_40_5_6_frame_23.jpeg,268.70831298828125,268.5340270996094,0.5248209238052368,0.5244805216789246,268.6211700439453,0.5246507227420807
7075_22c_40_5_6_frame_24.jpeg,270.2544250488281,270.1869201660156,0.5278406739234924,0.5277088284492493,270.2206726074219,0.5277747511863708
7075_22c_40_5_6_frame_25.jpeg,268.9470520019531,268.67535400390625,0.5252872109413147,0.5247565507888794,268.8112030029297,0.525021880865097
7075_22c_40_5_6_frame_26.jpeg,269.1148681640625,268.98529052734375,0.5256149768829346,0.5253618955612183,269.0500793457031,0.5254884362220764
7075_22c_40_5_6_frame_27.jpeg,268.5673828125,268.2423400878906,0.5245456695556641,0.5239108204841614,268.4048614501953,0.5242282450199127
7075_22c_40_5_6_frame_28.jpeg,270.0827331542969,269.9714050292969,0.5275053381919861,0.5272879004478455,270.0270690917969,0.5273966193199158
7075_22c_40_5_6_frame_29.jpeg,268.91259765625,268.6133728027344,0.5252199172973633,0.5246354937553406,268.7629852294922,0.5249277055263519
7075_22c_40_5_6_frame_3.jpeg,268.5509948730469,268.0867614746094,0.5245136618614197,0.5236069560050964,268.3188781738281,0.5240603089332581
7075_22c_40_5_6_frame_30.jpeg,268.35345458984375,267.8735046386719,0.5241278409957886,0.523190438747406,268.1134796142578,0.5236591398715973
7075_22c_40_5_6_frame_31.jpeg,270.3011779785156,270.2103271484375,0.5279319882392883,0.527754545211792,270.25575256347656,0.5278432667255402
7075_22c_40_5_6_frame_32.jpeg,269.4158935546875,269.21710205078125,0.526202917098999,0.5258146524429321,269.3164978027344,0.5260087847709656
7075_22c_40_5_6_frame_33.jpeg,268.9463195800781,268.7980041503906,0.5252857804298401,0.5249961018562317,268.8721618652344,0.5251409411430359
7075_22c_40_5_6_frame_34.jpeg,270.5234375,270.4678649902344,0.5283660888671875,0.5282575488090515,270.4956512451172,0.5283118188381195
7075_22c_40_5_6_frame_35.jpeg,269.04266357421875,268.7926330566406,0.525473952293396,0.5249856114387512,268.9176483154297,0.5252297818660736
7075_22c_40_5_6_frame_36.jpeg,269.3365783691406,269.26324462890625,0.5260480046272278,0.5259047746658325,269.29991149902344,0.5259763896465302
7075_22c_40_5_6_frame_37.jpeg,268.53515625,268.1319274902344,0.5244827270507812,0.523695170879364,268.3335418701172,0.5240889489650726
7075_22c_40_5_6_frame_38.jpeg,269.6519775390625,269.4736633300781,0.5266640186309814,0.5263157486915588,269.5628204345703,0.5264898836612701
7075_22c_40_5_6_frame_39.jpeg,268.690185546875,268.2928771972656,0.5247855186462402,0.5240095257759094,268.4915313720703,0.5243975222110748
7075_22c_40_5_6_frame_4.jpeg,270.18438720703125,270.1273498535156,0.5277038812637329,0.5275924801826477,270.15586853027344,0.5276481807231903
7075_22c_40_5_6_frame_40.jpeg,268.1222839355469,267.6315612792969,0.523676335811615,0.5227178931236267,267.8769226074219,0.5231971144676208
7075_22c_40_5_6_frame_41.jpeg,270.0724182128906,270.0502624511719,0.527485191822052,0.5274419188499451,270.06134033203125,0.5274635553359985
7075_22c_40_5_6_frame_42.jpeg,269.16253662109375,269.0233459472656,0.5257080793380737,0.5254362225532532,269.0929412841797,0.5255721509456635
7075_22c_40_5_6_frame_43.jpeg,268.791259765625,268.5902404785156,0.5249829292297363,0.5245903134346008,268.6907501220703,0.5247866213321686
7075_22c_40_5_6_frame_44.jpeg,269.9980163574219,269.8826599121094,0.5273398756980896,0.5271145701408386,269.9403381347656,0.5272272229194641
7075_22c_40_5_6_frame_45.jpeg,269.1322937011719,269.022705078125,0.5256490111351013,0.5254349708557129,269.07749938964844,0.5255419909954071
7075_22c_40_5_6_frame_46.jpeg,269.29638671875,269.22039794921875,0.5259695053100586,0.5258210897445679,269.2583923339844,0.5258952975273132
7075_22c_40_5_6_frame_47.jpeg,268.520263671875,268.1965026855469,0.5244536399841309,0.5238212943077087,268.35838317871094,0.5241374671459198
7075_22c_40_5_6_frame_48.jpeg,269.3634338378906,269.1964111328125,0.5261004567146301,0.5257742404937744,269.27992248535156,0.5259373486042023
7075_22c_40_5_6_frame_49.jpeg,268.7264404296875,268.3994140625,0.5248563289642334,0.5242176055908203,268.56292724609375,0.5245369672775269
7075_22c_40_5_6_frame_5.jpeg,269.2115478515625,268.9565124511719,0.525803804397583,0.5253056883811951,269.0840301513672,0.525554746389389
7075_22c_40_5_6_frame_50.jpeg,268.24951171875,267.83770751953125,0.5239248275756836,0.5231205224990845,268.0436096191406,0.523522675037384
7075_22c_40_5_6_frame_6.jpeg,268.9443054199219,268.55963134765625,0.5252818465232849,0.5245305299758911,268.75196838378906,0.524906188249588
7075_22c_40_5_6_frame_7.jpeg,268.50640869140625,268.1465148925781,0.5244265794754028,0.5237236618995667,268.3264617919922,0.5240751206874847
7075_22c_40_5_6_frame_8.jpeg,270.3616027832031,270.294921875,0.5280500054359436,0.5279197692871094,270.32826232910156,0.5279848873615265
7075_22c_40_5_6_frame_9.jpeg,269.02734375,268.6627502441406,0.5254440307617188,0.5247319340705872,268.8450469970703,0.525087982416153
7075_22c_40_5_7_frame_1.jpeg,279.5711669921875,279.48297119140625,0.5460374355316162,0.5458651781082153,279.5270690917969,0.5459513068199158
7075_22c_40_5_7_frame_10.jpeg,277.17047119140625,277.30712890625,0.5413485765457153,0.5416154861450195,277.2388000488281,0.5414820313453674
7075_22c_40_5_7_frame_11.jpeg,279.5356140136719,279.4553527832031,0.5459679961204529,0.5458112359046936,279.4954833984375,0.5458896160125732
7075_22c_40_5_7_frame_12.jpeg,277.8999328613281,278.0080871582031,0.5427733063697815,0.5429845452308655,277.9540100097656,0.5428789258003235
7075_22c_40_5_7_frame_13.jpeg,276.11322021484375,276.260986328125,0.5392836332321167,0.5395722389221191,276.1871032714844,0.5394279360771179
7075_22c_40_5_7_frame_14.jpeg,279.0921936035156,279.0723571777344,0.5451019406318665,0.5450631976127625,279.082275390625,0.5450825691223145
7075_22c_40_5_7_frame_15.jpeg,279.0163269042969,279.0037841796875,0.5449537634849548,0.5449292659759521,279.0100555419922,0.5449415147304535
7075_22c_40_5_7_frame_16.jpeg,275.61724853515625,275.9407043457031,0.538314938545227,0.5389466881752014,275.7789764404297,0.5386308133602142
7075_22c_40_5_7_frame_17.jpeg,278.04156494140625,277.9715881347656,0.5430499315261841,0.5429132580757141,278.00657653808594,0.5429815948009491
7075_22c_40_5_7_frame_18.jpeg,279.4583740234375,279.4691467285156,0.5458171367645264,0.5458381772041321,279.46376037597656,0.5458276569843292
7075_22c_40_5_7_frame_19.jpeg,276.6827697753906,276.9811096191406,0.5403960347175598,0.540978729724884,276.8319396972656,0.5406873822212219
7075_22c_40_5_7_frame_2.jpeg,277.8649597167969,277.9234619140625,0.5427049994468689,0.5428192615509033,277.8942108154297,0.5427621304988861
7075_22c_40_5_7_frame_20.jpeg,276.5498046875,276.6705017089844,0.5401363372802734,0.5403720736503601,276.6101531982422,0.5402542054653168
7075_22c_40_5_7_frame_21.jpeg,279.57037353515625,279.4826965332031,0.546035885810852,0.5458646416664124,279.5265350341797,0.5459502637386322
7075_22c_40_5_7_frame_22.jpeg,277.2066650390625,277.3310546875,0.541419267654419,0.5416622161865234,277.26885986328125,0.5415407419204712
7075_22c_40_5_7_frame_23.jpeg,274.7718200683594,275.17919921875,0.5366637110710144,0.5374593734741211,274.9755096435547,0.5370615422725677
7075_22c_40_5_7_frame_24.jpeg,279.26214599609375,279.2370300292969,0.5454338788986206,0.5453848242759705,279.2495880126953,0.5454093515872955
7075_22c_40_5_7_frame_25.jpeg,278.8095703125,278.7982177734375,0.5445499420166016,0.5445277690887451,278.80389404296875,0.5445388555526733
7075_22c_40_5_7_frame_26.jpeg,274.6481628417969,275.0992431640625,0.5364221930503845,0.5373032093048096,274.8737030029297,0.536862701177597
7075_22c_40_5_7_frame_27.jpeg,278.2184143066406,278.1767883300781,0.5433953404426575,0.5433140397071838,278.1976013183594,0.5433546900749207
7075_22c_40_5_7_frame_28.jpeg,279.6136474609375,279.6216735839844,0.5461204051971436,0.5461360812187195,279.61766052246094,0.5461282432079315
7075_22c_40_5_7_frame_29.jpeg,275.6556396484375,276.0245666503906,0.5383899211883545,0.5391104817390442,275.84010314941406,0.5387502014636993
7075_22c_40_5_7_frame_3.jpeg,275.9770202636719,276.099365234375,0.5390176177024841,0.5392565727233887,276.03819274902344,0.5391370952129364
7075_22c_40_5_7_frame_30.jpeg,276.03948974609375,276.2760925292969,0.5391396284103394,0.539601743221283,276.1577911376953,0.5393706858158112
7075_22c_40_5_7_frame_31.jpeg,279.314453125,279.2358093261719,0.5455360412597656,0.5453824400901794,279.27513122558594,0.5454592406749725
7075_22c_40_5_7_frame_32.jpeg,277.2315673828125,277.4018859863281,0.5414679050445557,0.5418005585670471,277.3167266845703,0.5416342318058014
7075_22c_40_5_7_frame_33.jpeg,274.8676452636719,275.36968994140625,0.5368508696556091,0.5378314256668091,275.11866760253906,0.5373411476612091
7075_22c_40_5_7_frame_34.jpeg,279.2607116699219,279.3231201171875,0.5454310774803162,0.5455529689788818,279.2919158935547,0.545492023229599
7075_22c_40_5_7_frame_35.jpeg,279.12896728515625,279.2322082519531,0.5451737642288208,0.545375406742096,279.1805877685547,0.5452745854854584
7075_22c_40_5_7_frame_36.jpeg,274.98052978515625,275.39727783203125,0.5370713472366333,0.537885308265686,275.18890380859375,0.5374783277511597
7075_22c_40_5_7_frame_37.jpeg,278.2626953125,278.26507568359375,0.5434818267822266,0.543486475944519,278.2638854980469,0.5434841513633728
7075_22c_40_5_7_frame_38.jpeg,280.1224365234375,280.151123046875,0.5471141338348389,0.5471701622009277,280.13677978515625,0.5471421480178833
7075_22c_40_5_7_frame_39.jpeg,276.4528503417969,276.8409729003906,0.539946973323822,0.5407050251960754,276.64691162109375,0.5403259992599487
7075_22c_40_5_7_frame_4.jpeg,279.0283508300781,278.96209716796875,0.5449772477149963,0.544847846031189,278.99522399902344,0.5449125468730927
7075_22c_40_5_7_frame_40.jpeg,276.8166198730469,277.0959777832031,0.5406574606895447,0.5412030816078186,276.956298828125,0.5409302711486816
7075_22c_40_5_7_frame_41.jpeg,280.2562561035156,280.2605285644531,0.547375500202179,0.5473838448524475,280.2583923339844,0.5473796725273132
7075_22c_40_5_7_frame_42.jpeg,277.6535949707031,277.8503723144531,0.5422921776771545,0.5426765084266663,277.7519836425781,0.5424843430519104
7075_22c_40_5_7_frame_43.jpeg,275.5140686035156,275.9882507324219,0.5381134152412415,0.5390395522117615,275.75115966796875,0.5385764837265015
7075_22c_40_5_7_frame_44.jpeg,280.137939453125,280.1975402832031,0.5471444129943848,0.5472608208656311,280.16773986816406,0.5472026169300079
7075_22c_40_5_7_frame_45.jpeg,279.01287841796875,279.1357116699219,0.5449470281600952,0.5451869368553162,279.0742950439453,0.5450669825077057
7075_22c_40_5_7_frame_46.jpeg,275.25701904296875,275.7147521972656,0.5376113653182983,0.5385053753852844,275.4858856201172,0.5380583703517914
7075_22c_40_5_7_frame_47.jpeg,278.11376953125,278.10394287109375,0.5431909561157227,0.543171763420105,278.1088562011719,0.5431813597679138
7075_22c_40_5_7_frame_48.jpeg,279.94366455078125,279.9967041015625,0.5467649698257446,0.5468685626983643,279.9701843261719,0.5468167662620544
7075_22c_40_5_7_frame_49.jpeg,276.5557861328125,276.9505310058594,0.5401480197906494,0.5409190058708191,276.75315856933594,0.5405335128307343
7075_22c_40_5_7_frame_5.jpeg,279.2008972167969,279.2488098144531,0.5453142523765564,0.5454078316688538,279.224853515625,0.5453610420227051
7075_22c_40_5_7_frame_50.jpeg,276.556396484375,276.75775146484375,0.5401492118835449,0.540542483329773,276.6570739746094,0.5403458476066589
7075_22c_40_5_7_frame_6.jpeg,275.6862487792969,275.72119140625,0.5384497046470642,0.538517951965332,275.70372009277344,0.5384838283061981
7075_22c_40_5_7_frame_7.jpeg,277.88885498046875,277.7550354003906,0.542751669883728,0.5424903035163879,277.8219451904297,0.542620986700058
7075_22c_40_5_7_frame_8.jpeg,279.06549072265625,279.0377502441406,0.545049786567688,0.5449956059455872,279.05162048339844,0.5450226962566376
7075_22c_40_5_7_frame_9.jpeg,276.6905822753906,276.7857666015625,0.5404112935066223,0.5405972003936768,276.73817443847656,0.5405042469501495
7075_22c_40_5_8_frame_1.jpeg,282.21881103515625,280.91339111328125,0.5512086153030396,0.5486589670181274,281.56610107421875,0.5499337911605835
7075_22c_40_5_8_frame_10.jpeg,282.4292297363281,280.8076171875,0.5516195893287659,0.5484523773193359,281.61842346191406,0.5500359833240509
7075_22c_40_5_8_frame_11.jpeg,282.25628662109375,280.95782470703125,0.5512818098068237,0.5487457513809204,281.6070556640625,0.5500137805938721
7075_22c_40_5_8_frame_12.jpeg,282.810546875,281.25567626953125,0.5523643493652344,0.5493274927139282,282.0331115722656,0.5508459210395813
7075_22c_40_5_8_frame_13.jpeg,281.01556396484375,279.0885925292969,0.5488585233688354,0.545094907283783,280.0520782470703,0.5469767153263092
7075_22c_40_5_8_frame_14.jpeg,282.6252746582031,281.3082275390625,0.552002489566803,0.5494301319122314,281.9667510986328,0.5507163107395172
7075_22c_40_5_8_frame_15.jpeg,283.06005859375,281.7021789550781,0.552851676940918,0.550199568271637,282.38111877441406,0.5515256226062775
7075_22c_40_5_8_frame_16.jpeg,281.52960205078125,279.6197509765625,0.5498625040054321,0.5461323261260986,280.5746765136719,0.5479974150657654
7075_22c_40_5_8_frame_17.jpeg,283.1628723144531,281.77362060546875,0.5530524849891663,0.5503391027450562,282.46824645996094,0.5516957938671112
7075_22c_40_5_8_frame_18.jpeg,281.5848388671875,280.1658020019531,0.5499703884124756,0.5471988320350647,280.8753204345703,0.5485846102237701
7075_22c_40_5_8_frame_19.jpeg,281.8167419433594,279.9830017089844,0.5504233241081238,0.5468418002128601,280.8998718261719,0.5486325621604919
7075_22c_40_5_8_frame_2.jpeg,282.6335754394531,281.0506286621094,0.5520187020301819,0.5489270091056824,281.84210205078125,0.5504728555679321
7075_22c_40_5_8_frame_20.jpeg,282.4039611816406,280.7207946777344,0.5515702366828918,0.54828280210495,281.5623779296875,0.5499265193939209
7075_22c_40_5_8_frame_21.jpeg,282.3286437988281,281.111572265625,0.5514231324195862,0.5490460395812988,281.72010803222656,0.5502345860004425
7075_22c_40_5_8_frame_22.jpeg,282.44488525390625,280.87835693359375,0.5516501665115356,0.5485905408859253,281.66162109375,0.5501203536987305
7075_22c_40_5_8_frame_23.jpeg,280.76409912109375,278.7901611328125,0.5483673810958862,0.5445120334625244,279.7771301269531,0.5464397072792053
7075_22c_40_5_8_frame_24.jpeg,282.4566345214844,281.1663818359375,0.5516731142997742,0.5491530895233154,281.81150817871094,0.5504131019115448
7075_22c_40_5_8_frame_25.jpeg,282.6154479980469,281.26605224609375,0.5519832968711853,0.5493477582931519,281.9407501220703,0.5506655275821686
7075_22c_40_5_8_frame_26.jpeg,281.3811340332031,279.46173095703125,0.5495725274085999,0.5458236932754517,280.4214324951172,0.5476981103420258
7075_22c_40_5_8_frame_27.jpeg,282.76666259765625,281.3778991699219,0.5522786378860474,0.5495662093162537,282.07228088378906,0.5509224236011505
7075_22c_40_5_8_frame_28.jpeg,281.4273681640625,280.108642578125,0.5496628284454346,0.5470871925354004,280.76800537109375,0.5483750104904175
7075_22c_40_5_8_frame_29.jpeg,281.64593505859375,279.81097412109375,0.5500897169113159,0.5465058088302612,280.72845458984375,0.5482977628707886
7075_22c_40_5_8_frame_3.jpeg,280.8353271484375,278.90142822265625,0.548506498336792,0.5447293519973755,279.8683776855469,0.5466179251670837
7075_22c_40_5_8_frame_30.jpeg,281.9134826660156,280.1883544921875,0.5506122708320618,0.5472428798675537,281.05091857910156,0.5489275753498077
7075_22c_40_5_8_frame_31.jpeg,282.0911865234375,280.9354553222656,0.5509593486785889,0.5487020611763,281.51332092285156,0.5498307049274445
7075_22c_40_5_8_frame_32.jpeg,282.23944091796875,280.7169494628906,0.5512489080429077,0.5482752919197083,281.4781951904297,0.549762099981308
7075_22c_40_5_8_frame_33.jpeg,280.70849609375,278.8079528808594,0.5482587814331055,0.5445467829704285,279.7582244873047,0.546402782201767
7075_22c_40_5_8_frame_34.jpeg,282.4552001953125,281.2480773925781,0.5516703128814697,0.5493126511573792,281.8516387939453,0.5504914820194244
7075_22c_40_5_8_frame_35.jpeg,282.5099182128906,281.2331848144531,0.551777184009552,0.5492835640907288,281.8715515136719,0.5505303740501404
7075_22c_40_5_8_frame_36.jpeg,281.4575500488281,279.63812255859375,0.5497217774391174,0.5461682081222534,280.54783630371094,0.5479449927806854
7075_22c_40_5_8_frame_37.jpeg,283.07135009765625,281.80108642578125,0.5528737306594849,0.550392746925354,282.43621826171875,0.5516332387924194
7075_22c_40_5_8_frame_38.jpeg,281.6185607910156,280.4292907714844,0.5500362515449524,0.5477134585380554,281.02392578125,0.5488748550415039
7075_22c_40_5_8_frame_39.jpeg,281.7454528808594,280.0111999511719,0.5502840876579285,0.5468968749046326,280.8783264160156,0.5485904812812805
7075_22c_40_5_8_frame_4.jpeg,282.35662841796875,281.0904235839844,0.5514777898788452,0.5490047335624695,281.72352600097656,0.5502412617206573
7075_22c_40_5_8_frame_40.jpeg,281.89984130859375,280.2894592285156,0.5505856275558472,0.5474403500556946,281.0946502685547,0.5490129888057709
7075_22c_40_5_8_frame_41.jpeg,282.24993896484375,281.2313537597656,0.5512694120407104,0.5492799878120422,281.7406463623047,0.5502746999263763
7075_22c_40_5_8_frame_42.jpeg,282.4045104980469,280.997314453125,0.5515713095664978,0.5488228797912598,281.70091247558594,0.5501970946788788
7075_22c_40_5_8_frame_43.jpeg,280.6733703613281,278.85418701171875,0.548190176486969,0.5446370840072632,279.76377868652344,0.5464136302471161
7075_22c_40_5_8_frame_44.jpeg,282.4283447265625,281.37628173828125,0.5516178607940674,0.5495630502700806,281.9023132324219,0.550590455532074
7075_22c_40_5_8_frame_45.jpeg,282.0892028808594,280.9117431640625,0.5509554743766785,0.5486557483673096,281.50047302246094,0.549805611371994
7075_22c_40_5_8_frame_46.jpeg,281.1044616699219,279.34588623046875,0.5490321516990662,0.5455974340438843,280.2251739501953,0.5473147928714752
7075_22c_40_5_8_frame_47.jpeg,282.6940612792969,281.5531921386719,0.5521368384361267,0.5499085783958435,282.1236267089844,0.5510227084159851
7075_22c_40_5_8_frame_48.jpeg,281.4573974609375,280.3626403808594,0.5497214794158936,0.547583281993866,280.91001892089844,0.5486523807048798
7075_22c_40_5_8_frame_49.jpeg,281.3084716796875,279.66326904296875,0.5494306087493896,0.5462173223495483,280.4858703613281,0.547823965549469
7075_22c_40_5_8_frame_5.jpeg,282.9533386230469,281.5577087402344,0.5526432394981384,0.5499173998832703,282.2555236816406,0.5512803196907043
7075_22c_40_5_8_frame_50.jpeg,281.6070556640625,280.1061096191406,0.5500137805938721,0.547082245349884,280.85658264160156,0.548548012971878
7075_22c_40_5_8_frame_6.jpeg,281.19708251953125,279.2658996582031,0.5492130517959595,0.545441210269928,280.2314910888672,0.5473271310329437
7075_22c_40_5_8_frame_7.jpeg,282.90557861328125,281.48297119140625,0.5525499582290649,0.5497714281082153,282.19427490234375,0.5511606931686401
7075_22c_40_5_8_frame_8.jpeg,281.324951171875,279.899658203125,0.5494627952575684,0.5466790199279785,280.6123046875,0.5480709075927734
7075_22c_40_5_8_frame_9.jpeg,281.8919982910156,280.1170654296875,0.5505703091621399,0.5471036434173584,281.00453186035156,0.5488369762897491
7075_22c_40_5_9_frame_1.jpeg,287.6340637207031,285.53997802734375,0.5617852807044983,0.5576952695846558,286.58702087402344,0.559740275144577
7075_22c_40_5_9_frame_10.jpeg,285.0831298828125,282.82293701171875,0.5568029880523682,0.5523885488510132,283.9530334472656,0.5545957684516907
7075_22c_40_5_9_frame_11.jpeg,287.8184814453125,285.90875244140625,0.562145471572876,0.5584155321121216,286.8636169433594,0.5602805018424988
7075_22c_40_5_9_frame_12.jpeg,285.2303161621094,283.0361328125,0.5570904612541199,0.5528049468994141,284.1332244873047,0.554947704076767
7075_22c_40_5_9_frame_13.jpeg,285.4288024902344,283.6020812988281,0.557478129863739,0.5539103150367737,284.51544189453125,0.5556942224502563
7075_22c_40_5_9_frame_14.jpeg,287.5500183105469,285.5633544921875,0.5616211295127869,0.5577409267425537,286.5566864013672,0.5596810281276703
7075_22c_40_5_9_frame_15.jpeg,286.5213317871094,284.31634521484375,0.559611976146698,0.5553053617477417,285.41883850097656,0.5574586689472198
7075_22c_40_5_9_frame_16.jpeg,286.21826171875,284.5440979003906,0.5590200424194336,0.5557501912117004,285.3811798095703,0.557385116815567
7075_22c_40_5_9_frame_17.jpeg,285.7867431640625,283.6300354003906,0.5581772327423096,0.5539649128913879,284.70838928222656,0.5560710728168488
7075_22c_40_5_9_frame_18.jpeg,287.7018737792969,285.7990417480469,0.5619177222251892,0.558201253414154,286.7504577636719,0.5600594878196716
7075_22c_40_5_9_frame_19.jpeg,285.3475646972656,283.6141357421875,0.5573194622993469,0.55393385887146,284.48085021972656,0.5556266605854034
7075_22c_40_5_9_frame_2.jpeg,284.9212951660156,282.5621032714844,0.5564869046211243,0.5518791079521179,283.74169921875,0.5541830062866211
7075_22c_40_5_9_frame_20.jpeg,284.8588562011719,282.7938537597656,0.5563649535179138,0.5523317456245422,283.82635498046875,0.554348349571228
7075_22c_40_5_9_frame_21.jpeg,288.2097473144531,286.3890686035156,0.5629096627235413,0.5593536496162415,287.2994079589844,0.5611316561698914
7075_22c_40_5_9_frame_22.jpeg,285.119140625,282.9752197265625,0.5568733215332031,0.5526859760284424,284.04718017578125,0.5547796487808228
7075_22c_40_5_9_frame_23.jpeg,285.4962158203125,283.8013916015625,0.5576097965240479,0.5542995929718018,284.6488037109375,0.5559546947479248
7075_22c_40_5_9_frame_24.jpeg,287.4645690917969,285.5651550292969,0.5614542365074158,0.5577444434165955,286.5148620605469,0.5595993399620056
7075_22c_40_5_9_frame_25.jpeg,286.498291015625,284.3935852050781,0.5595669746398926,0.5554562211036682,285.44593811035156,0.5575115978717804
7075_22c_40_5_9_frame_26.jpeg,285.7916259765625,284.0759582519531,0.5581867694854736,0.554835855960846,284.9337921142578,0.5565113127231598
7075_22c_40_5_9_frame_27.jpeg,285.44464111328125,283.3766784667969,0.5575090646743774,0.5534700751304626,284.41065979003906,0.55548956990242
7075_22c_40_5_9_frame_28.jpeg,287.65716552734375,285.8201599121094,0.5618304014205933,0.5582424998283386,286.73866271972656,0.5600364506244659
7075_22c_40_5_9_frame_29.jpeg,285.3373718261719,283.7156066894531,0.5572995543479919,0.5541320443153381,284.5264892578125,0.555715799331665
7075_22c_40_5_9_frame_3.jpeg,284.951171875,282.86883544921875,0.5565452575683594,0.5524781942367554,283.9100036621094,0.5545117259025574
7075_22c_40_5_9_frame_30.jpeg,284.6482849121094,282.8455810546875,0.5559536814689636,0.5524327754974365,283.74693298339844,0.5541932284832001
7075_22c_40_5_9_frame_31.jpeg,288.1921081542969,286.4385986328125,0.5628752112388611,0.5594503879547119,287.3153533935547,0.5611627995967865
7075_22c_40_5_9_frame_32.jpeg,285.0619812011719,282.9732666015625,0.5567616820335388,0.5526821613311768,284.0176239013672,0.5547219216823578
7075_22c_40_5_9_frame_33.jpeg,285.5306701660156,283.8897399902344,0.5576770901679993,0.5544721484184265,284.710205078125,0.5560746192932129
7075_22c_40_5_9_frame_34.jpeg,287.76141357421875,285.946533203125,0.562034010887146,0.5584893226623535,286.8539733886719,0.5602616667747498
7075_22c_40_5_9_frame_35.jpeg,286.887939453125,284.8692321777344,0.5603280067443848,0.5563852190971375,285.8785858154297,0.5583566129207611
7075_22c_40_5_9_frame_36.jpeg,286.2668762207031,284.66253662109375,0.5591149926185608,0.5559815168380737,285.46470642089844,0.5575482547283173
7075_22c_40_5_9_frame_37.jpeg,286.000732421875,284.0809631347656,0.5585951805114746,0.5548456311225891,285.0408477783203,0.5567204058170319
7075_22c_40_5_9_frame_38.jpeg,288.2276611328125,286.5478515625,0.5629446506500244,0.5596637725830078,287.38775634765625,0.5613042116165161
7075_22c_40_5_9_frame_39.jpeg,285.87847900390625,284.3951110839844,0.5583564043045044,0.555459201335907,285.1367950439453,0.5569078028202057
7075_22c_40_5_9_frame_4.jpeg,287.039306640625,284.8549499511719,0.5606236457824707,0.5563573241233826,285.94712829589844,0.5584904849529266
7075_22c_40_5_9_frame_40.jpeg,285.09283447265625,283.3349304199219,0.5568219423294067,0.5533885359764099,284.21388244628906,0.5551052391529083
7075_22c_40_5_9_frame_41.jpeg,288.7562255859375,287.17486572265625,0.5639770030975342,0.560888409614563,287.9655456542969,0.5624327063560486
7075_22c_40_5_9_frame_42.jpeg,285.70849609375,283.8442687988281,0.5580244064331055,0.5543833374977112,284.77638244628906,0.5562038719654083
7075_22c_40_5_9_frame_43.jpeg,286.00238037109375,284.59686279296875,0.5585983991622925,0.5558532476425171,285.29962158203125,0.5572258234024048
7075_22c_40_5_9_frame_44.jpeg,287.8377685546875,286.1798095703125,0.562183141708374,0.5589449405670166,287.0087890625,0.5605640411376953
7075_22c_40_5_9_frame_45.jpeg,287.33563232421875,285.509033203125,0.5612024068832397,0.5576348304748535,286.4223327636719,0.5594186186790466
7075_22c_40_5_9_frame_46.jpeg,286.3555603027344,284.9731140136719,0.5592882037162781,0.5565881133079529,285.6643371582031,0.5579381585121155
7075_22c_40_5_9_frame_47.jpeg,286.0947265625,284.2311096191406,0.5587787628173828,0.555138885974884,285.1629180908203,0.5569588243961334
7075_22c_40_5_9_frame_48.jpeg,288.30047607421875,286.7237854003906,0.5630868673324585,0.5600073933601379,287.5121307373047,0.5615471303462982
7075_22c_40_5_9_frame_49.jpeg,285.7417907714844,284.34912109375,0.5580894351005554,0.5553693771362305,285.0454559326172,0.5567294061183929
7075_22c_40_5_9_frame_5.jpeg,286.0450134277344,283.6372375488281,0.5586816668510437,0.5539789795875549,284.84112548828125,0.5563303232192993
7075_22c_40_5_9_frame_50.jpeg,285.2073669433594,283.48553466796875,0.5570456385612488,0.5536826848983765,284.34645080566406,0.5553641617298126
7075_22c_40_5_9_frame_6.jpeg,285.451416015625,283.47601318359375,0.5575222969055176,0.5536640882492065,284.4637145996094,0.5555931925773621
7075_22c_40_5_9_frame_7.jpeg,285.4024353027344,283.0043029785156,0.5574266314506531,0.5527427792549133,284.203369140625,0.5550847053527832
7075_22c_40_5_9_frame_8.jpeg,287.2633056640625,285.1426696777344,0.5610611438751221,0.556919276714325,286.20298767089844,0.5589902102947235
7075_22c_40_5_9_frame_9.jpeg,284.9106750488281,282.7471923828125,0.5564661622047424,0.5522406101226807,283.8289337158203,0.5543533861637115
7075_22c_40_6_1_frame_1.jpeg,281.59051513671875,281.78863525390625,0.5499814748764038,0.5503684282302856,281.6895751953125,0.5501749515533447
7075_22c_40_6_1_frame_10.jpeg,280.6703186035156,280.4211730957031,0.5481842160224915,0.5476976037025452,280.5457458496094,0.5479409098625183
7075_22c_40_6_1_frame_11.jpeg,281.5357666015625,281.6868591308594,0.5498745441436768,0.5501696467399597,281.61131286621094,0.5500220954418182
7075_22c_40_6_1_frame_12.jpeg,280.9878845214844,280.737060546875,0.5488044619560242,0.5483145713806152,280.8624725341797,0.5485595166683197
7075_22c_40_6_1_frame_13.jpeg,281.46368408203125,281.50494384765625,0.5497337579727173,0.5498143434524536,281.48431396484375,0.5497740507125854
7075_22c_40_6_1_frame_14.jpeg,280.976318359375,281.15020751953125,0.5487818717956543,0.5491214990615845,281.0632629394531,0.5489516854286194
7075_22c_40_6_1_frame_15.jpeg,281.0543518066406,280.80975341796875,0.548934280872345,0.5484565496444702,280.9320526123047,0.5486954152584076
7075_22c_40_6_1_frame_16.jpeg,281.0939025878906,281.07574462890625,0.5490115284919739,0.5489760637283325,281.08482360839844,0.5489937961101532
7075_22c_40_6_1_frame_17.jpeg,280.8526611328125,280.8506774902344,0.5485403537750244,0.548536479473114,280.85166931152344,0.5485384166240692
7075_22c_40_6_1_frame_18.jpeg,280.93524169921875,280.8002014160156,0.5487016439437866,0.5484378933906555,280.8677215576172,0.5485697686672211
7075_22c_40_6_1_frame_19.jpeg,281.0582275390625,281.39862060546875,0.5489418506622314,0.5496066808700562,281.2284240722656,0.5492742657661438
7075_22c_40_6_1_frame_2.jpeg,280.96673583984375,280.72442626953125,0.5487631559371948,0.5482898950576782,280.8455810546875,0.5485265254974365
7075_22c_40_6_1_frame_20.jpeg,281.0075988769531,280.9490051269531,0.5488429665565491,0.5487285256385803,280.9783020019531,0.5487857460975647
7075_22c_40_6_1_frame_21.jpeg,281.4877014160156,281.7957458496094,0.5497806668281555,0.5503823161125183,281.6417236328125,0.5500814914703369
7075_22c_40_6_1_frame_22.jpeg,281.5097961425781,281.5478515625,0.5498238205909729,0.5498981475830078,281.52882385253906,0.5498609840869904
7075_22c_40_6_1_frame_23.jpeg,281.61968994140625,281.8522644042969,0.5500384569168091,0.5504927039146423,281.73597717285156,0.5502655804157257
7075_22c_40_6_1_frame_24.jpeg,281.322509765625,281.7696228027344,0.5494580268859863,0.5503312945365906,281.5460662841797,0.5498946607112885
7075_22c_40_6_1_frame_25.jpeg,281.17120361328125,281.0694885253906,0.5491625070571899,0.5489638447761536,281.12034606933594,0.5490631759166718
7075_22c_40_6_1_frame_26.jpeg,281.2472839355469,281.38818359375,0.549311101436615,0.549586296081543,281.31773376464844,0.549448698759079
7075_22c_40_6_1_frame_27.jpeg,281.5449523925781,281.779296875,0.5498924851417542,0.5503501892089844,281.66212463378906,0.5501213371753693
7075_22c_40_6_1_frame_28.jpeg,281.0802307128906,280.9976806640625,0.5489848256111145,0.5488235950469971,281.03895568847656,0.5489042103290558
7075_22c_40_6_1_frame_29.jpeg,281.22576904296875,281.60394287109375,0.5492690801620483,0.550007700920105,281.41485595703125,0.5496383905410767
7075_22c_40_6_1_frame_3.jpeg,281.6584777832031,281.76336669921875,0.5501142144203186,0.5503190755844116,281.71092224121094,0.5502166450023651
7075_22c_40_6_1_frame_30.jpeg,281.5204162597656,281.5611572265625,0.5498445630073547,0.5499241352081299,281.54078674316406,0.5498843491077423
7075_22c_40_6_1_frame_31.jpeg,281.3360290527344,281.5895690917969,0.5494844317436218,0.5499796271324158,281.4627990722656,0.5497320294380188
7075_22c_40_6_1_frame_32.jpeg,281.5440673828125,281.5256652832031,0.5498907566070557,0.5498548150062561,281.5348663330078,0.5498727858066559
7075_22c_40_6_1_frame_33.jpeg,281.6104736328125,281.81365966796875,0.5500204563140869,0.5504173040390015,281.7120666503906,0.5502188801765442
7075_22c_40_6_1_frame_34.jpeg,281.31207275390625,281.7981262207031,0.5494376420974731,0.5503869652748108,281.5550994873047,0.549912303686142
7075_22c_40_6_1_frame_35.jpeg,281.188232421875,281.00360107421875,0.5491957664489746,0.5488351583480835,281.0959167480469,0.549015462398529
7075_22c_40_6_1_frame_36.jpeg,281.1961364746094,281.2911682128906,0.5492112040519714,0.549396812915802,281.24365234375,0.5493040084838867
7075_22c_40_6_1_frame_37.jpeg,281.24505615234375,281.3673095703125,0.5493067502975464,0.5495455265045166,281.3061828613281,0.5494261384010315
7075_22c_40_6_1_frame_38.jpeg,280.9031677246094,280.7768859863281,0.5486389994621277,0.5483923554420471,280.84002685546875,0.5485156774520874
7075_22c_40_6_1_frame_39.jpeg,281.2760925292969,281.63458251953125,0.549367368221283,0.5500675439834595,281.45533752441406,0.5497174561023712
7075_22c_40_6_1_frame_4.jpeg,280.8816833496094,281.0736083984375,0.5485970377922058,0.5489718914031982,280.97764587402344,0.548784464597702
7075_22c_40_6_1_frame_40.jpeg,281.3273010253906,281.47711181640625,0.5494673848152161,0.5497599840164185,281.40220642089844,0.5496136844158173
7075_22c_40_6_1_frame_41.jpeg,281.55853271484375,281.8460693359375,0.5499190092086792,0.5504806041717529,281.7023010253906,0.5501998066902161
7075_22c_40_6_1_frame_42.jpeg,281.4529113769531,281.4476318359375,0.5497127175331116,0.5497024059295654,281.4502716064453,0.5497075617313385
7075_22c_40_6_1_frame_43.jpeg,281.8054504394531,282.0613098144531,0.5504012703895569,0.5509009957313538,281.9333801269531,0.5506511330604553
7075_22c_40_6_1_frame_44.jpeg,281.39984130859375,281.98541259765625,0.5496090650558472,0.5507527589797974,281.692626953125,0.5501809120178223
7075_22c_40_6_1_frame_45.jpeg,281.2087707519531,281.1311340332031,0.5492358803749084,0.5490842461585999,281.1699523925781,0.5491600632667542
7075_22c_40_6_1_frame_46.jpeg,281.0975036621094,281.25665283203125,0.5490185618400574,0.549329400062561,281.1770782470703,0.5491739809513092
7075_22c_40_6_1_frame_47.jpeg,281.32470703125,281.4889831542969,0.5494623184204102,0.5497831702232361,281.40684509277344,0.5496227443218231
7075_22c_40_6_1_frame_48.jpeg,281.0443420410156,281.0086669921875,0.5489147305488586,0.5488450527191162,281.02650451660156,0.5488798916339874
7075_22c_40_6_1_frame_49.jpeg,281.2627258300781,281.6333923339844,0.5493412613868713,0.5500652194023132,281.44805908203125,0.5497032403945923
7075_22c_40_6_1_frame_5.jpeg,280.7854309082031,280.44610595703125,0.5484090447425842,0.5477463006973267,280.6157684326172,0.5480776727199554
7075_22c_40_6_1_frame_50.jpeg,281.5750427246094,281.7897033691406,0.5499512553215027,0.5503705143928528,281.682373046875,0.5501608848571777
7075_22c_40_6_1_frame_6.jpeg,281.3563232421875,281.5559997558594,0.5495240688323975,0.5499140620231628,281.45616149902344,0.5497190654277802
7075_22c_40_6_1_frame_7.jpeg,281.151611328125,281.1476135253906,0.5491242408752441,0.5491164326667786,281.1496124267578,0.5491203367710114
7075_22c_40_6_1_frame_8.jpeg,281.332763671875,281.31927490234375,0.5494780540466309,0.5494517087936401,281.3260192871094,0.5494648814201355
7075_22c_40_6_1_frame_9.jpeg,280.9486389160156,281.1759948730469,0.548727810382843,0.5491718649864197,281.06231689453125,0.5489498376846313
7075_22c_40_6_2_frame_1.jpeg,276.7498474121094,276.4527282714844,0.5405270457267761,0.5399467349052429,276.6012878417969,0.5402368903160095
7075_22c_40_6_2_frame_10.jpeg,274.32073974609375,273.76727294921875,0.5357826948165894,0.5347017049789429,274.04400634765625,0.5352421998977661
7075_22c_40_6_2_frame_11.jpeg,276.8759765625,276.5793151855469,0.5407733917236328,0.5401939749717712,276.72764587402344,0.540483683347702
7075_22c_40_6_2_frame_12.jpeg,275.5658874511719,275.1146545410156,0.5382146239280701,0.5373333096504211,275.34027099609375,0.5377739667892456
7075_22c_40_6_2_frame_13.jpeg,274.1429748535156,273.4713134765625,0.5354354977607727,0.5341236591339111,273.80714416503906,0.5347795784473419
7075_22c_40_6_2_frame_14.jpeg,275.62384033203125,275.360107421875,0.5383278131484985,0.5378127098083496,275.4919738769531,0.5380702614784241
7075_22c_40_6_2_frame_15.jpeg,277.1237487792969,276.8396911621094,0.5412573218345642,0.5407025218009949,276.9817199707031,0.5409799218177795
7075_22c_40_6_2_frame_16.jpeg,274.2848815917969,273.77984619140625,0.5357126593589783,0.5347262620925903,274.03236389160156,0.5352194607257843
7075_22c_40_6_2_frame_17.jpeg,275.0613708496094,274.6015625,0.5372292399406433,0.5363311767578125,274.8314666748047,0.5367802083492279
7075_22c_40_6_2_frame_18.jpeg,276.8108825683594,276.5265808105469,0.5406462550163269,0.5400909781455994,276.6687316894531,0.5403686165809631
7075_22c_40_6_2_frame_19.jpeg,275.3870544433594,275.05389404296875,0.5378653407096863,0.5372146368026733,275.22047424316406,0.5375399887561798
7075_22c_40_6_2_frame_2.jpeg,275.65386962890625,275.19342041015625,0.5383864641189575,0.5374871492385864,275.42364501953125,0.537936806678772
7075_22c_40_6_2_frame_20.jpeg,274.1130065917969,273.5099792480469,0.5353769659996033,0.5341991782188416,273.8114929199219,0.5347880721092224
7075_22c_40_6_2_frame_21.jpeg,276.89154052734375,276.6517639160156,0.5408037900924683,0.540335476398468,276.7716522216797,0.5405696332454681
7075_22c_40_6_2_frame_22.jpeg,275.5389404296875,275.1475830078125,0.5381619930267334,0.5373976230621338,275.34326171875,0.5377798080444336
7075_22c_40_6_2_frame_23.jpeg,274.2581481933594,273.8489990234375,0.535660445690155,0.5348613262176514,274.05357360839844,0.5352608859539032
7075_22c_40_6_2_frame_24.jpeg,275.68377685546875,275.44677734375,0.5384448766708374,0.5379819869995117,275.5652770996094,0.5382134318351746
7075_22c_40_6_2_frame_25.jpeg,277.0098571777344,276.6848449707031,0.5410348773002625,0.5404000878334045,276.84735107421875,0.5407174825668335
7075_22c_40_6_2_frame_26.jpeg,274.36236572265625,273.9588928222656,0.535863995552063,0.5350759625434875,274.16062927246094,0.5354699790477753
7075_22c_40_6_2_frame_27.jpeg,274.2388916015625,273.5991516113281,0.5356228351593018,0.5343733429908752,273.9190216064453,0.5349980890750885
7075_22c_40_6_2_frame_28.jpeg,276.8845520019531,276.7787170410156,0.5407901406288147,0.5405834317207336,276.8316345214844,0.5406867861747742
7075_22c_40_6_2_frame_29.jpeg,275.2283630371094,274.8205261230469,0.5375553965568542,0.5367588400840759,275.0244445800781,0.5371571183204651
7075_22c_40_6_2_frame_3.jpeg,274.11651611328125,273.446044921875,0.5353838205337524,0.5340743064880371,273.7812805175781,0.5347290635108948
7075_22c_40_6_2_frame_30.jpeg,273.9974670410156,273.4411926269531,0.5351513028144836,0.5340648293495178,273.7193298339844,0.5346080660820007
7075_22c_40_6_2_frame_31.jpeg,276.9506530761719,276.73272705078125,0.5409192442893982,0.5404936075210571,276.84169006347656,0.5407064259052277
7075_22c_40_6_2_frame_32.jpeg,275.4803161621094,275.129150390625,0.5380474925041199,0.5373616218566895,275.3047332763672,0.5377045571804047
7075_22c_40_6_2_frame_33.jpeg,274.01483154296875,273.5888366699219,0.5351852178573608,0.5343531966209412,273.8018341064453,0.534769207239151
7075_22c_40_6_2_frame_34.jpeg,275.780517578125,275.520263671875,0.5386338233947754,0.5381255149841309,275.650390625,0.5383796691894531
7075_22c_40_6_2_frame_35.jpeg,276.7250671386719,276.2849426269531,0.5404786467552185,0.5396190285682678,276.5050048828125,0.5400488376617432
7075_22c_40_6_2_frame_36.jpeg,274.3621826171875,273.9392395019531,0.5358636379241943,0.5350375771522522,274.1507110595703,0.5354506075382233
7075_22c_40_6_2_frame_37.jpeg,274.7946472167969,274.31317138671875,0.5367082953453064,0.5357679128646851,274.5539093017578,0.5362381041049957
7075_22c_40_6_2_frame_38.jpeg,277.0824279785156,277.09454345703125,0.5411766171455383,0.5412002801895142,277.08848571777344,0.5411884486675262
7075_22c_40_6_2_frame_39.jpeg,275.5439147949219,275.1893615722656,0.5381717085838318,0.5374792218208313,275.36663818359375,0.5378254652023315
7075_22c_40_6_2_frame_4.jpeg,275.9116516113281,275.65966796875,0.5388899445533752,0.5383977890014648,275.78565979003906,0.53864386677742
7075_22c_40_6_2_frame_40.jpeg,274.0242614746094,273.4912109375,0.5352036356925964,0.5341625213623047,273.7577362060547,0.5346830785274506
7075_22c_40_6_2_frame_41.jpeg,277.1092834472656,276.9929504394531,0.5412290692329407,0.5410018563270569,277.0511169433594,0.5411154627799988
7075_22c_40_6_2_frame_42.jpeg,275.5907287597656,275.2922668457031,0.5382631421089172,0.5376802086830139,275.4414978027344,0.5379716753959656
7075_22c_40_6_2_frame_43.jpeg,274.135009765625,273.74639892578125,0.5354199409484863,0.5346609354019165,273.9407043457031,0.5350404381752014
7075_22c_40_6_2_frame_44.jpeg,276.3865051269531,276.26416015625,0.5398173928260803,0.5395784378051758,276.32533264160156,0.539697915315628
7075_22c_40_6_2_frame_45.jpeg,276.6424560546875,276.30340576171875,0.5403172969818115,0.5396550893783569,276.4729309082031,0.5399861931800842
7075_22c_40_6_2_frame_46.jpeg,274.2864074707031,273.8774108886719,0.535715639591217,0.5349168181419373,274.0819091796875,0.5353162288665771
7075_22c_40_6_2_frame_47.jpeg,274.9766845703125,274.5501403808594,0.5370638370513916,0.536230742931366,274.76341247558594,0.5366472899913788
7075_22c_40_6_2_frame_48.jpeg,277.1199035644531,277.1774597167969,0.5412498116493225,0.5413622260093689,277.148681640625,0.5413060188293457
7075_22c_40_6_2_frame_49.jpeg,275.5643310546875,275.2447204589844,0.5382115840911865,0.5375873446464539,275.40452575683594,0.5378994643688202
7075_22c_40_6_2_frame_5.jpeg,276.9139099121094,276.72711181640625,0.5408474802970886,0.5404826402664185,276.8205108642578,0.5406650602817535
7075_22c_40_6_2_frame_50.jpeg,274.0379638671875,273.531982421875,0.5352303981781006,0.5342421531677246,273.78497314453125,0.5347362756729126
7075_22c_40_6_2_frame_6.jpeg,274.8354187011719,274.4289245605469,0.5367879271507263,0.5359939932823181,274.6321716308594,0.5363909602165222
7075_22c_40_6_2_frame_7.jpeg,275.1134338378906,274.4576721191406,0.5373309254646301,0.5360501408576965,274.7855529785156,0.5366905331611633
7075_22c_40_6_2_frame_8.jpeg,276.9660949707031,276.64300537109375,0.5409494042396545,0.5403183698654175,276.80455017089844,0.540633887052536
7075_22c_40_6_2_frame_9.jpeg,275.8201904296875,275.4765930175781,0.5387113094329834,0.5380402207374573,275.6483917236328,0.5383757650852203
7075_22c_40_6_3_frame_1.jpeg,280.8632507324219,281.1956481933594,0.5485610365867615,0.549210250377655,281.0294494628906,0.5488856434822083
7075_22c_40_6_3_frame_10.jpeg,281.1236572265625,281.8399658203125,0.5490696430206299,0.5504686832427979,281.4818115234375,0.5497691631317139
7075_22c_40_6_3_frame_11.jpeg,280.96502685546875,281.4551086425781,0.5487598180770874,0.5497170090675354,281.21006774902344,0.5492384135723114
7075_22c_40_6_3_frame_12.jpeg,280.3421325683594,281.0274658203125,0.5475432276725769,0.5488817691802979,280.68479919433594,0.5482124984264374
7075_22c_40_6_3_frame_13.jpeg,280.6937255859375,281.23687744140625,0.5482299327850342,0.5492907762527466,280.9653015136719,0.5487603545188904
7075_22c_40_6_3_frame_14.jpeg,280.931884765625,281.4923400878906,0.5486950874328613,0.5497897267341614,281.2121124267578,0.5492424070835114
7075_22c_40_6_3_frame_15.jpeg,281.1714782714844,281.8677062988281,0.5491630434989929,0.5505228638648987,281.51959228515625,0.5498429536819458
7075_22c_40_6_3_frame_16.jpeg,281.1694030761719,281.9794006347656,0.5491589903831482,0.5507410168647766,281.57440185546875,0.5499500036239624
7075_22c_40_6_3_frame_17.jpeg,280.901123046875,281.593017578125,0.5486350059509277,0.5499863624572754,281.2470703125,0.5493106842041016
7075_22c_40_6_3_frame_18.jpeg,280.6648254394531,281.14410400390625,0.5481734871864319,0.5491095781326294,280.9044647216797,0.5486415326595306
7075_22c_40_6_3_frame_19.jpeg,281.34783935546875,282.3193359375,0.5495074987411499,0.5514049530029297,281.8335876464844,0.5504562258720398
7075_22c_40_6_3_frame_2.jpeg,280.29559326171875,280.8856506347656,0.5474523305892944,0.5486047863960266,280.5906219482422,0.5480285584926605
7075_22c_40_6_3_frame_20.jpeg,281.2969055175781,282.09088134765625,0.5494080185890198,0.5509587526321411,281.6938934326172,0.5501833856105804
7075_22c_40_6_3_frame_21.jpeg,280.9070129394531,281.3830261230469,0.5486465096473694,0.5495762228965759,281.14501953125,0.5491113662719727
7075_22c_40_6_3_frame_22.jpeg,280.78204345703125,281.4494934082031,0.5484024286270142,0.5497060418128967,281.1157684326172,0.5490542352199554
7075_22c_40_6_3_frame_23.jpeg,281.65057373046875,282.46929931640625,0.5500987768173218,0.551697850227356,282.0599365234375,0.5508983135223389
7075_22c_40_6_3_frame_24.jpeg,281.2362365722656,281.8190002441406,0.5492895245552063,0.5504277348518372,281.5276184082031,0.5498586297035217
7075_22c_40_6_3_frame_25.jpeg,280.6859436035156,281.3168029785156,0.5482147336006165,0.5494468808174133,281.0013732910156,0.5488308072090149
7075_22c_40_6_3_frame_26.jpeg,281.0775451660156,281.9363708496094,0.5489795804023743,0.5506569743156433,281.5069580078125,0.5498182773590088
7075_22c_40_6_3_frame_27.jpeg,281.3789978027344,282.1064758300781,0.5495683550834656,0.5509892106056213,281.74273681640625,0.5502787828445435
7075_22c_40_6_3_frame_28.jpeg,280.5518493652344,281.01458740234375,0.5479528307914734,0.5488566160202026,280.78321838378906,0.548404723405838
7075_22c_40_6_3_frame_29.jpeg,280.9985046386719,281.92010498046875,0.548825204372406,0.550625205039978,281.4593048095703,0.549725204706192
7075_22c_40_6_3_frame_3.jpeg,280.54541015625,281.0306396484375,0.5479402542114258,0.5488879680633545,280.78802490234375,0.5484141111373901
7075_22c_40_6_3_frame_30.jpeg,281.20013427734375,281.92596435546875,0.549219012260437,0.5506366491317749,281.56304931640625,0.549927830696106
7075_22c_40_6_3_frame_31.jpeg,280.7543640136719,281.2317810058594,0.5483483672142029,0.5492808222770691,280.9930725097656,0.548814594745636
7075_22c_40_6_3_frame_32.jpeg,280.8196105957031,281.5466003417969,0.5484758019447327,0.549895703792572,281.18310546875,0.5491857528686523
7075_22c_40_6_3_frame_33.jpeg,281.5827941894531,282.4075927734375,0.5499663949012756,0.5515773296356201,281.9951934814453,0.5507718622684479
7075_22c_40_6_3_frame_34.jpeg,281.0189208984375,281.58477783203125,0.5488650798797607,0.549970269203186,281.3018493652344,0.5494176745414734
7075_22c_40_6_3_frame_35.jpeg,280.6993103027344,281.3545227050781,0.5482408404350281,0.5495205521583557,281.02691650390625,0.5488806962966919
7075_22c_40_6_3_frame_36.jpeg,280.9523010253906,281.8240051269531,0.5487349629402161,0.5504375100135803,281.3881530761719,0.5495862364768982
7075_22c_40_6_3_frame_37.jpeg,281.4503173828125,282.2419128417969,0.5497076511383057,0.5512537360191345,281.8461151123047,0.5504806935787201
7075_22c_40_6_3_frame_38.jpeg,280.4939880371094,280.9661560058594,0.5478398203849792,0.5487620234489441,280.7300720214844,0.5483009219169617
7075_22c_40_6_3_frame_39.jpeg,281.25299072265625,282.2351379394531,0.549322247505188,0.5512405037879944,281.7440643310547,0.5502813756465912
7075_22c_40_6_3_frame_4.jpeg,280.7808837890625,281.2467956542969,0.5484001636505127,0.5493101477622986,281.0138397216797,0.5488551557064056
7075_22c_40_6_3_frame_40.jpeg,281.17864990234375,281.95330810546875,0.5491770505905151,0.5506900548934937,281.56597900390625,0.5499335527420044
7075_22c_40_6_3_frame_41.jpeg,280.9783630371094,281.4338684082031,0.5487858653068542,0.5496755242347717,281.20611572265625,0.549230694770813
7075_22c_40_6_3_frame_42.jpeg,280.8618469238281,281.5798034667969,0.5485582947731018,0.5499605536460876,281.2208251953125,0.5492594242095947
7075_22c_40_6_3_frame_43.jpeg,281.3083801269531,281.9902038574219,0.5494304299354553,0.5507621169090271,281.6492919921875,0.5500962734222412
7075_22c_40_6_3_frame_44.jpeg,280.736328125,281.2310485839844,0.5483131408691406,0.5492793917655945,280.9836883544922,0.5487962663173676
7075_22c_40_6_3_frame_45.jpeg,281.0982666015625,281.7931823730469,0.5490200519561768,0.5503773093223572,281.4457244873047,0.549698680639267
7075_22c_40_6_3_frame_46.jpeg,281.0627136230469,281.95025634765625,0.5489506125450134,0.5506840944290161,281.50648498535156,0.5498173534870148
7075_22c_40_6_3_frame_47.jpeg,281.42669677734375,282.1897277832031,0.5496615171432495,0.5511518120765686,281.80821228027344,0.5504066646099091
7075_22c_40_6_3_frame_48.jpeg,280.8232421875,281.3048400878906,0.5484828948974609,0.5494235157966614,281.0640411376953,0.5489532053470612
7075_22c_40_6_3_frame_49.jpeg,281.46380615234375,282.4970397949219,0.5497339963912964,0.5517520308494568,281.9804229736328,0.5507430136203766
7075_22c_40_6_3_frame_5.jpeg,280.3641357421875,280.84869384765625,0.54758620262146,0.5485326051712036,280.6064147949219,0.5480594038963318
7075_22c_40_6_3_frame_50.jpeg,281.4632873535156,282.2948913574219,0.5497329831123352,0.5513572096824646,281.87908935546875,0.5505450963973999
7075_22c_40_6_3_frame_6.jpeg,280.5796813964844,281.15313720703125,0.5480071902275085,0.5491272211074829,280.8664093017578,0.5485672056674957
7075_22c_40_6_3_frame_7.jpeg,280.6231994628906,281.2032470703125,0.5480921864509583,0.5492250919342041,280.91322326660156,0.5486586391925812
7075_22c_40_6_3_frame_8.jpeg,280.31805419921875,280.7325134277344,0.5474961996078491,0.5483056902885437,280.52528381347656,0.5479009449481964
7075_22c_40_6_3_frame_9.jpeg,280.6177673339844,281.22808837890625,0.5480815768241882,0.5492736101150513,280.9229278564453,0.5486775934696198
7075_22c_40_6_4_frame_1.jpeg,275.0998840332031,276.09661865234375,0.5373044610023499,0.5392512083053589,275.59825134277344,0.5382778346538544
7075_22c_40_6_4_frame_10.jpeg,274.39166259765625,274.8368225097656,0.5359212160110474,0.536790668964386,274.61424255371094,0.5363559424877167
7075_22c_40_6_4_frame_11.jpeg,275.0765686035156,276.0719299316406,0.5372589230537415,0.5392029881477356,275.5742492675781,0.5382309556007385
7075_22c_40_6_4_frame_12.jpeg,272.61651611328125,272.7368469238281,0.5324541330337524,0.5326891541481018,272.6766815185547,0.5325716435909271
7075_22c_40_6_4_frame_13.jpeg,272.7200012207031,272.9833984375,0.5326562523841858,0.5331707000732422,272.85169982910156,0.532913476228714
7075_22c_40_6_4_frame_14.jpeg,275.16351318359375,275.72430419921875,0.5374287366867065,0.5385240316390991,275.44390869140625,0.5379763841629028
7075_22c_40_6_4_frame_15.jpeg,273.85028076171875,274.3965148925781,0.5348638296127319,0.5359306931495667,274.12339782714844,0.5353972613811493
7075_22c_40_6_4_frame_16.jpeg,272.6390686035156,273.129638671875,0.5324981808662415,0.5334563255310059,272.8843536376953,0.5329772531986237
7075_22c_40_6_4_frame_17.jpeg,275.0186462402344,275.7071838378906,0.5371457934379578,0.5384905934333801,275.3629150390625,0.537818193435669
7075_22c_40_6_4_frame_18.jpeg,274.5972900390625,275.32269287109375,0.536322832107544,0.537739634513855,274.9599914550781,0.5370312333106995
7075_22c_40_6_4_frame_19.jpeg,273.0372009277344,273.47418212890625,0.5332757830619812,0.53412926197052,273.2556915283203,0.5337025225162506
7075_22c_40_6_4_frame_2.jpeg,272.61614990234375,272.7198791503906,0.5324534177780151,0.5326560139656067,272.6680145263672,0.5325547158718109
7075_22c_40_6_4_frame_20.jpeg,273.8886413574219,274.4644775390625,0.5349387526512146,0.5360634326934814,274.1765594482422,0.535501092672348
7075_22c_40_6_4_frame_21.jpeg,275.2183532714844,276.15399169921875,0.5375358462333679,0.5393632650375366,275.68617248535156,0.5384495556354523
7075_22c_40_6_4_frame_22.jpeg,272.26165771484375,272.3244323730469,0.5317610502243042,0.5318836569786072,272.2930450439453,0.5318223536014557
7075_22c_40_6_4_frame_23.jpeg,272.9339599609375,273.2884216308594,0.533074140548706,0.5337664484977722,273.11119079589844,0.5334202945232391
7075_22c_40_6_4_frame_24.jpeg,275.1181945800781,275.75299072265625,0.5373402237892151,0.538580060005188,275.4355926513672,0.5379601418972015
7075_22c_40_6_4_frame_25.jpeg,274.4242248535156,275.0841369628906,0.5359848141670227,0.5372737050056458,274.7541809082031,0.5366292595863342
7075_22c_40_6_4_frame_26.jpeg,272.30938720703125,272.6088562011719,0.5318542718887329,0.5324391722679138,272.45912170410156,0.5321467220783234
7075_22c_40_6_4_frame_27.jpeg,275.3097839355469,276.0592041015625,0.537714421749115,0.5391781330108643,275.6844940185547,0.5384462773799896
7075_22c_40_6_4_frame_28.jpeg,274.7087707519531,275.4366455078125,0.5365405678749084,0.5379621982574463,275.0727081298828,0.5372513830661774
7075_22c_40_6_4_frame_29.jpeg,272.29345703125,272.6809997558594,0.5318231582641602,0.5325800776481628,272.4872283935547,0.5322016179561615
7075_22c_40_6_4_frame_3.jpeg,273.1633605957031,273.49871826171875,0.5335221886634827,0.5341771841049194,273.33103942871094,0.533849686384201
7075_22c_40_6_4_frame_30.jpeg,274.35400390625,274.95574951171875,0.5358476638793945,0.5370229482650757,274.6548767089844,0.5364353060722351
7075_22c_40_6_4_frame_31.jpeg,275.1978454589844,276.06463623046875,0.5374957919120789,0.5391887426376343,275.63124084472656,0.5383422672748566
7075_22c_40_6_4_frame_32.jpeg,272.45654296875,272.57806396484375,0.5321416854858398,0.5323790311813354,272.5173034667969,0.5322603583335876
7075_22c_40_6_4_frame_33.jpeg,272.805908203125,273.23944091796875,0.5328240394592285,0.5336707830429077,273.0226745605469,0.5332474112510681
7075_22c_40_6_4_frame_34.jpeg,275.197021484375,275.8009338378906,0.5374941825866699,0.5386736989021301,275.4989776611328,0.5380839407444
7075_22c_40_6_4_frame_35.jpeg,274.2037658691406,274.8725891113281,0.5355542302131653,0.5368605256080627,274.5381774902344,0.536207377910614
7075_22c_40_6_4_frame_36.jpeg,272.4292297363281,272.7951965332031,0.5320883393287659,0.5328031182289124,272.6122131347656,0.5324457287788391
7075_22c_40_6_4_frame_37.jpeg,275.56719970703125,276.349365234375,0.5382171869277954,0.5397448539733887,275.9582824707031,0.538981020450592
7075_22c_40_6_4_frame_38.jpeg,274.7797546386719,275.62994384765625,0.536679208278656,0.5383397340774536,275.20484924316406,0.5375094711780548
7075_22c_40_6_4_frame_39.jpeg,273.0301513671875,273.49676513671875,0.5332620143890381,0.5341733694076538,273.2634582519531,0.533717691898346
7075_22c_40_6_4_frame_4.jpeg,275.0521545410156,275.7547912597656,0.5372112393379211,0.5385835766792297,275.4034729003906,0.5378974080085754
7075_22c_40_6_4_frame_40.jpeg,274.0705261230469,274.7297668457031,0.5352939963340759,0.5365815758705139,274.400146484375,0.5359377861022949
7075_22c_40_6_4_frame_41.jpeg,275.3562927246094,276.27813720703125,0.5378052592277527,0.5396057367324829,275.8172149658203,0.5387054979801178
7075_22c_40_6_4_frame_42.jpeg,273.00152587890625,273.1092224121094,0.5332061052322388,0.5334164500236511,273.0553741455078,0.533311277627945
7075_22c_40_6_4_frame_43.jpeg,272.8601379394531,273.2136535644531,0.5329299569129944,0.5336204171180725,273.0368957519531,0.5332751870155334
7075_22c_40_6_4_frame_44.jpeg,275.4298095703125,276.102294921875,0.5379488468170166,0.5392622947692871,275.76605224609375,0.5386055707931519
7075_22c_40_6_4_frame_45.jpeg,274.1279296875,274.8145751953125,0.5354061126708984,0.5367472171783447,274.47125244140625,0.5360766649246216
7075_22c_40_6_4_frame_46.jpeg,272.7093505859375,273.19384765625,0.5326354503631592,0.5335817337036133,272.95159912109375,0.5331085920333862
7075_22c_40_6_4_frame_47.jpeg,275.5293273925781,276.378173828125,0.5381432175636292,0.5398011207580566,275.95375061035156,0.5389721691608429
7075_22c_40_6_4_frame_48.jpeg,274.8192443847656,275.7072448730469,0.5367563366889954,0.5384907126426697,275.26324462890625,0.5376235246658325
7075_22c_40_6_4_frame_49.jpeg,273.1501770019531,273.6688232421875,0.5334964394569397,0.5345094203948975,273.4095001220703,0.5340029299259186
7075_22c_40_6_4_frame_5.jpeg,274.2236022949219,274.7057800292969,0.5355929732322693,0.5365347266197205,274.4646911621094,0.5360638499259949
7075_22c_40_6_4_frame_50.jpeg,274.5469665527344,275.20697021484375,0.5362245440483093,0.5375136137008667,274.87696838378906,0.536869078874588
7075_22c_40_6_4_frame_6.jpeg,272.5240173339844,272.79736328125,0.5322734713554382,0.5328073501586914,272.6606903076172,0.5325404107570648
7075_22c_40_6_4_frame_7.jpeg,274.8737487792969,275.4400329589844,0.5368627905845642,0.5379688143730164,275.1568908691406,0.5374158024787903
7075_22c_40_6_4_frame_8.jpeg,274.30828857421875,274.9293212890625,0.535758376121521,0.5369713306427002,274.6188049316406,0.5363648533821106
7075_22c_40_6_4_frame_9.jpeg,272.6826477050781,272.8841552734375,0.5325832962989807,0.5329768657684326,272.7834014892578,0.5327800810337067
7075_22c_40_6_5_frame_1.jpeg,267.6828918457031,266.86029052734375,0.5228181481361389,0.5212115049362183,267.27159118652344,0.5220148265361786
7075_22c_40_6_5_frame_10.jpeg,267.5718688964844,266.75830078125,0.522601306438446,0.5210123062133789,267.1650848388672,0.5218068063259125
7075_22c_40_6_5_frame_11.jpeg,267.6042175292969,266.8016052246094,0.522664487361908,0.5210968852043152,267.2029113769531,0.5218806862831116
7075_22c_40_6_5_frame_12.jpeg,268.689208984375,268.2003479003906,0.5247836112976074,0.5238288044929504,268.4447784423828,0.5243062078952789
7075_22c_40_6_5_frame_13.jpeg,267.51031494140625,266.6968994140625,0.5224810838699341,0.5208923816680908,267.1036071777344,0.5216867327690125
7075_22c_40_6_5_frame_14.jpeg,267.8018798828125,267.04620361328125,0.5230505466461182,0.5215746164321899,267.4240417480469,0.522312581539154
7075_22c_40_6_5_frame_15.jpeg,268.7162170410156,268.12841796875,0.5248363614082336,0.5236883163452148,268.4223175048828,0.5242623388767242
7075_22c_40_6_5_frame_16.jpeg,267.5901794433594,266.8094177246094,0.5226370692253113,0.5211121439933777,267.1997985839844,0.5218746066093445
7075_22c_40_6_5_frame_17.jpeg,267.58746337890625,266.8763732910156,0.5226317644119263,0.5212429165840149,267.23191833496094,0.5219373404979706
7075_22c_40_6_5_frame_18.jpeg,268.4413757324219,268.0727844238281,0.5242995619773865,0.5235796570777893,268.257080078125,0.5239396095275879
7075_22c_40_6_5_frame_19.jpeg,268.0438537597656,267.4033203125,0.5235231518745422,0.5222721099853516,267.7235870361328,0.5228976309299469
7075_22c_40_6_5_frame_2.jpeg,268.72332763671875,268.20623779296875,0.5248502492904663,0.5238403081893921,268.46478271484375,0.5243452787399292
7075_22c_40_6_5_frame_20.jpeg,268.008056640625,267.4437561035156,0.5234532356262207,0.522351086139679,267.7259063720703,0.5229021608829498
7075_22c_40_6_5_frame_21.jpeg,267.7908020019531,267.0711364746094,0.5230289101600647,0.5216233134269714,267.43096923828125,0.5223261117935181
7075_22c_40_6_5_frame_22.jpeg,268.837646484375,268.3975524902344,0.5250735282897949,0.524213969707489,268.6175994873047,0.524643748998642
7075_22c_40_6_5_frame_23.jpeg,267.08404541015625,266.22381591796875,0.5216485261917114,0.5199683904647827,266.6539306640625,0.5208084583282471
7075_22c_40_6_5_frame_24.jpeg,267.5374755859375,266.8227233886719,0.5225341320037842,0.5211381316184998,267.1800994873047,0.521836131811142
7075_22c_40_6_5_frame_25.jpeg,268.4886779785156,267.9180603027344,0.5243919491767883,0.5232774615287781,268.203369140625,0.5238347053527832
7075_22c_40_6_5_frame_26.jpeg,268.1949768066406,267.58282470703125,0.52381831407547,0.5226227045059204,267.88890075683594,0.5232205092906952
7075_22c_40_6_5_frame_27.jpeg,268.0738830566406,267.5762023925781,0.5235818028450012,0.5226097702980042,267.8250427246094,0.5230957865715027
7075_22c_40_6_5_frame_28.jpeg,268.52520751953125,268.198974609375,0.5244632959365845,0.5238261222839355,268.3620910644531,0.52414470911026
7075_22c_40_6_5_frame_29.jpeg,268.2093505859375,267.6526794433594,0.5238463878631592,0.5227591395378113,267.93101501464844,0.5233027637004852
7075_22c_40_6_5_frame_3.jpeg,267.5765686035156,266.7413635253906,0.5226104855537415,0.5209792256355286,267.1589660644531,0.521794855594635
7075_22c_40_6_5_frame_30.jpeg,267.96270751953125,267.46923828125,0.5233646631240845,0.5224008560180664,267.7159729003906,0.5228827595710754
7075_22c_40_6_5_frame_31.jpeg,268.3986511230469,267.8232421875,0.5242161154747009,0.5230922698974609,268.11094665527344,0.5236541926860809
7075_22c_40_6_5_frame_32.jpeg,268.69134521484375,268.18328857421875,0.5247877836227417,0.523795485496521,268.43731689453125,0.5242916345596313
7075_22c_40_6_5_frame_33.jpeg,267.2237548828125,266.3690490722656,0.5219213962554932,0.5202520489692688,266.79640197753906,0.521086722612381
7075_22c_40_6_5_frame_34.jpeg,267.380615234375,266.6426696777344,0.5222277641296387,0.520786464214325,267.0116424560547,0.5215071141719818
7075_22c_40_6_5_frame_35.jpeg,268.59686279296875,268.04248046875,0.5246032476425171,0.5235204696655273,268.3196716308594,0.5240618586540222
7075_22c_40_6_5_frame_36.jpeg,268.02996826171875,267.38250732421875,0.5234960317611694,0.5222314596176147,267.70623779296875,0.5228637456893921
7075_22c_40_6_5_frame_37.jpeg,267.865234375,267.34326171875,0.5231742858886719,0.5221548080444336,267.604248046875,0.5226645469665527
7075_22c_40_6_5_frame_38.jpeg,268.8620300292969,268.60406494140625,0.5251211524009705,0.5246173143386841,268.73304748535156,0.5248692333698273
7075_22c_40_6_5_frame_39.jpeg,268.38287353515625,267.9354248046875,0.524185299873352,0.5233113765716553,268.1591491699219,0.5237483382225037
7075_22c_40_6_5_frame_4.jpeg,267.8312683105469,267.0584411621094,0.5231079459190369,0.5215985178947449,267.4448547363281,0.5223532319068909
7075_22c_40_6_5_frame_40.jpeg,268.10394287109375,267.6083984375,0.523640513420105,0.5226726531982422,267.8561706542969,0.5231565833091736
7075_22c_40_6_5_frame_41.jpeg,268.2533264160156,267.60272216796875,0.5239322781562805,0.522661566734314,267.9280242919922,0.5232969224452972
7075_22c_40_6_5_frame_42.jpeg,268.6384582519531,268.1199035644531,0.524684488773346,0.5236716866493225,268.3791809082031,0.5241780877113342
7075_22c_40_6_5_frame_43.jpeg,267.1599426269531,266.3226318359375,0.5217967629432678,0.5201613903045654,266.7412872314453,0.5209790766239166
7075_22c_40_6_5_frame_44.jpeg,267.457763671875,266.7315673828125,0.5223784446716309,0.5209600925445557,267.09466552734375,0.5216692686080933
7075_22c_40_6_5_frame_45.jpeg,268.9293212890625,268.4859924316406,0.5252525806427002,0.5243867039680481,268.70765686035156,0.5248196423053741
7075_22c_40_6_5_frame_46.jpeg,268.009033203125,267.35882568359375,0.5234551429748535,0.522185206413269,267.6839294433594,0.5228201746940613
7075_22c_40_6_5_frame_47.jpeg,267.899169921875,267.3704528808594,0.5232405662536621,0.5222079157829285,267.6348114013672,0.5227242410182953
7075_22c_40_6_5_frame_48.jpeg,268.92913818359375,268.6691589355469,0.5252522230148315,0.52474445104599,268.7991485595703,0.5249983370304108
7075_22c_40_6_5_frame_49.jpeg,268.4618835449219,268.0587463378906,0.5243396162986755,0.5235522389411926,268.26031494140625,0.5239459276199341
7075_22c_40_6_5_frame_5.jpeg,268.67626953125,268.14105224609375,0.5247583389282227,0.5237129926681519,268.4086608886719,0.5242356657981873
7075_22c_40_6_5_frame_50.jpeg,268.0546569824219,267.57635498046875,0.5235442519187927,0.522610068321228,267.8155059814453,0.5230771601200104
7075_22c_40_6_5_frame_6.jpeg,267.4437561035156,266.58587646484375,0.522351086139679,0.520675539970398,267.0148162841797,0.5215133130550385
7075_22c_40_6_5_frame_7.jpeg,267.7579345703125,266.9601135253906,0.5229647159576416,0.5214064717292786,267.35902404785156,0.5221855938434601
7075_22c_40_6_5_frame_8.jpeg,268.1613464355469,267.6133117675781,0.5237526297569275,0.522682249546051,267.8873291015625,0.5232174396514893
7075_22c_40_6_5_frame_9.jpeg,267.938720703125,267.2705383300781,0.523317813873291,0.5220127701759338,267.60462951660156,0.5226652920246124
7075_22c_40_6_6_frame_1.jpeg,265.01165771484375,263.9816589355469,0.5176008939743042,0.51558917760849,264.4966583251953,0.5165950357913971
7075_22c_40_6_6_frame_10.jpeg,265.1358947753906,264.21368408203125,0.5178435444831848,0.5160423517227173,264.67478942871094,0.516942948102951
7075_22c_40_6_6_frame_11.jpeg,265.03045654296875,264.09967041015625,0.5176376104354858,0.5158196687698364,264.5650634765625,0.5167286396026611
7075_22c_40_6_6_frame_12.jpeg,266.0487365722656,265.4306335449219,0.5196264386177063,0.5184192061424255,265.73968505859375,0.5190228223800659
7075_22c_40_6_6_frame_13.jpeg,264.44219970703125,263.2178955078125,0.5164886713027954,0.5140974521636963,263.8300476074219,0.5152930617332458
7075_22c_40_6_6_frame_14.jpeg,264.1431884765625,262.808837890625,0.5159046649932861,0.513298511505127,263.47601318359375,0.5146015882492065
7075_22c_40_6_6_frame_15.jpeg,266.6124572753906,266.1632080078125,0.5207274556159973,0.5198500156402588,266.38783264160156,0.520288735628128
7075_22c_40_6_6_frame_16.jpeg,265.03985595703125,264.0918884277344,0.5176559686660767,0.5158044695854187,264.5658721923828,0.5167302191257477
7075_22c_40_6_6_frame_17.jpeg,265.06536865234375,264.25604248046875,0.5177057981491089,0.5161250829696655,264.66070556640625,0.5169154405593872
7075_22c_40_6_6_frame_18.jpeg,265.5000305175781,264.7149658203125,0.5185547471046448,0.5170214176177979,265.1074981689453,0.5177880823612213
7075_22c_40_6_6_frame_19.jpeg,265.38226318359375,264.469970703125,0.5183247327804565,0.516542911529541,264.9261169433594,0.5174338221549988
7075_22c_40_6_6_frame_2.jpeg,265.74298095703125,264.9942321777344,0.5190292596817017,0.5175668597221375,265.3686065673828,0.5182980597019196
7075_22c_40_6_6_frame_20.jpeg,265.0934753417969,264.34979248046875,0.517760694026947,0.5163081884384155,264.7216339111328,0.5170344412326813
7075_22c_40_6_6_frame_21.jpeg,265.4681396484375,264.6031799316406,0.5184924602508545,0.5168030858039856,265.03565979003906,0.51764777302742
7075_22c_40_6_6_frame_22.jpeg,266.0406188964844,265.52459716796875,0.519610583782196,0.518602728843689,265.78260803222656,0.5191066563129425
7075_22c_40_6_6_frame_23.jpeg,264.725830078125,263.742919921875,0.5170426368713379,0.5151228904724121,264.234375,0.516082763671875
7075_22c_40_6_6_frame_24.jpeg,264.6726379394531,263.79962158203125,0.5169387459754944,0.5152336359024048,264.2361297607422,0.5160861909389496
7075_22c_40_6_6_frame_25.jpeg,266.8565979003906,266.31182861328125,0.5212042927742004,0.5201402902603149,266.58421325683594,0.5206722915172577
7075_22c_40_6_6_frame_26.jpeg,264.7136535644531,263.81011962890625,0.5170188546180725,0.5152541399002075,264.2618865966797,0.51613649725914
7075_22c_40_6_6_frame_27.jpeg,264.39923095703125,263.4162292480469,0.5164047479629517,0.5144848227500916,263.90773010253906,0.5154447853565216
7075_22c_40_6_6_frame_28.jpeg,265.4224548339844,264.67315673828125,0.5184032320976257,0.5169397592544556,265.0478057861328,0.5176714956760406
7075_22c_40_6_6_frame_29.jpeg,265.63397216796875,264.81146240234375,0.518816351890564,0.5172098875045776,265.22271728515625,0.5180131196975708
7075_22c_40_6_6_frame_3.jpeg,264.12744140625,262.8114929199219,0.515873908996582,0.5133036971092224,263.46946716308594,0.5145888030529022
7075_22c_40_6_6_frame_30.jpeg,264.5603942871094,263.7288818359375,0.5167195200920105,0.5150954723358154,264.14463806152344,0.515907496213913
7075_22c_40_6_6_frame_31.jpeg,265.26336669921875,264.4559326171875,0.5180925130844116,0.5165154933929443,264.8596496582031,0.517304003238678
7075_22c_40_6_6_frame_32.jpeg,266.0647277832031,265.4876403808594,0.5196576714515686,0.518530547618866,265.77618408203125,0.5190941095352173
7075_22c_40_6_6_frame_33.jpeg,264.96746826171875,264.0514221191406,0.5175145864486694,0.5157254338264465,264.5094451904297,0.516620010137558
7075_22c_40_6_6_frame_34.jpeg,264.80596923828125,263.9771728515625,0.5171991586685181,0.515580415725708,264.3915710449219,0.516389787197113
7075_22c_40_6_6_frame_35.jpeg,267.06219482421875,266.5871887207031,0.5216058492660522,0.5206781029701233,266.82469177246094,0.5211419761180878
7075_22c_40_6_6_frame_36.jpeg,264.93328857421875,264.07598876953125,0.517447829246521,0.5157734155654907,264.504638671875,0.5166106224060059
7075_22c_40_6_6_frame_37.jpeg,264.4197692871094,263.54327392578125,0.5164448618888855,0.5147329568862915,263.9815216064453,0.5155889093875885
7075_22c_40_6_6_frame_38.jpeg,265.65283203125,264.9794921875,0.5188531875610352,0.5175380706787109,265.316162109375,0.518195629119873
7075_22c_40_6_6_frame_39.jpeg,265.6881103515625,264.9459533691406,0.5189220905303955,0.5174725651741028,265.31703186035156,0.5181973278522491
7075_22c_40_6_6_frame_4.jpeg,264.0618896484375,262.76751708984375,0.5157458782196045,0.5132178068161011,263.4147033691406,0.5144818425178528
7075_22c_40_6_6_frame_40.jpeg,265.0189514160156,264.2374572753906,0.5176151394844055,0.5160887837409973,264.6282043457031,0.5168519616127014
7075_22c_40_6_6_frame_41.jpeg,265.51556396484375,264.77093505859375,0.5185850858688354,0.5171307325363159,265.14324951171875,0.5178579092025757
7075_22c_40_6_6_frame_42.jpeg,266.5848388671875,266.12481689453125,0.5206735134124756,0.5197750329971313,266.3548278808594,0.5202242732048035
7075_22c_40_6_6_frame_43.jpeg,265.18170166015625,264.2801818847656,0.5179330110549927,0.5161722302436829,264.73094177246094,0.5170526206493378
7075_22c_40_6_6_frame_44.jpeg,265.1391906738281,264.3410339355469,0.5178499817848206,0.516291081905365,264.7401123046875,0.5170705318450928
7075_22c_40_6_6_frame_45.jpeg,267.1412353515625,266.8074035644531,0.5217602252960205,0.5211082100868225,266.9743194580078,0.5214342176914215
7075_22c_40_6_6_frame_46.jpeg,265.0612487792969,264.22747802734375,0.5176977515220642,0.5160692930221558,264.6443634033203,0.51688352227211
7075_22c_40_6_6_frame_47.jpeg,265.0940246582031,264.2440490722656,0.517761766910553,0.5161016583442688,264.6690368652344,0.5169317126274109
7075_22c_40_6_6_frame_48.jpeg,265.50537109375,264.7995300292969,0.5185651779174805,0.5171865820884705,265.15245056152344,0.5178758800029755
7075_22c_40_6_6_frame_49.jpeg,265.7882080078125,265.0301818847656,0.5191175937652588,0.5176370739936829,265.40919494628906,0.5183773338794708
7075_22c_40_6_6_frame_5.jpeg,266.2107238769531,265.5279235839844,0.5199428200721741,0.5186092257499695,265.86932373046875,0.5192760229110718
7075_22c_40_6_6_frame_50.jpeg,265.4984436035156,264.8014831542969,0.5185516476631165,0.5171903967857361,265.14996337890625,0.5178710222244263
7075_22c_40_6_6_frame_6.jpeg,264.80511474609375,263.8681945800781,0.5171974897384644,0.5153675675392151,264.33665466308594,0.5162825286388397
7075_22c_40_6_6_frame_7.jpeg,264.81671142578125,263.6450500488281,0.517220139503479,0.5149317383766174,264.2308807373047,0.5160759389400482
7075_22c_40_6_6_frame_8.jpeg,265.35272216796875,264.4523620605469,0.518267035484314,0.5165085196495056,264.9025421142578,0.5173877775669098
7075_22c_40_6_6_frame_9.jpeg,265.278076171875,264.29913330078125,0.5181212425231934,0.5162092447280884,264.7886047363281,0.5171652436256409
7075_22c_40_6_7_frame_1.jpeg,276.9035949707031,277.1171875,0.5408273339271545,0.5412445068359375,277.01039123535156,0.541035920381546
7075_22c_40_6_7_frame_10.jpeg,272.9556579589844,272.7828369140625,0.5331165194511414,0.5327789783477783,272.86924743652344,0.5329477488994598
7075_22c_40_6_7_frame_11.jpeg,276.96099853515625,277.15582275390625,0.540939450263977,0.5413199663162231,277.05841064453125,0.5411297082901001
7075_22c_40_6_7_frame_12.jpeg,275.1273193359375,275.19903564453125,0.5373580455780029,0.5374981164932251,275.1631774902344,0.537428081035614
7075_22c_40_6_7_frame_13.jpeg,272.79058837890625,272.4996032714844,0.5327941179275513,0.5322257876396179,272.6450958251953,0.5325099527835846
7075_22c_40_6_7_frame_14.jpeg,276.5437927246094,276.86041259765625,0.5401245951652527,0.5407429933547974,276.7021026611328,0.540433794260025
7075_22c_40_6_7_frame_15.jpeg,275.9341125488281,276.10528564453125,0.5389338135719299,0.5392681360244751,276.0196990966797,0.5391009747982025
7075_22c_40_6_7_frame_16.jpeg,273.2994689941406,273.120361328125,0.5337880253791809,0.5334382057189941,273.2099151611328,0.5336131155490875
7075_22c_40_6_7_frame_17.jpeg,273.7190856933594,273.57977294921875,0.5346075892448425,0.5343354940414429,273.64942932128906,0.5344715416431427
7075_22c_40_6_7_frame_18.jpeg,277.0377502441406,277.3043212890625,0.5410893559455872,0.5416100025177002,277.17103576660156,0.5413496792316437
7075_22c_40_6_7_frame_19.jpeg,274.7377624511719,274.7798767089844,0.5365971922874451,0.5366794466972351,274.7588195800781,0.5366383194923401
7075_22c_40_6_7_frame_2.jpeg,274.919677734375,274.9850769042969,0.5369524955749512,0.5370802283287048,274.95237731933594,0.537016361951828
7075_22c_40_6_7_frame_20.jpeg,272.10577392578125,271.7498474121094,0.5314565896987915,0.5307614207267761,271.9278106689453,0.5311090052127838
7075_22c_40_6_7_frame_21.jpeg,277.29827880859375,277.6409606933594,0.5415982007980347,0.5422675013542175,277.46961975097656,0.5419328510761261
7075_22c_40_6_7_frame_22.jpeg,274.6013488769531,274.5966796875,0.5363307595252991,0.5363216400146484,274.59901428222656,0.5363261997699738
7075_22c_40_6_7_frame_23.jpeg,272.4023132324219,272.2536926269531,0.532035768032074,0.5317454934120178,272.3280029296875,0.5318906307220459
7075_22c_40_6_7_frame_24.jpeg,276.4638977050781,276.7677001953125,0.5399685502052307,0.5405619144439697,276.6157989501953,0.5402652323246002
7075_22c_40_6_7_frame_25.jpeg,276.1687316894531,276.31341552734375,0.5393920540809631,0.5396746397018433,276.24107360839844,0.5395333468914032
7075_22c_40_6_7_frame_26.jpeg,273.02850341796875,272.8573913574219,0.5332587957382202,0.5329245924949646,272.9429473876953,0.5330916941165924
7075_22c_40_6_7_frame_27.jpeg,273.1690673828125,272.955810546875,0.5335333347320557,0.5331168174743652,273.06243896484375,0.5333250761032104
7075_22c_40_6_7_frame_28.jpeg,277.3433837890625,277.76702880859375,0.5416862964630127,0.5425137281417847,277.5552062988281,0.5421000123023987
7075_22c_40_6_7_frame_29.jpeg,274.4986267089844,274.5053405761719,0.5361301302909851,0.5361432433128357,274.5019836425781,0.5361366868019104
7075_22c_40_6_7_frame_3.jpeg,272.63922119140625,272.32708740234375,0.5324984788894653,0.5318888425827026,272.483154296875,0.532193660736084
7075_22c_40_6_7_frame_30.jpeg,272.0951843261719,271.837890625,0.5314359068870544,0.5309333801269531,271.96653747558594,0.5311846435070038
7075_22c_40_6_7_frame_31.jpeg,277.57354736328125,277.9590759277344,0.5421358346939087,0.5428888201713562,277.7663116455078,0.5425123274326324
7075_22c_40_6_7_frame_32.jpeg,274.8161315917969,274.8636169433594,0.5367502570152283,0.5368430018424988,274.8398742675781,0.5367966294288635
7075_22c_40_6_7_frame_33.jpeg,272.57537841796875,272.5182189941406,0.5323737859725952,0.5322621464729309,272.5467987060547,0.5323179662227631
7075_22c_40_6_7_frame_34.jpeg,276.7003479003906,277.0284423828125,0.5404303669929504,0.5410711765289307,276.86439514160156,0.5407507717609406
7075_22c_40_6_7_frame_35.jpeg,276.2242126464844,276.3428039550781,0.5395004153251648,0.539732038974762,276.28350830078125,0.5396162271499634
7075_22c_40_6_7_frame_36.jpeg,273.42498779296875,273.2973937988281,0.5340331792831421,0.5337839722633362,273.36119079589844,0.5339085757732391
7075_22c_40_6_7_frame_37.jpeg,273.44415283203125,273.3179016113281,0.534070611000061,0.5338240265846252,273.3810272216797,0.5339473187923431
7075_22c_40_6_7_frame_38.jpeg,277.8515625,278.4742431640625,0.5426788330078125,0.5438950061798096,278.16290283203125,0.543286919593811
7075_22c_40_6_7_frame_39.jpeg,274.78131103515625,274.8600769042969,0.5366822481155396,0.5368360877037048,274.82069396972656,0.5367591679096222
7075_22c_40_6_7_frame_4.jpeg,276.427734375,276.7796936035156,0.5398979187011719,0.5405853390693665,276.6037139892578,0.5402416288852692
7075_22c_40_6_7_frame_40.jpeg,272.4605712890625,272.2476501464844,0.5321495532989502,0.5317336916923523,272.35411071777344,0.5319416224956512
7075_22c_40_6_7_frame_41.jpeg,277.7451171875,278.236572265625,0.5424709320068359,0.5434308052062988,277.9908447265625,0.5429508686065674
7075_22c_40_6_7_frame_42.jpeg,275.1364440917969,275.3311767578125,0.5373758673667908,0.5377562046051025,275.2338104248047,0.5375660359859467
7075_22c_40_6_7_frame_43.jpeg,272.6040344238281,272.4504089355469,0.5324297547340393,0.53212970495224,272.5272216796875,0.5322797298431396
7075_22c_40_6_7_frame_44.jpeg,276.7781982421875,277.147705078125,0.5405824184417725,0.5413041114807129,276.96295166015625,0.5409432649612427
7075_22c_40_6_7_frame_45.jpeg,276.2905578613281,276.4464111328125,0.5396299958229065,0.5399343967437744,276.3684844970703,0.5397821962833405
7075_22c_40_6_7_frame_46.jpeg,273.243408203125,273.0793762207031,0.5336785316467285,0.5333581566810608,273.16139221191406,0.5335183441638947
7075_22c_40_6_7_frame_47.jpeg,273.4141540527344,273.3619384765625,0.5340120196342468,0.5339100360870361,273.38804626464844,0.5339610278606415
7075_22c_40_6_7_frame_48.jpeg,277.7668151855469,278.3941955566406,0.5425133109092712,0.5437386631965637,278.08050537109375,0.5431259870529175
7075_22c_40_6_7_frame_49.jpeg,274.7433776855469,274.85968017578125,0.5366081595420837,0.5368353128433228,274.80152893066406,0.5367217361927032
7075_22c_40_6_7_frame_5.jpeg,275.46240234375,275.5564880371094,0.5380125045776367,0.5381962656974792,275.5094451904297,0.538104385137558
7075_22c_40_6_7_frame_50.jpeg,272.29608154296875,272.0220642089844,0.5318282842636108,0.5312930941581726,272.15907287597656,0.5315606892108917
7075_22c_40_6_7_frame_6.jpeg,273.815673828125,273.70819091796875,0.5347962379455566,0.5345863103866577,273.7619323730469,0.5346912741661072
7075_22c_40_6_7_frame_7.jpeg,273.9693908691406,273.77166748046875,0.5350964665412903,0.5347102880477905,273.8705291748047,0.5349033772945404
7075_22c_40_6_7_frame_8.jpeg,276.532958984375,276.71795654296875,0.5401034355163574,0.5404647588729858,276.6254577636719,0.5402840971946716
7075_22c_40_6_7_frame_9.jpeg,274.83392333984375,274.7861328125,0.5367850065231323,0.5366916656494141,274.8100280761719,0.5367383360862732
7075_22c_40_6_8_frame_1.jpeg,278.99224853515625,277.9676208496094,0.544906735420227,0.5429055094718933,278.4799346923828,0.5439061224460602
7075_22c_40_6_8_frame_10.jpeg,277.3267822265625,275.64794921875,0.5416538715362549,0.5383749008178711,276.48736572265625,0.540014386177063
7075_22c_40_6_8_frame_11.jpeg,278.5329284667969,277.3771667480469,0.5440096259117126,0.541752278804779,277.9550476074219,0.5428809523582458
7075_22c_40_6_8_frame_12.jpeg,279.3068542480469,277.966064453125,0.5455211997032166,0.5429024696350098,278.63645935058594,0.5442118346691132
7075_22c_40_6_8_frame_13.jpeg,277.0181884765625,275.33673095703125,0.5410511493682861,0.5377670526504517,276.1774597167969,0.5394091010093689
7075_22c_40_6_8_frame_14.jpeg,278.85906982421875,277.5006103515625,0.5446466207504272,0.5419933795928955,278.1798400878906,0.5433200001716614
7075_22c_40_6_8_frame_15.jpeg,277.8894348144531,276.6524963378906,0.5427528023719788,0.5403369069099426,277.2709655761719,0.5415448546409607
7075_22c_40_6_8_frame_16.jpeg,277.880126953125,276.25262451171875,0.5427346229553223,0.5395559072494507,277.0663757324219,0.5411452651023865
7075_22c_40_6_8_frame_17.jpeg,279.4876708984375,278.0091552734375,0.5458743572235107,0.5429866313934326,278.7484130859375,0.5444304943084717
7075_22c_40_6_8_frame_18.jpeg,278.33026123046875,277.1990661621094,0.5436137914657593,0.5414044260978699,277.76466369628906,0.5425091087818146
7075_22c_40_6_8_frame_19.jpeg,278.7540283203125,277.1814270019531,0.5444414615631104,0.5413699746131897,277.9677276611328,0.54290571808815
7075_22c_40_6_8_frame_2.jpeg,279.6329345703125,278.30108642578125,0.5461580753326416,0.543556809425354,278.9670104980469,0.5448574423789978
7075_22c_40_6_8_frame_20.jpeg,277.65673828125,276.0354309082031,0.5422983169555664,0.5391317009925842,276.84608459472656,0.5407150089740753
7075_22c_40_6_8_frame_21.jpeg,279.0347900390625,277.8865051269531,0.544989824295044,0.5427470803260803,278.4606475830078,0.5438684523105621
7075_22c_40_6_8_frame_22.jpeg,279.7850646972656,278.4963684082031,0.5464552044868469,0.5439382195472717,279.1407165527344,0.5451967120170593
7075_22c_40_6_8_frame_23.jpeg,277.60333251953125,275.7550964355469,0.5421940088272095,0.5385841727256775,276.67921447753906,0.5403890907764435
7075_22c_40_6_8_frame_24.jpeg,279.146484375,277.8926086425781,0.5452079772949219,0.5427590012550354,278.51954650878906,0.5439834892749786
7075_22c_40_6_8_frame_25.jpeg,278.0420837402344,276.9397888183594,0.5430509448051453,0.5408980250358582,277.4909362792969,0.5419744849205017
7075_22c_40_6_8_frame_26.jpeg,278.03973388671875,276.32171630859375,0.5430463552474976,0.5396908521652222,277.18072509765625,0.5413686037063599
7075_22c_40_6_8_frame_27.jpeg,279.1629333496094,277.5837707519531,0.5452401041984558,0.5421558022499084,278.37335205078125,0.5436979532241821
7075_22c_40_6_8_frame_28.jpeg,278.1241455078125,276.9856262207031,0.5432112216949463,0.5409875512123108,277.5548858642578,0.5420993864536285
7075_22c_40_6_8_frame_29.jpeg,278.4135437011719,276.8136291503906,0.5437764525413513,0.5406516194343567,277.61358642578125,0.542214035987854
7075_22c_40_6_8_frame_3.jpeg,277.16302490234375,275.50323486328125,0.5413340330123901,0.5380922555923462,276.3331298828125,0.5397131443023682
7075_22c_40_6_8_frame_30.jpeg,277.5334167480469,275.82080078125,0.542057454586029,0.5387125015258789,276.67710876464844,0.540384978055954
7075_22c_40_6_8_frame_31.jpeg,278.7987365722656,277.71380615234375,0.5445287823677063,0.5424097776412964,278.2562713623047,0.5434692800045013
7075_22c_40_6_8_frame_32.jpeg,279.5064392089844,278.20770263671875,0.5459110140800476,0.5433744192123413,278.85707092285156,0.5446427166461945
7075_22c_40_6_8_frame_33.jpeg,277.3915710449219,275.5692138671875,0.541780412197113,0.5382211208343506,276.4803924560547,0.5400007665157318
7075_22c_40_6_8_frame_34.jpeg,278.9374084472656,277.6777648925781,0.5447996258735657,0.5423393845558167,278.3075866699219,0.5435695052146912
7075_22c_40_6_8_frame_35.jpeg,277.8370361328125,276.730712890625,0.5426504611968994,0.540489673614502,277.28387451171875,0.5415700674057007
7075_22c_40_6_8_frame_36.jpeg,277.9303283691406,276.27447509765625,0.5428326725959778,0.5395985841751099,277.10240173339844,0.5412156283855438
7075_22c_40_6_8_frame_37.jpeg,279.0921630859375,277.4967041015625,0.5451018810272217,0.5419857501983643,278.29443359375,0.543543815612793
7075_22c_40_6_8_frame_38.jpeg,278.4476318359375,277.3250427246094,0.5438430309295654,0.5416504740715027,277.88633728027344,0.5427467525005341
7075_22c_40_6_8_frame_39.jpeg,278.6380920410156,277.0704040527344,0.5442150235176086,0.5411531329154968,277.854248046875,0.5426840782165527
7075_22c_40_6_8_frame_4.jpeg,278.85552978515625,277.55450439453125,0.5446397066116333,0.5420986413955688,278.20501708984375,0.5433691740036011
7075_22c_40_6_8_frame_40.jpeg,277.5625305175781,275.8960876464844,0.5421143174171448,0.5388595461845398,276.72930908203125,0.5404869318008423
7075_22c_40_6_8_frame_41.jpeg,279.1656799316406,278.1231689453125,0.5452454686164856,0.5432093143463135,278.64442443847656,0.5442273914813995
7075_22c_40_6_8_frame_42.jpeg,279.7198791503906,278.49334716796875,0.5463278889656067,0.543932318687439,279.1066131591797,0.5451301038265228
7075_22c_40_6_8_frame_43.jpeg,277.72308349609375,276.01629638671875,0.5424278974533081,0.5390943288803101,276.86968994140625,0.5407611131668091
7075_22c_40_6_8_frame_44.jpeg,279.21209716796875,278.04974365234375,0.545336127281189,0.5430659055709839,278.63092041015625,0.5442010164260864
7075_22c_40_6_8_frame_45.jpeg,278.028564453125,276.9720153808594,0.5430245399475098,0.540960967540741,277.5002899169922,0.5419927537441254
7075_22c_40_6_8_frame_46.jpeg,278.13702392578125,276.60491943359375,0.5432363748550415,0.5402439832687378,277.3709716796875,0.5417401790618896
7075_22c_40_6_8_frame_47.jpeg,279.3439636230469,277.88592529296875,0.5455936789512634,0.5427459478378296,278.6149444580078,0.5441698133945465
7075_22c_40_6_8_frame_48.jpeg,278.4236145019531,277.3919982910156,0.5437961220741272,0.5417812466621399,277.9078063964844,0.5427886843681335
7075_22c_40_6_8_frame_49.jpeg,278.5304870605469,277.0542907714844,0.5440048575401306,0.5411216616630554,277.7923889160156,0.542563259601593
7075_22c_40_6_8_frame_5.jpeg,278.04010009765625,276.7792053222656,0.5430470705032349,0.54058438539505,277.40965270996094,0.5418157279491425
7075_22c_40_6_8_frame_50.jpeg,277.27215576171875,275.71600341796875,0.5415471792221069,0.5385078191757202,276.49407958984375,0.5400274991989136
7075_22c_40_6_8_frame_6.jpeg,277.7674255371094,276.0461730957031,0.5425145030021667,0.5391526818275452,276.90679931640625,0.540833592414856
7075_22c_40_6_8_frame_7.jpeg,279.35052490234375,277.9507751464844,0.5456064939498901,0.5428726077079773,278.65065002441406,0.5442395508289337
7075_22c_40_6_8_frame_8.jpeg,277.763916015625,276.58563232421875,0.5425076484680176,0.5402063131332397,277.1747741699219,0.5413569808006287
7075_22c_40_6_8_frame_9.jpeg,278.4619445800781,276.8736877441406,0.5438709855079651,0.5407689213752747,277.6678161621094,0.5423199534416199
7075_22c_40_6_9_frame_1.jpeg,283.4519958496094,282.8351135253906,0.5536171793937683,0.5524123311042786,283.1435546875,0.5530147552490234
7075_22c_40_6_9_frame_10.jpeg,282.278564453125,281.7660827636719,0.5513253211975098,0.5503243803977966,282.02232360839844,0.5508248507976532
7075_22c_40_6_9_frame_11.jpeg,283.8004455566406,283.3670349121094,0.5542977452278137,0.5534512400627136,283.583740234375,0.5538744926452637
7075_22c_40_6_9_frame_12.jpeg,280.3573303222656,279.9465026855469,0.547572910785675,0.5467705130577087,280.15191650390625,0.5471717119216919
7075_22c_40_6_9_frame_13.jpeg,281.2171325683594,280.9565734863281,0.5492522120475769,0.5487433075904846,281.08685302734375,0.5489977598190308
7075_22c_40_6_9_frame_14.jpeg,283.2741394042969,282.47406005859375,0.5532698035240173,0.5517071485519409,282.8740997314453,0.5524884760379791
7075_22c_40_6_9_frame_15.jpeg,281.5965881347656,281.0685119628906,0.5499933362007141,0.5489619374275208,281.3325500488281,0.5494776368141174
7075_22c_40_6_9_frame_16.jpeg,280.5601806640625,280.318115234375,0.5479691028594971,0.5474963188171387,280.43914794921875,0.5477327108383179
7075_22c_40_6_9_frame_17.jpeg,282.6937561035156,281.9571838378906,0.552136242389679,0.5506976246833801,282.3254699707031,0.5514169335365295
7075_22c_40_6_9_frame_18.jpeg,283.14208984375,282.7764587402344,0.5530118942260742,0.5522977709770203,282.9592742919922,0.5526548326015472
7075_22c_40_6_9_frame_19.jpeg,280.96331787109375,279.5683288574219,0.54875648021698,0.5460318922996521,280.2658233642578,0.547394186258316
7075_22c_40_6_9_frame_2.jpeg,280.3357849121094,279.80517578125,0.5475308299064636,0.5464944839477539,280.0704803466797,0.5470126569271088
7075_22c_40_6_9_frame_20.jpeg,283.0964660644531,281.5160217285156,0.552922785282135,0.5498359799385071,282.3062438964844,0.551379382610321
7075_22c_40_6_9_frame_21.jpeg,284.75750732421875,283.1158447265625,0.5561670064926147,0.5529606342315674,283.9366760253906,0.5545638203620911
7075_22c_40_6_9_frame_22.jpeg,280.94207763671875,279.1756896972656,0.5487149953842163,0.5452650189399719,280.0588836669922,0.5469900071620941
7075_22c_40_6_9_frame_23.jpeg,281.65533447265625,280.15545654296875,0.5501080751419067,0.5471786260604858,280.9053955078125,0.5486433506011963
7075_22c_40_6_9_frame_24.jpeg,284.30987548828125,282.37066650390625,0.5552927255630493,0.5515052080154419,283.34027099609375,0.5533989667892456
7075_22c_40_6_9_frame_25.jpeg,282.5462646484375,280.98583984375,0.5518481731414795,0.5488004684448242,281.76605224609375,0.5503243207931519
7075_22c_40_6_9_frame_26.jpeg,282.1244812011719,280.925048828125,0.5510243773460388,0.5486817359924316,281.52476501464844,0.5498530566692352
7075_22c_40_6_9_frame_27.jpeg,283.6130676269531,281.7589111328125,0.5539317727088928,0.5503103733062744,282.6859893798828,0.5521210730075836
7075_22c_40_6_9_frame_28.jpeg,284.0101623535156,282.5641174316406,0.5547073483467102,0.5518830418586731,283.2871398925781,0.5532951951026917
7075_22c_40_6_9_frame_29.jpeg,280.47479248046875,278.8601989746094,0.5478023290634155,0.5446488261222839,279.66749572753906,0.5462255775928497
7075_22c_40_6_9_frame_3.jpeg,281.33514404296875,280.9346618652344,0.5494827032089233,0.5487005114555359,281.13490295410156,0.5490916073322296
7075_22c_40_6_9_frame_30.jpeg,282.6669921875,281.06378173828125,0.5520839691162109,0.5489526987075806,281.8653869628906,0.5505183339118958
7075_22c_40_6_9_frame_31.jpeg,284.9199523925781,283.25103759765625,0.5564842820167542,0.5532246828079224,284.0854949951172,0.5548544824123383
7075_22c_40_6_9_frame_32.jpeg,280.9169006347656,279.1528015136719,0.5486658215522766,0.5452203154563904,280.03485107421875,0.5469430685043335
7075_22c_40_6_9_frame_33.jpeg,281.641357421875,280.156494140625,0.5500807762145996,0.5471806526184082,280.89892578125,0.5486307144165039
7075_22c_40_6_9_frame_34.jpeg,284.07391357421875,282.1138000488281,0.554831862449646,0.5510035157203674,283.09385681152344,0.5529176890850067
7075_22c_40_6_9_frame_35.jpeg,282.41387939453125,280.8011169433594,0.5515896081924438,0.5484396815299988,281.6074981689453,0.5500146448612213
7075_22c_40_6_9_frame_36.jpeg,281.9268798828125,280.641357421875,0.5506384372711182,0.5481276512145996,281.28411865234375,0.5493830442428589
7075_22c_40_6_9_frame_37.jpeg,283.6988830566406,281.77142333984375,0.5540993809700012,0.5503348112106323,282.7351531982422,0.5522170960903168
7075_22c_40_6_9_frame_38.jpeg,283.870361328125,282.2850036621094,0.5544342994689941,0.5513378977775574,283.0776824951172,0.5528860986232758
7075_22c_40_6_9_frame_39.jpeg,280.1222229003906,278.46392822265625,0.5471137166023254,0.5438748598098755,279.29307556152344,0.5454942882061005
7075_22c_40_6_9_frame_4.jpeg,282.6355895996094,281.7815856933594,0.5520226359367371,0.5503546595573425,282.2085876464844,0.5511886477470398
7075_22c_40_6_9_frame_40.jpeg,282.8787536621094,281.2283630371094,0.5524975657463074,0.5492741465568542,282.0535583496094,0.5508858561515808
7075_22c_40_6_9_frame_41.jpeg,285.01885986328125,283.2958068847656,0.5566774606704712,0.5533121228218079,284.15733337402344,0.5549947917461395
7075_22c_40_6_9_frame_42.jpeg,281.0894775390625,279.2831726074219,0.5490028858184814,0.5454749464988708,280.1863250732422,0.5472389161586761
7075_22c_40_6_9_frame_43.jpeg,281.8514099121094,280.2745666503906,0.5504910349845886,0.5474112629890442,281.06298828125,0.5489511489868164
7075_22c_40_6_9_frame_44.jpeg,283.9625549316406,281.9420166015625,0.5546143651008606,0.5506680011749268,282.95228576660156,0.5526411831378937
7075_22c_40_6_9_frame_45.jpeg,282.61383056640625,280.9660949707031,0.5519801378250122,0.5487619042396545,281.7899627685547,0.5503710210323334
7075_22c_40_6_9_frame_46.jpeg,281.7935791015625,280.5126037597656,0.5503780841827393,0.5478761792182922,281.15309143066406,0.5491271317005157
7075_22c_40_6_9_frame_47.jpeg,283.7897644042969,281.8746337890625,0.5542768836021423,0.5505363941192627,282.8321990966797,0.5524066388607025
7075_22c_40_6_9_frame_48.jpeg,284.0166320800781,282.4461669921875,0.5547199845314026,0.5516526699066162,283.2313995361328,0.5531863272190094
7075_22c_40_6_9_frame_49.jpeg,280.273193359375,278.6441345214844,0.5474085807800293,0.5442268252372742,279.4586639404297,0.5458177030086517
7075_22c_40_6_9_frame_5.jpeg,282.0750427246094,281.5455627441406,0.5509278178215027,0.5498936772346497,281.810302734375,0.5504107475280762
7075_22c_40_6_9_frame_50.jpeg,283.1172790527344,281.4912414550781,0.5529634356498718,0.5497875809669495,282.30426025390625,0.5513755083084106
7075_22c_40_6_9_frame_6.jpeg,281.27618408203125,280.97247314453125,0.5493675470352173,0.5487743616104126,281.12432861328125,0.5490709543228149
7075_22c_40_6_9_frame_7.jpeg,282.6653137207031,281.878662109375,0.5520806908607483,0.550544261932373,282.27198791503906,0.5513124763965607
7075_22c_40_6_9_frame_8.jpeg,283.10858154296875,282.6701965332031,0.5529464483261108,0.5520902276039124,282.88938903808594,0.5525183379650116
7075_22c_40_6_9_frame_9.jpeg,279.6017761230469,278.9703674316406,0.5460972189903259,0.5448639988899231,279.28607177734375,0.5454806089401245
7075_22c_40_7_1_frame_1.jpeg,279.0211181640625,278.84930419921875,0.5449631214141846,0.5446275472640991,278.9352111816406,0.5447953343391418
7075_22c_40_7_1_frame_10.jpeg,279.9116516113281,279.7694091796875,0.5467024445533752,0.5464246273040771,279.8405303955078,0.5465635359287262
7075_22c_40_7_1_frame_11.jpeg,279.0685729980469,278.89642333984375,0.5450558066368103,0.5447195768356323,278.9824981689453,0.5448876917362213
7075_22c_40_7_1_frame_12.jpeg,279.2458190917969,278.6685791015625,0.5454019904136658,0.5442745685577393,278.9571990966797,0.5448382794857025
7075_22c_40_7_1_frame_13.jpeg,279.0874938964844,278.6781005859375,0.545092761516571,0.5442931652069092,278.88279724121094,0.5446929633617401
7075_22c_40_7_1_frame_14.jpeg,279.3525390625,278.9808349609375,0.5456104278564453,0.544884443283081,279.16668701171875,0.5452474355697632
7075_22c_40_7_1_frame_15.jpeg,279.50958251953125,279.1577453613281,0.5459171533584595,0.545229971408844,279.3336639404297,0.5455735623836517
7075_22c_40_7_1_frame_16.jpeg,279.14990234375,278.74761962890625,0.5452146530151367,0.5444289445877075,278.9487609863281,0.5448217988014221
7075_22c_40_7_1_frame_17.jpeg,279.6111755371094,279.392822265625,0.5461155772209167,0.5456891059875488,279.5019989013672,0.5459023416042328
7075_22c_40_7_1_frame_18.jpeg,279.479248046875,279.4573669433594,0.5458579063415527,0.5458151698112488,279.4683074951172,0.5458365380764008
7075_22c_40_7_1_frame_19.jpeg,279.23907470703125,278.66094970703125,0.5453888177871704,0.5442596673965454,278.95001220703125,0.5448242425918579
7075_22c_40_7_1_frame_2.jpeg,279.2820129394531,278.7472839355469,0.5454726815223694,0.544428288936615,279.0146484375,0.5449504852294922
7075_22c_40_7_1_frame_20.jpeg,279.5520935058594,279.340576171875,0.5460001826286316,0.5455870628356934,279.4463348388672,0.5457936227321625
7075_22c_40_7_1_frame_21.jpeg,279.16650390625,279.08538818359375,0.5452470779418945,0.5450886487960815,279.1259460449219,0.545167863368988
7075_22c_40_7_1_frame_22.jpeg,279.3359375,278.87921142578125,0.5455780029296875,0.544685959815979,279.1075744628906,0.5451319813728333
7075_22c_40_7_1_frame_23.jpeg,279.28680419921875,279.10504150390625,0.5454820394515991,0.5451270341873169,279.1959228515625,0.545304536819458
7075_22c_40_7_1_frame_24.jpeg,279.6923522949219,279.5814208984375,0.5462741255760193,0.5460574626922607,279.6368865966797,0.54616579413414
7075_22c_40_7_1_frame_25.jpeg,279.4525451660156,279.1040954589844,0.5458057522773743,0.5451251864433289,279.2783203125,0.5454654693603516
7075_22c_40_7_1_frame_26.jpeg,279.4179382324219,279.2535705566406,0.545738160610199,0.5454171299934387,279.33575439453125,0.5455776453018188
7075_22c_40_7_1_frame_27.jpeg,279.82220458984375,279.72686767578125,0.5465277433395386,0.5463415384292603,279.7745361328125,0.5464346408843994
7075_22c_40_7_1_frame_28.jpeg,279.8486328125,279.91845703125,0.5465793609619141,0.5467157363891602,279.883544921875,0.5466475486755371
7075_22c_40_7_1_frame_29.jpeg,279.4375915527344,278.9459228515625,0.5457765460014343,0.544816255569458,279.19175720214844,0.5452964007854462
7075_22c_40_7_1_frame_3.jpeg,279.1332702636719,278.7488098144531,0.5451821684837341,0.5444312691688538,278.9410400390625,0.544806718826294
7075_22c_40_7_1_frame_30.jpeg,279.5683898925781,279.32867431640625,0.5460320115089417,0.545563817024231,279.4485321044922,0.5457979142665863
7075_22c_40_7_1_frame_31.jpeg,279.2977600097656,279.43994140625,0.5455034375190735,0.545781135559082,279.3688507080078,0.5456422865390778
7075_22c_40_7_1_frame_32.jpeg,279.3772277832031,278.8952941894531,0.5456586480140686,0.5447173714637756,279.1362609863281,0.5451880097389221
7075_22c_40_7_1_frame_33.jpeg,279.3041687011719,279.16046142578125,0.5455159544944763,0.545235276222229,279.23231506347656,0.5453756153583527
7075_22c_40_7_1_frame_34.jpeg,279.679931640625,279.61492919921875,0.5462498664855957,0.5461229085922241,279.6474304199219,0.5461863875389099
7075_22c_40_7_1_frame_35.jpeg,279.7577209472656,279.464599609375,0.5464017987251282,0.5458292961120605,279.6111602783203,0.5461155474185944
7075_22c_40_7_1_frame_36.jpeg,279.37890625,279.2020568847656,0.5456619262695312,0.5453165173530579,279.2904815673828,0.5454892218112946
7075_22c_40_7_1_frame_37.jpeg,280.0465087890625,279.9324645996094,0.5469658374786377,0.5467430949211121,279.98948669433594,0.5468544661998749
7075_22c_40_7_1_frame_38.jpeg,279.72479248046875,279.789794921875,0.5463374853134155,0.5464644432067871,279.7572937011719,0.5464009642601013
7075_22c_40_7_1_frame_39.jpeg,279.37384033203125,278.8315124511719,0.5456520318984985,0.5445927977561951,279.10267639160156,0.5451224148273468
7075_22c_40_7_1_frame_4.jpeg,279.5010681152344,279.1218566894531,0.5459005236625671,0.5451598763465881,279.31146240234375,0.5455302000045776
7075_22c_40_7_1_frame_40.jpeg,279.67572021484375,279.5448913574219,0.5462416410446167,0.5459861159324646,279.6103057861328,0.5461138784885406
7075_22c_40_7_1_frame_41.jpeg,279.3033142089844,279.4626770019531,0.5455142855644226,0.5458255410194397,279.38299560546875,0.5456699132919312
7075_22c_40_7_1_frame_42.jpeg,279.3982238769531,278.9693298339844,0.5456996560096741,0.5448619723320007,279.18377685546875,0.5452808141708374
7075_22c_40_7_1_frame_43.jpeg,279.42669677734375,279.2559509277344,0.5457552671432495,0.5454217791557312,279.34132385253906,0.5455885231494904
7075_22c_40_7_1_frame_44.jpeg,279.7297668457031,279.7178649902344,0.5463472008705139,0.5463239550590515,279.72381591796875,0.5463355779647827
7075_22c_40_7_1_frame_45.jpeg,279.72967529296875,279.56854248046875,0.5463470220565796,0.5460323095321655,279.64910888671875,0.5461896657943726
7075_22c_40_7_1_frame_46.jpeg,279.2575988769531,279.07965087890625,0.5454249978065491,0.5450774431228638,279.1686248779297,0.5452512204647064
7075_22c_40_7_1_frame_47.jpeg,280.0107421875,279.9524230957031,0.5468959808349609,0.5467820763587952,279.98158264160156,0.546839028596878
7075_22c_40_7_1_frame_48.jpeg,279.7606506347656,279.90472412109375,0.5464075207710266,0.5466889142990112,279.8326873779297,0.5465482175350189
7075_22c_40_7_1_frame_49.jpeg,279.4017333984375,278.9068603515625,0.5457065105438232,0.5447399616241455,279.154296875,0.5452232360839844
7075_22c_40_7_1_frame_5.jpeg,279.151611328125,278.910888671875,0.5452179908752441,0.5447478294372559,279.03125,0.54498291015625
7075_22c_40_7_1_frame_50.jpeg,279.7017517089844,279.5987548828125,0.5462924838066101,0.5460913181304932,279.65025329589844,0.5461919009685516
7075_22c_40_7_1_frame_6.jpeg,279.01885986328125,278.5242614746094,0.5449587106704712,0.5439926981925964,278.7715606689453,0.5444757044315338
7075_22c_40_7_1_frame_7.jpeg,279.76324462890625,279.5443420410156,0.5464125871658325,0.5459850430488586,279.65379333496094,0.5461988151073456
7075_22c_40_7_1_frame_8.jpeg,279.75274658203125,279.7481689453125,0.5463920831680298,0.5463831424713135,279.7504577636719,0.5463876128196716
7075_22c_40_7_1_frame_9.jpeg,279.55584716796875,278.9178771972656,0.546007513999939,0.5447614789009094,279.2368621826172,0.5453844964504242
7075_22c_40_7_2_frame_1.jpeg,275.44635009765625,274.9809265136719,0.5379811525344849,0.5370721220970154,275.21363830566406,0.5375266373157501
7075_22c_40_7_2_frame_10.jpeg,273.5916442871094,272.58221435546875,0.5343586802482605,0.5323871374130249,273.08692932128906,0.5333729088306427
7075_22c_40_7_2_frame_11.jpeg,275.2256164550781,274.7513732910156,0.5375500321388245,0.5366237759590149,274.9884948730469,0.5370869040489197
7075_22c_40_7_2_frame_12.jpeg,274.51361083984375,273.6829528808594,0.5361593961715698,0.5345370173454285,274.09828186035156,0.5353482067584991
7075_22c_40_7_2_frame_13.jpeg,273.1434631347656,272.2278137207031,0.5334833264350891,0.5316949486732483,272.6856384277344,0.5325891375541687
7075_22c_40_7_2_frame_14.jpeg,274.9238586425781,274.512451171875,0.5369606614112854,0.5361571311950684,274.71815490722656,0.5365588963031769
7075_22c_40_7_2_frame_15.jpeg,275.3861389160156,274.7197265625,0.537863552570343,0.5365619659423828,275.0529327392578,0.5372127592563629
7075_22c_40_7_2_frame_16.jpeg,273.1306457519531,272.2884521484375,0.5334582924842834,0.531813383102417,272.7095489501953,0.5326358377933502
7075_22c_40_7_2_frame_17.jpeg,273.86041259765625,272.7862548828125,0.5348836183547974,0.5327856540679932,273.3233337402344,0.5338346362113953
7075_22c_40_7_2_frame_18.jpeg,275.2398681640625,274.63055419921875,0.5375778675079346,0.5363878011703491,274.9352111816406,0.5369828343391418
7075_22c_40_7_2_frame_19.jpeg,273.6571044921875,272.921142578125,0.5344865322113037,0.5330491065979004,273.28912353515625,0.533767819404602
7075_22c_40_7_2_frame_2.jpeg,274.8529357910156,274.0098876953125,0.5368221402168274,0.5351755619049072,274.43141174316406,0.5359988510608673
7075_22c_40_7_2_frame_20.jpeg,272.84832763671875,271.8229675292969,0.5329068899154663,0.530904233455658,272.3356475830078,0.5319055616855621
7075_22c_40_7_2_frame_21.jpeg,275.3365173339844,274.8270568847656,0.5377666354179382,0.5367715954780579,275.081787109375,0.537269115447998
7075_22c_40_7_2_frame_22.jpeg,274.42724609375,273.60308837890625,0.5359907150268555,0.5343810319900513,274.0151672363281,0.5351858735084534
7075_22c_40_7_2_frame_23.jpeg,272.3529968261719,271.2235107421875,0.5319394469261169,0.529733419418335,271.7882537841797,0.530836433172226
7075_22c_40_7_2_frame_24.jpeg,275.1263427734375,274.779052734375,0.5373561382293701,0.5366778373718262,274.95269775390625,0.5370169878005981
7075_22c_40_7_2_frame_25.jpeg,275.1354675292969,274.5226745605469,0.537373960018158,0.5361770987510681,274.8290710449219,0.536775529384613
7075_22c_40_7_2_frame_26.jpeg,272.8240051269531,271.99212646484375,0.5328593850135803,0.531234622001648,272.40806579589844,0.5320470035076141
7075_22c_40_7_2_frame_27.jpeg,274.09417724609375,273.1170654296875,0.5353401899337769,0.5334317684173584,273.6056213378906,0.5343859791755676
7075_22c_40_7_2_frame_28.jpeg,275.5281982421875,275.06353759765625,0.5381410121917725,0.5372334718704224,275.2958679199219,0.5376872420310974
7075_22c_40_7_2_frame_29.jpeg,273.9004821777344,273.3160095214844,0.5349618792533875,0.5338203310966492,273.6082458496094,0.5343911051750183
7075_22c_40_7_2_frame_3.jpeg,273.511962890625,272.5425109863281,0.534203052520752,0.5323095917701721,273.02723693847656,0.533256322145462
7075_22c_40_7_2_frame_30.jpeg,272.6112365722656,271.6010437011719,0.5324438214302063,0.5304707884788513,272.10614013671875,0.5314573049545288
7075_22c_40_7_2_frame_31.jpeg,275.7419128417969,275.3825378417969,0.5385584235191345,0.5378565192222595,275.5622253417969,0.538207471370697
7075_22c_40_7_2_frame_32.jpeg,274.25994873046875,273.5191955566406,0.5356639623641968,0.5342171788215637,273.8895721435547,0.5349405705928802
7075_22c_40_7_2_frame_33.jpeg,272.4791259765625,271.4434814453125,0.5321857929229736,0.530163049697876,271.9613037109375,0.5311744213104248
7075_22c_40_7_2_frame_34.jpeg,275.1983947753906,274.93072509765625,0.5374968647956848,0.5369740724563599,275.06455993652344,0.5372354686260223
7075_22c_40_7_2_frame_35.jpeg,275.17364501953125,274.5941162109375,0.537448525428772,0.5363166332244873,274.8838806152344,0.5368825793266296
7075_22c_40_7_2_frame_36.jpeg,273.0259704589844,272.2318115234375,0.5332538485527039,0.5317027568817139,272.62889099121094,0.5324783027172089
7075_22c_40_7_2_frame_37.jpeg,273.9426574707031,273.0425109863281,0.535044252872467,0.5332861542701721,273.4925842285156,0.5341652035713196
7075_22c_40_7_2_frame_38.jpeg,275.5582275390625,275.13629150390625,0.5381996631622314,0.5373755693435669,275.3472595214844,0.5377876162528992
7075_22c_40_7_2_frame_39.jpeg,273.8082580566406,273.2471008300781,0.5347817540168762,0.5336857438087463,273.5276794433594,0.5342337489128113
7075_22c_40_7_2_frame_4.jpeg,275.1372375488281,274.807861328125,0.5373774170875549,0.5367341041564941,274.97254943847656,0.5370557606220245
7075_22c_40_7_2_frame_40.jpeg,272.95294189453125,272.0162048339844,0.5331112146377563,0.5312816500663757,272.4845733642578,0.532196432352066
7075_22c_40_7_2_frame_41.jpeg,275.6855163574219,275.3422546386719,0.5384482741355896,0.537777841091156,275.5138854980469,0.5381130576133728
7075_22c_40_7_2_frame_42.jpeg,274.3729248046875,273.63946533203125,0.5358846187591553,0.5344520807266235,274.0061950683594,0.5351683497428894
7075_22c_40_7_2_frame_43.jpeg,272.7848815917969,271.8439025878906,0.5327829718589783,0.5309451222419739,272.31439208984375,0.5318640470504761
7075_22c_40_7_2_frame_44.jpeg,275.62286376953125,275.4234924316406,0.5383259057998657,0.5379365086555481,275.52317810058594,0.5381312072277069
7075_22c_40_7_2_frame_45.jpeg,275.51019287109375,274.91162109375,0.538105845451355,0.5369367599487305,275.2109069824219,0.5375213027000427
7075_22c_40_7_2_frame_46.jpeg,273.0749206542969,272.3277587890625,0.5333494544029236,0.5318901538848877,272.7013397216797,0.5326198041439056
7075_22c_40_7_2_frame_47.jpeg,274.1829528808594,273.2493591308594,0.5355135798454285,0.5336901545524597,273.7161560058594,0.5346018671989441
7075_22c_40_7_2_frame_48.jpeg,275.3803405761719,274.97406005859375,0.5378522276878357,0.5370587110519409,275.1772003173828,0.5374554693698883
7075_22c_40_7_2_frame_49.jpeg,273.86181640625,273.345947265625,0.534886360168457,0.5338788032531738,273.6038818359375,0.5343825817108154
7075_22c_40_7_2_frame_5.jpeg,275.1883239746094,274.4560852050781,0.5374771952629089,0.5360470414161682,274.82220458984375,0.5367621183395386
7075_22c_40_7_2_frame_50.jpeg,273.0122985839844,272.1395263671875,0.5332271456718445,0.5315225124359131,272.57591247558594,0.5323748290538788
7075_22c_40_7_2_frame_6.jpeg,273.9115905761719,273.0809631347656,0.5349835753440857,0.5333612561225891,273.49627685546875,0.5341724157333374
7075_22c_40_7_2_frame_7.jpeg,274.16229248046875,273.36016845703125,0.5354732275009155,0.5339065790176392,273.76123046875,0.5346899032592773
7075_22c_40_7_2_frame_8.jpeg,275.2066650390625,274.61968994140625,0.537513017654419,0.5363665819168091,274.9131774902344,0.536939799785614
7075_22c_40_7_2_frame_9.jpeg,273.78729248046875,273.0115966796875,0.5347408056259155,0.5332257747650146,273.3994445800781,0.5339832901954651
7075_22c_40_7_3_frame_1.jpeg,277.6465759277344,276.993408203125,0.5422784686088562,0.5410027503967285,277.3199920654297,0.5416406095027924
7075_22c_40_7_3_frame_10.jpeg,276.8591613769531,276.33642578125,0.5407405495643616,0.5397195816040039,276.59779357910156,0.5402300655841827
7075_22c_40_7_3_frame_11.jpeg,277.6094665527344,277.01416015625,0.5422059893608093,0.5410432815551758,277.3118133544922,0.5416246354579926
7075_22c_40_7_3_frame_12.jpeg,276.7137145996094,275.9554748535156,0.5404564738273621,0.5389755368232727,276.3345947265625,0.5397160053253174
7075_22c_40_7_3_frame_13.jpeg,276.5437316894531,275.77862548828125,0.5401244759559631,0.5386301279067993,276.1611785888672,0.5393773019313812
7075_22c_40_7_3_frame_14.jpeg,276.9836120605469,276.24627685546875,0.5409836173057556,0.5395435094833374,276.6149444580078,0.5402635633945465
7075_22c_40_7_3_frame_15.jpeg,276.8459777832031,276.2801513671875,0.5407148003578186,0.5396096706390381,276.5630645751953,0.5401622354984283
7075_22c_40_7_3_frame_16.jpeg,277.0350341796875,276.333740234375,0.5410840511322021,0.5397143363952637,276.68438720703125,0.5403991937637329
7075_22c_40_7_3_frame_17.jpeg,277.07452392578125,276.6344909667969,0.5411611795425415,0.5403017401695251,276.85450744628906,0.5407314598560333
7075_22c_40_7_3_frame_18.jpeg,276.92877197265625,276.290283203125,0.5408765077590942,0.5396294593811035,276.6095275878906,0.5402529835700989
7075_22c_40_7_3_frame_19.jpeg,277.31085205078125,276.59161376953125,0.5416227579116821,0.5402179956436157,276.95123291015625,0.5409203767776489
7075_22c_40_7_3_frame_2.jpeg,276.61004638671875,275.8132629394531,0.5402539968490601,0.5386977791786194,276.21165466308594,0.5394758880138397
7075_22c_40_7_3_frame_20.jpeg,277.1666259765625,276.85052490234375,0.5413410663604736,0.5407236814498901,277.0085754394531,0.5410323739051819
7075_22c_40_7_3_frame_21.jpeg,277.7441101074219,277.2142639160156,0.5424689650535583,0.541434109210968,277.47918701171875,0.5419515371322632
7075_22c_40_7_3_frame_22.jpeg,276.62890625,275.91046142578125,0.5402908325195312,0.538887619972229,276.2696838378906,0.5395892262458801
7075_22c_40_7_3_frame_23.jpeg,277.0474548339844,276.6596984863281,0.5411083102226257,0.5403509736061096,276.85357666015625,0.5407296419143677
7075_22c_40_7_3_frame_24.jpeg,277.307373046875,276.80487060546875,0.5416159629821777,0.5406345129013062,277.0561218261719,0.5411252379417419
7075_22c_40_7_3_frame_25.jpeg,276.990478515625,276.5975646972656,0.5409970283508301,0.5402296185493469,276.7940216064453,0.5406133234500885
7075_22c_40_7_3_frame_26.jpeg,277.15289306640625,276.4518127441406,0.5413142442703247,0.5399449467658997,276.80235290527344,0.5406295955181122
7075_22c_40_7_3_frame_27.jpeg,277.4876708984375,277.2722473144531,0.5419681072235107,0.5415473580360413,277.3799591064453,0.541757732629776
7075_22c_40_7_3_frame_28.jpeg,277.1969909667969,276.6300354003906,0.5414003729820251,0.5402930378913879,276.91351318359375,0.5408467054367065
7075_22c_40_7_3_frame_29.jpeg,277.38995361328125,276.8003845214844,0.5417772531509399,0.5406257510185242,277.0951690673828,0.5412015020847321
7075_22c_40_7_3_frame_3.jpeg,276.4700012207031,275.6083679199219,0.5399804711341858,0.5382975935935974,276.0391845703125,0.5391390323638916
7075_22c_40_7_3_frame_30.jpeg,277.52056884765625,277.3912353515625,0.5420323610305786,0.5417797565460205,277.4559020996094,0.5419060587882996
7075_22c_40_7_3_frame_31.jpeg,277.46759033203125,276.9562683105469,0.5419288873672485,0.5409302115440369,277.21192932128906,0.5414295494556427
7075_22c_40_7_3_frame_32.jpeg,276.5386962890625,275.91259765625,0.5401146411895752,0.5388917922973633,276.22564697265625,0.5395032167434692
7075_22c_40_7_3_frame_33.jpeg,277.0832824707031,276.7502746582031,0.541178286075592,0.540527880191803,276.9167785644531,0.5408530831336975
7075_22c_40_7_3_frame_34.jpeg,277.10552978515625,276.65618896484375,0.5412217378616333,0.5403441190719604,276.880859375,0.5407829284667969
7075_22c_40_7_3_frame_35.jpeg,276.76983642578125,276.4165954589844,0.540566086769104,0.5398761630058289,276.5932159423828,0.5402211248874664
7075_22c_40_7_3_frame_36.jpeg,277.138427734375,276.4949645996094,0.5412859916687012,0.5400292277336121,276.8166961669922,0.5406576097011566
7075_22c_40_7_3_frame_37.jpeg,277.5272521972656,277.36376953125,0.5420454144477844,0.5417261123657227,277.4455108642578,0.5418857634067535
7075_22c_40_7_3_frame_38.jpeg,277.27410888671875,276.76953125,0.5415509939193726,0.5405654907226562,277.0218200683594,0.5410582423210144
7075_22c_40_7_3_frame_39.jpeg,277.30633544921875,276.7845458984375,0.5416139364242554,0.5405948162078857,277.0454406738281,0.5411043763160706
7075_22c_40_7_3_frame_4.jpeg,276.87713623046875,276.0658264160156,0.5407756567001343,0.5391910672187805,276.4714813232422,0.5399833619594574
7075_22c_40_7_3_frame_40.jpeg,277.57952880859375,277.4749755859375,0.5421475172042847,0.5419433116912842,277.5272521972656,0.5420454144477844
7075_22c_40_7_3_frame_41.jpeg,277.5285339355469,277.08349609375,0.542047917842865,0.5411787033081055,277.30601501464844,0.5416133105754852
7075_22c_40_7_3_frame_42.jpeg,276.7262878417969,276.1708068847656,0.5404810309410095,0.5393961071968079,276.44854736328125,0.5399385690689087
7075_22c_40_7_3_frame_43.jpeg,277.1097412109375,276.719970703125,0.5412299633026123,0.540468692779541,276.91485595703125,0.5408493280410767
7075_22c_40_7_3_frame_44.jpeg,277.33172607421875,276.86785888671875,0.5416635274887085,0.5407575368881226,277.09979248046875,0.5412105321884155
7075_22c_40_7_3_frame_45.jpeg,276.8584899902344,276.5574035644531,0.5407392382621765,0.5401511788368225,276.70794677734375,0.5404452085494995
7075_22c_40_7_3_frame_46.jpeg,277.1541748046875,276.5480041503906,0.5413167476654053,0.5401328206062317,276.85108947753906,0.5407247841358185
7075_22c_40_7_3_frame_47.jpeg,277.5942077636719,277.36029052734375,0.5421761870384216,0.5417193174362183,277.4772491455078,0.54194775223732
7075_22c_40_7_3_frame_48.jpeg,277.250244140625,276.72418212890625,0.5415043830871582,0.54047691822052,276.9872131347656,0.5409906506538391
7075_22c_40_7_3_frame_49.jpeg,277.31768798828125,276.7501525878906,0.5416361093521118,0.5405276417732239,277.03392028808594,0.5410818755626678
7075_22c_40_7_3_frame_5.jpeg,276.6836242675781,276.02874755859375,0.5403977036476135,0.5391186475753784,276.35618591308594,0.539758175611496
7075_22c_40_7_3_frame_50.jpeg,277.65814208984375,277.5615234375,0.5423010587692261,0.5421123504638672,277.6098327636719,0.5422067046165466
7075_22c_40_7_3_frame_6.jpeg,277.3835754394531,276.6940612792969,0.5417647957801819,0.5404180884361267,277.038818359375,0.5410914421081543
7075_22c_40_7_3_frame_7.jpeg,276.6004638671875,275.7955627441406,0.5402352809906006,0.5386632084846497,276.19801330566406,0.5394492447376251
7075_22c_40_7_3_frame_8.jpeg,276.784912109375,276.0561828613281,0.540595531463623,0.5391722321510315,276.42054748535156,0.5398838818073273
7075_22c_40_7_3_frame_9.jpeg,277.0703430175781,276.313232421875,0.5411530137062073,0.5396742820739746,276.69178771972656,0.5404136478900909
7075_22c_40_7_4_frame_1.jpeg,269.9047546386719,268.8798522949219,0.527157723903656,0.5251559615135193,269.3923034667969,0.5261568427085876
7075_22c_40_7_4_frame_10.jpeg,269.7868347167969,268.45196533203125,0.5269274115562439,0.5243202447891235,269.11940002441406,0.5256238281726837
7075_22c_40_7_4_frame_11.jpeg,269.9284973144531,269.0329895019531,0.5272040963172913,0.5254550576210022,269.4807434082031,0.5263295769691467
7075_22c_40_7_4_frame_12.jpeg,270.0904541015625,269.1319885253906,0.5275204181671143,0.5256484150886536,269.61122131347656,0.5265844166278839
7075_22c_40_7_4_frame_13.jpeg,270.1441955566406,268.75128173828125,0.5276253819465637,0.5249048471450806,269.44773864746094,0.5262651145458221
7075_22c_40_7_4_frame_14.jpeg,270.55029296875,269.82421875,0.5284185409545898,0.5270004272460938,270.187255859375,0.5277094841003418
7075_22c_40_7_4_frame_15.jpeg,269.7204284667969,268.4604187011719,0.5267977118492126,0.5243367552757263,269.0904235839844,0.5255672335624695
7075_22c_40_7_4_frame_16.jpeg,269.8846740722656,268.7329406738281,0.5271185040473938,0.5248690247535706,269.3088073730469,0.5259937644004822
7075_22c_40_7_4_frame_17.jpeg,270.2575378417969,269.6849060058594,0.5278467535972595,0.5267283320426941,269.9712219238281,0.5272875428199768
7075_22c_40_7_4_frame_18.jpeg,269.70965576171875,268.35015869140625,0.5267766714096069,0.5241214036941528,269.0299072265625,0.5254490375518799
7075_22c_40_7_4_frame_19.jpeg,269.7278137207031,268.72125244140625,0.5268121361732483,0.5248461961746216,269.2245330810547,0.5258291661739349
7075_22c_40_7_4_frame_2.jpeg,270.04791259765625,268.98779296875,0.5274373292922974,0.5253667831420898,269.5178527832031,0.5264020562171936
7075_22c_40_7_4_frame_20.jpeg,269.9866027832031,268.699462890625,0.5273175835609436,0.524803638458252,269.34303283691406,0.5260606110095978
7075_22c_40_7_4_frame_21.jpeg,269.9651794433594,269.0035705566406,0.5272757411003113,0.5253975987434387,269.484375,0.526336669921875
7075_22c_40_7_4_frame_22.jpeg,270.1264343261719,269.2134704589844,0.5275906920433044,0.5258075594902039,269.6699523925781,0.5266991257667542
7075_22c_40_7_4_frame_23.jpeg,269.8149108886719,268.3768005371094,0.5269822478294373,0.5241734385490417,269.0958557128906,0.5255778431892395
7075_22c_40_7_4_frame_24.jpeg,270.3139953613281,269.58233642578125,0.527957022190094,0.526528000831604,269.9481658935547,0.527242511510849
7075_22c_40_7_4_frame_25.jpeg,270.00518798828125,268.7367858886719,0.5273538827896118,0.5248765349388123,269.37098693847656,0.526115208864212
7075_22c_40_7_4_frame_26.jpeg,269.6657409667969,268.49810791015625,0.5266909003257751,0.5244103670120239,269.08192443847656,0.5255506336688995
7075_22c_40_7_4_frame_27.jpeg,270.1661682128906,269.5792541503906,0.527668297290802,0.5265219807624817,269.8727111816406,0.5270951390266418
7075_22c_40_7_4_frame_28.jpeg,269.7024230957031,268.3360595703125,0.5267625451087952,0.5240938663482666,269.0192413330078,0.5254282057285309
7075_22c_40_7_4_frame_29.jpeg,269.86236572265625,268.90118408203125,0.527074933052063,0.5251976251602173,269.38177490234375,0.5261362791061401
7075_22c_40_7_4_frame_3.jpeg,269.79046630859375,268.3699035644531,0.5269345045089722,0.5241599678993225,269.08018493652344,0.5255472362041473
7075_22c_40_7_4_frame_30.jpeg,270.2019348144531,269.0356140136719,0.5277381539344788,0.5254601836204529,269.6187744140625,0.5265991687774658
7075_22c_40_7_4_frame_31.jpeg,270.42523193359375,269.5434265136719,0.5281742811203003,0.5264520049095154,269.9843292236328,0.5273131430149078
7075_22c_40_7_4_frame_32.jpeg,270.07806396484375,269.229736328125,0.5274962186813354,0.5258393287658691,269.6539001464844,0.5266677737236023
7075_22c_40_7_4_frame_33.jpeg,269.8896179199219,268.5763854980469,0.5271281599998474,0.5245632529258728,269.2330017089844,0.5258457064628601
7075_22c_40_7_4_frame_34.jpeg,270.47845458984375,269.9232177734375,0.5282782316207886,0.5271937847137451,270.2008361816406,0.5277360081672668
7075_22c_40_7_4_frame_35.jpeg,269.9378356933594,268.7392272949219,0.5272223353385925,0.5248813033103943,269.3385314941406,0.5260518193244934
7075_22c_40_7_4_frame_36.jpeg,269.3934326171875,268.3257141113281,0.5261590480804443,0.5240736603736877,268.8595733642578,0.525116354227066
7075_22c_40_7_4_frame_37.jpeg,270.19012451171875,269.6424255371094,0.5277150869369507,0.5266453623771667,269.91627502441406,0.5271802246570587
7075_22c_40_7_4_frame_38.jpeg,270.06915283203125,268.90740966796875,0.527478814125061,0.5252097845077515,269.48828125,0.5263442993164062
7075_22c_40_7_4_frame_39.jpeg,269.60516357421875,268.6671142578125,0.526572585105896,0.52474045753479,269.1361389160156,0.525656521320343
7075_22c_40_7_4_frame_4.jpeg,270.0112609863281,269.19049072265625,0.5273657441139221,0.525762677192688,269.6008758544922,0.526564210653305
7075_22c_40_7_4_frame_40.jpeg,269.8568115234375,268.6267395019531,0.5270640850067139,0.5246616005897522,269.2417755126953,0.525862842798233
7075_22c_40_7_4_frame_41.jpeg,270.21026611328125,269.3721008300781,0.5277544260025024,0.5261173844337463,269.7911834716797,0.5269359052181244
7075_22c_40_7_4_frame_42.jpeg,270.0035705566406,269.0899353027344,0.5273507237434387,0.5255662798881531,269.5467529296875,0.5264585018157959
7075_22c_40_7_4_frame_43.jpeg,269.6976013183594,268.2953796386719,0.5267531275749207,0.524014413356781,268.9964904785156,0.5253837704658508
7075_22c_40_7_4_frame_44.jpeg,270.42535400390625,269.8289794921875,0.5281745195388794,0.5270097255706787,270.1271667480469,0.527592122554779
7075_22c_40_7_4_frame_45.jpeg,269.7975769042969,268.5418395996094,0.5269483923912048,0.5244957804679871,269.1697082519531,0.525722086429596
7075_22c_40_7_4_frame_46.jpeg,269.5169372558594,268.412841796875,0.5264002680778503,0.5242438316345215,268.9648895263672,0.5253220498561859
7075_22c_40_7_4_frame_47.jpeg,270.4928283691406,269.9164123535156,0.5283063054084778,0.5271804928779602,270.2046203613281,0.527743399143219
7075_22c_40_7_4_frame_48.jpeg,270.0004577636719,268.8673095703125,0.5273446440696716,0.5251314640045166,269.4338836669922,0.5262380540370941
7075_22c_40_7_4_frame_49.jpeg,269.65350341796875,268.71343994140625,0.5266669988632202,0.5248309373855591,269.1834716796875,0.5257489681243896
7075_22c_40_7_4_frame_5.jpeg,269.7182312011719,268.43121337890625,0.5267934203147888,0.5242797136306763,269.07472229003906,0.5255365669727325
7075_22c_40_7_4_frame_50.jpeg,269.8511962890625,268.6159362792969,0.5270531177520752,0.5246405005455017,269.2335662841797,0.5258468091487885
7075_22c_40_7_4_frame_6.jpeg,269.9894714355469,268.6369323730469,0.5273231863975525,0.5246815085411072,269.3132019042969,0.5260023474693298
7075_22c_40_7_4_frame_7.jpeg,270.23553466796875,269.6175537109375,0.5278037786483765,0.5265967845916748,269.9265441894531,0.5272002816200256
7075_22c_40_7_4_frame_8.jpeg,270.02886962890625,268.7308654785156,0.5274001359939575,0.5248649716377258,269.37986755371094,0.5261325538158417
7075_22c_40_7_4_frame_9.jpeg,269.9344482421875,268.8917541503906,0.5272157192230225,0.5251792073249817,269.41310119628906,0.5261974632740021
7075_22c_40_7_5_frame_1.jpeg,267.9726867675781,267.72808837890625,0.523384153842926,0.5229064226150513,267.8503875732422,0.5231452882289886
7075_22c_40_7_5_frame_10.jpeg,266.099609375,265.3559265136719,0.5197257995605469,0.5182732939720154,265.72776794433594,0.5189995467662811
7075_22c_40_7_5_frame_11.jpeg,268.10284423828125,267.8299865722656,0.5236383676528931,0.5231054425239563,267.96641540527344,0.5233719050884247
7075_22c_40_7_5_frame_12.jpeg,266.7088928222656,266.11962890625,0.5209158062934875,0.5197649002075195,266.4142608642578,0.5203403532505035
7075_22c_40_7_5_frame_13.jpeg,266.2205505371094,265.4687194824219,0.5199620127677917,0.5184935927391052,265.8446350097656,0.5192278027534485
7075_22c_40_7_5_frame_14.jpeg,267.38470458984375,267.0146789550781,0.5222357511520386,0.521513044834137,267.19969177246094,0.5218743979930878
7075_22c_40_7_5_frame_15.jpeg,267.94476318359375,267.8197021484375,0.5233296155929565,0.523085355758667,267.8822326660156,0.5232074856758118
7075_22c_40_7_5_frame_16.jpeg,265.82598876953125,264.9595642089844,0.5191913843154907,0.5174991488456726,265.3927764892578,0.5183452665805817
7075_22c_40_7_5_frame_17.jpeg,266.710205078125,266.1882019042969,0.5209183692932129,0.5198988318443298,266.44920349121094,0.5204086005687714
7075_22c_40_7_5_frame_18.jpeg,268.2634582519531,268.1599426269531,0.523952066898346,0.5237498879432678,268.2117004394531,0.5238509774208069
7075_22c_40_7_5_frame_19.jpeg,266.3882141113281,265.62493896484375,0.5202894806861877,0.5187987089157104,266.00657653808594,0.5195440948009491
7075_22c_40_7_5_frame_2.jpeg,266.69775390625,266.0854797363281,0.5208940505981445,0.5196982026100159,266.39161682128906,0.5202961266040802
7075_22c_40_7_5_frame_20.jpeg,266.1694641113281,265.4567565917969,0.5198622345924377,0.5184702277183533,265.8131103515625,0.5191662311553955
7075_22c_40_7_5_frame_21.jpeg,268.072998046875,267.7994689941406,0.5235800743103027,0.5230458378791809,267.9362335205078,0.5233129560947418
7075_22c_40_7_5_frame_22.jpeg,266.9445495605469,266.41400146484375,0.5213760733604431,0.520339846611023,266.6792755126953,0.520857959985733
7075_22c_40_7_5_frame_23.jpeg,265.5521545410156,264.9875183105469,0.5186565518379211,0.5175537467002869,265.26983642578125,0.518105149269104
7075_22c_40_7_5_frame_24.jpeg,267.5543212890625,267.2229919433594,0.5225670337677002,0.5219199061393738,267.38865661621094,0.522243469953537
7075_22c_40_7_5_frame_25.jpeg,267.9466247558594,267.8736572265625,0.5233332514762878,0.5231907367706299,267.91014099121094,0.5232619941234589
7075_22c_40_7_5_frame_26.jpeg,265.4883117675781,264.7144775390625,0.518531858921051,0.5170204639434814,265.1013946533203,0.5177761614322662
7075_22c_40_7_5_frame_27.jpeg,266.673583984375,266.1112365722656,0.5208468437194824,0.5197485089302063,266.3924102783203,0.5202976763248444
7075_22c_40_7_5_frame_28.jpeg,268.67327880859375,268.5941162109375,0.5247524976730347,0.5245978832244873,268.6336975097656,0.524675190448761
7075_22c_40_7_5_frame_29.jpeg,266.13360595703125,265.3641357421875,0.5197921991348267,0.51828932762146,265.7488708496094,0.5190407633781433
7075_22c_40_7_5_frame_3.jpeg,266.04827880859375,265.2735900878906,0.5196255445480347,0.5181124806404114,265.6609344482422,0.518869012594223
7075_22c_40_7_5_frame_30.jpeg,265.7746276855469,265.12640380859375,0.5190910696983337,0.5178250074386597,265.4505157470703,0.5184580385684967
7075_22c_40_7_5_frame_31.jpeg,268.2455139160156,267.9853210449219,0.523917019367218,0.523408830165863,268.11541748046875,0.5236629247665405
7075_22c_40_7_5_frame_32.jpeg,267.0453186035156,266.5472106933594,0.5215728878974915,0.5206000208854675,266.7962646484375,0.5210864543914795
7075_22c_40_7_5_frame_33.jpeg,265.5293273925781,264.97137451171875,0.5186119675636292,0.5175222158432007,265.25035095214844,0.5180670917034149
7075_22c_40_7_5_frame_34.jpeg,267.6324157714844,267.30914306640625,0.5227195620536804,0.5220881700515747,267.4707794189453,0.5224038660526276
7075_22c_40_7_5_frame_35.jpeg,267.9505615234375,267.8840026855469,0.5233409404754639,0.5232109427452087,267.9172821044922,0.5232759416103363
7075_22c_40_7_5_frame_36.jpeg,265.3454284667969,264.53668212890625,0.5182527899742126,0.51667320728302,264.94105529785156,0.5174629986286163
7075_22c_40_7_5_frame_37.jpeg,266.6113586425781,266.129638671875,0.5207253098487854,0.5197844505310059,266.37049865722656,0.5202548801898956
7075_22c_40_7_5_frame_38.jpeg,268.460693359375,268.40863037109375,0.5243372917175293,0.5242356061935425,268.4346618652344,0.5242864489555359
7075_22c_40_7_5_frame_39.jpeg,266.6496276855469,265.95025634765625,0.5208000540733337,0.5194340944290161,266.29994201660156,0.5201170742511749
7075_22c_40_7_5_frame_4.jpeg,267.335693359375,267.00714111328125,0.5221400260925293,0.5214983224868774,267.1714172363281,0.5218191742897034
7075_22c_40_7_5_frame_40.jpeg,265.64337158203125,264.9717102050781,0.5188347101211548,0.5175228714942932,265.3075408935547,0.518178790807724
7075_22c_40_7_5_frame_41.jpeg,268.3102722167969,268.0965881347656,0.5240435004234314,0.5236261487007141,268.20343017578125,0.5238348245620728
7075_22c_40_7_5_frame_42.jpeg,267.1093444824219,266.5804748535156,0.5216979384422302,0.5206649899482727,266.84490966796875,0.5211814641952515
7075_22c_40_7_5_frame_43.jpeg,265.9649658203125,265.4013366699219,0.5194628238677979,0.5183619856834412,265.6831512451172,0.5189124047756195
7075_22c_40_7_5_frame_44.jpeg,267.6383972167969,267.4036560058594,0.5227312445640564,0.5222727656364441,267.5210266113281,0.5225020051002502
7075_22c_40_7_5_frame_45.jpeg,268.65155029296875,268.5813293457031,0.5247100591659546,0.5245729088783264,268.61643981933594,0.5246414840221405
7075_22c_40_7_5_frame_46.jpeg,265.4118957519531,264.6652526855469,0.5183826088905334,0.5169243216514587,265.03857421875,0.5176534652709961
7075_22c_40_7_5_frame_47.jpeg,267.0279846191406,266.5913391113281,0.521539032459259,0.5206862092018127,266.8096618652344,0.5211126208305359
7075_22c_40_7_5_frame_48.jpeg,268.4590759277344,268.4717102050781,0.5243341326713562,0.5243588089942932,268.46539306640625,0.5243464708328247
7075_22c_40_7_5_frame_49.jpeg,266.7586669921875,266.1933288574219,0.5210130214691162,0.5199088454246521,266.4759979248047,0.5204609334468842
7075_22c_40_7_5_frame_5.jpeg,267.6001281738281,267.4578857421875,0.5226565003395081,0.52237868309021,267.5290069580078,0.522517591714859
7075_22c_40_7_5_frame_50.jpeg,266.08062744140625,265.40826416015625,0.5196887254714966,0.5183755159378052,265.74444580078125,0.5190321207046509
7075_22c_40_7_5_frame_6.jpeg,265.7454833984375,264.76153564453125,0.5190341472625732,0.5171123743057251,265.2535095214844,0.5180732607841492
7075_22c_40_7_5_frame_7.jpeg,266.90045166015625,266.31634521484375,0.5212899446487427,0.5201491117477417,266.6083984375,0.5207195281982422
7075_22c_40_7_5_frame_8.jpeg,268.2652282714844,268.1689147949219,0.5239555239677429,0.5237674117088318,268.2170715332031,0.5238614678382874
7075_22c_40_7_5_frame_9.jpeg,266.40704345703125,265.7983093261719,0.5203262567520142,0.5191373229026794,266.10267639160156,0.5197317898273468
7075_22c_40_7_6_frame_1.jpeg,266.6523132324219,266.9046936035156,0.520805299282074,0.5212982296943665,266.77850341796875,0.5210517644882202
7075_22c_40_7_6_frame_10.jpeg,264.1092529296875,263.8192443847656,0.5158383846282959,0.5152719616889954,263.96424865722656,0.5155551731586456
7075_22c_40_7_6_frame_11.jpeg,266.8040466308594,267.1505126953125,0.5211016535758972,0.5217783451080322,266.97727966308594,0.5214399993419647
7075_22c_40_7_6_frame_12.jpeg,264.5517578125,264.4219055175781,0.5167026519775391,0.5164490342140198,264.48683166503906,0.5165758430957794
7075_22c_40_7_6_frame_13.jpeg,264.9418640136719,264.7646179199219,0.5174645781517029,0.5171183943748474,264.8532409667969,0.5172914862632751
7075_22c_40_7_6_frame_14.jpeg,265.31658935546875,265.29083251953125,0.5181964635848999,0.5181461572647095,265.3037109375,0.5181713104248047
7075_22c_40_7_6_frame_15.jpeg,266.0513916015625,266.109375,0.5196316242218018,0.519744873046875,266.08038330078125,0.5196882486343384
7075_22c_40_7_6_frame_16.jpeg,265.1489562988281,265.05084228515625,0.5178690552711487,0.5176774263381958,265.0998992919922,0.5177732408046722
7075_22c_40_7_6_frame_17.jpeg,264.9911804199219,264.8531494140625,0.5175608992576599,0.5172913074493408,264.9221649169922,0.5174261033535004
7075_22c_40_7_6_frame_18.jpeg,265.5646057128906,265.71002197265625,0.5186808705329895,0.5189648866653442,265.63731384277344,0.5188228785991669
7075_22c_40_7_6_frame_19.jpeg,265.16888427734375,264.88824462890625,0.517907977104187,0.5173598527908325,265.028564453125,0.5176339149475098
7075_22c_40_7_6_frame_2.jpeg,264.67803955078125,264.48760986328125,0.5169492959976196,0.5165773630142212,264.58282470703125,0.5167633295059204
7075_22c_40_7_6_frame_20.jpeg,264.3867492675781,264.16046142578125,0.5163803696632385,0.515938401222229,264.2736053466797,0.5161593854427338
7075_22c_40_7_6_frame_21.jpeg,266.81640625,267.1875305175781,0.5211257934570312,0.5218506455421448,267.00196838378906,0.521488219499588
7075_22c_40_7_6_frame_22.jpeg,264.5523681640625,264.43804931640625,0.5167038440704346,0.516480565071106,264.4952087402344,0.5165922045707703
7075_22c_40_7_6_frame_23.jpeg,264.9716796875,264.8476257324219,0.5175228118896484,0.5172805190086365,264.90965270996094,0.5174016654491425
7075_22c_40_7_6_frame_24.jpeg,265.5019836425781,265.52960205078125,0.5185585618019104,0.5186125040054321,265.5157928466797,0.5185855329036713
7075_22c_40_7_6_frame_25.jpeg,265.9000549316406,266.03070068359375,0.5193360447883606,0.519591212272644,265.9653778076172,0.5194636285305023
7075_22c_40_7_6_frame_26.jpeg,265.0058288574219,264.9421081542969,0.5175895094871521,0.5174650549888611,264.9739685058594,0.5175272822380066
7075_22c_40_7_6_frame_27.jpeg,264.8490295410156,264.5658874511719,0.5172832608222961,0.5167302489280701,264.70745849609375,0.5170067548751831
7075_22c_40_7_6_frame_28.jpeg,266.3233337402344,266.6261291503906,0.5201627612113953,0.5207541584968567,266.4747314453125,0.520458459854126
7075_22c_40_7_6_frame_29.jpeg,264.7226867675781,264.49346923828125,0.517036497592926,0.5165888071060181,264.6080780029297,0.516812652349472
7075_22c_40_7_6_frame_3.jpeg,264.6368408203125,264.4187927246094,0.5168688297271729,0.5164429545402527,264.52781677246094,0.5166558921337128
7075_22c_40_7_6_frame_30.jpeg,264.21759033203125,264.0306701660156,0.5160499811172485,0.5156849026679993,264.12413024902344,0.5158674418926239
7075_22c_40_7_6_frame_31.jpeg,266.7248840332031,267.08905029296875,0.5209470391273499,0.5216583013534546,266.90696716308594,0.5213026702404022
7075_22c_40_7_6_frame_32.jpeg,264.87750244140625,264.83770751953125,0.5173388719558716,0.5172611474990845,264.85760498046875,0.517300009727478
7075_22c_40_7_6_frame_33.jpeg,264.8464660644531,264.7608642578125,0.517278254032135,0.51711106300354,264.8036651611328,0.5171946585178375
7075_22c_40_7_6_frame_34.jpeg,265.73779296875,265.7879638671875,0.5190191268920898,0.5191171169281006,265.76287841796875,0.5190681219100952
7075_22c_40_7_6_frame_35.jpeg,265.901611328125,266.08563232421875,0.5193390846252441,0.5196985006332397,265.9936218261719,0.5195187926292419
7075_22c_40_7_6_frame_36.jpeg,265.255615234375,265.251220703125,0.5180773735046387,0.518068790435791,265.25341796875,0.5180730819702148
7075_22c_40_7_6_frame_37.jpeg,265.037841796875,264.83294677734375,0.5176520347595215,0.5172518491744995,264.9353942871094,0.5174519419670105
7075_22c_40_7_6_frame_38.jpeg,266.614501953125,266.9784851074219,0.5207314491271973,0.5214423537254333,266.79649353027344,0.5210869014263153
7075_22c_40_7_6_frame_39.jpeg,264.9925842285156,264.79315185546875,0.5175636410713196,0.5171741247177124,264.8928680419922,0.517368882894516
7075_22c_40_7_6_frame_4.jpeg,265.0273132324219,264.84613037109375,0.517631471157074,0.5172775983810425,264.9367218017578,0.5174545347690582
7075_22c_40_7_6_frame_40.jpeg,264.7113342285156,264.6178283691406,0.5170143246650696,0.5168316960334778,264.6645812988281,0.5169230103492737
7075_22c_40_7_6_frame_41.jpeg,267.0436096191406,267.4584045410156,0.521569550037384,0.5223796963691711,267.2510070800781,0.5219746232032776
7075_22c_40_7_6_frame_42.jpeg,265.0603332519531,265.0423278808594,0.517695963382721,0.5176607966423035,265.05133056640625,0.5176783800125122
7075_22c_40_7_6_frame_43.jpeg,265.2475891113281,265.2565612792969,0.5180616974830627,0.5180792212486267,265.2520751953125,0.5180704593658447
7075_22c_40_7_6_frame_44.jpeg,265.7550048828125,265.8042297363281,0.5190527439117432,0.5191488862037659,265.7796173095703,0.5191008150577545
7075_22c_40_7_6_frame_45.jpeg,266.029541015625,266.2070617675781,0.5195889472961426,0.519935667514801,266.11830139160156,0.5197623074054718
7075_22c_40_7_6_frame_46.jpeg,265.150146484375,265.1966552734375,0.5178713798522949,0.5179622173309326,265.17340087890625,0.5179167985916138
7075_22c_40_7_6_frame_47.jpeg,264.8776550292969,264.7462158203125,0.5173391699790955,0.5170824527740479,264.8119354248047,0.5172108113765717
7075_22c_40_7_6_frame_48.jpeg,266.36273193359375,266.6848449707031,0.5202397108078003,0.5208688378334045,266.52378845214844,0.5205542743206024
7075_22c_40_7_6_frame_49.jpeg,265.0401611328125,264.8171081542969,0.5176565647125244,0.5172209143638611,264.9286346435547,0.5174387395381927
7075_22c_40_7_6_frame_5.jpeg,265.92352294921875,265.8262939453125,0.5193818807601929,0.5191919803619385,265.8749084472656,0.5192869305610657
7075_22c_40_7_6_frame_50.jpeg,264.8336181640625,264.76861572265625,0.5172531604766846,0.517126202583313,264.8011169433594,0.5171896815299988
7075_22c_40_7_6_frame_6.jpeg,264.3582763671875,264.0955810546875,0.5163247585296631,0.5158116817474365,264.2269287109375,0.5160682201385498
7075_22c_40_7_6_frame_7.jpeg,264.73046875,264.580322265625,0.5170516967773438,0.5167584419250488,264.6553955078125,0.5169050693511963
7075_22c_40_7_6_frame_8.jpeg,265.3672180175781,265.404052734375,0.5182953476905823,0.5183672904968262,265.38563537597656,0.5183313190937042
7075_22c_40_7_6_frame_9.jpeg,265.0081787109375,264.6643371582031,0.5175940990447998,0.5169225335121155,264.8362579345703,0.5172583162784576
7075_22c_40_7_7_frame_1.jpeg,273.0848388671875,273.2695007324219,0.5333688259124756,0.5337294936180115,273.1771697998047,0.5335491597652435
7075_22c_40_7_7_frame_10.jpeg,269.80853271484375,269.4519958496094,0.5269697904586792,0.5262734293937683,269.63026428222656,0.5266216099262238
7075_22c_40_7_7_frame_11.jpeg,273.3497314453125,273.61175537109375,0.533886194229126,0.5343979597091675,273.4807434082031,0.5341420769691467
7075_22c_40_7_7_frame_12.jpeg,270.7748107910156,270.47265625,0.5288570523262024,0.5282669067382812,270.6237335205078,0.5285619795322418
7075_22c_40_7_7_frame_13.jpeg,269.0763244628906,268.55426025390625,0.5255396962165833,0.5245200395584106,268.81529235839844,0.525029867887497
7075_22c_40_7_7_frame_14.jpeg,272.76873779296875,272.97149658203125,0.5327514410018921,0.5331474542617798,272.8701171875,0.5329494476318359
7075_22c_40_7_7_frame_15.jpeg,271.9820251464844,272.0024719238281,0.5312148928642273,0.5312548279762268,271.99224853515625,0.531234860420227
7075_22c_40_7_7_frame_16.jpeg,269.6006164550781,269.1960144042969,0.5265637040138245,0.5257734656333923,269.3983154296875,0.5261685848236084
7075_22c_40_7_7_frame_17.jpeg,270.0210876464844,269.6441650390625,0.5273849368095398,0.526648759841919,269.83262634277344,0.5270168483257294
7075_22c_40_7_7_frame_18.jpeg,272.97381591796875,273.1708679199219,0.5331519842147827,0.5335368514060974,273.0723419189453,0.5333444178104401
7075_22c_40_7_7_frame_19.jpeg,270.5601501464844,270.3837890625,0.5284377932548523,0.5280933380126953,270.4719696044922,0.5282655656337738
7075_22c_40_7_7_frame_2.jpeg,270.5322570800781,270.23394775390625,0.5283833146095276,0.5278006792068481,270.3831024169922,0.5280919969081879
7075_22c_40_7_7_frame_20.jpeg,268.7796325683594,268.2033996582031,0.5249602198600769,0.523834764957428,268.49151611328125,0.5243974924087524
7075_22c_40_7_7_frame_21.jpeg,273.6415100097656,273.94757080078125,0.5344560742378235,0.5350538492202759,273.79454040527344,0.5347549617290497
7075_22c_40_7_7_frame_22.jpeg,270.4213562011719,270.0839538574219,0.5281667113304138,0.5275077223777771,270.2526550292969,0.5278372168540955
7075_22c_40_7_7_frame_23.jpeg,268.8242492675781,268.46636962890625,0.5250473618507385,0.5243483781814575,268.6453094482422,0.524697870016098
7075_22c_40_7_7_frame_24.jpeg,272.4099426269531,272.5975036621094,0.5320506691932678,0.5324169993400574,272.50372314453125,0.5322338342666626
7075_22c_40_7_7_frame_25.jpeg,271.9731750488281,272.0653076171875,0.5311976075172424,0.5313775539398193,272.0192413330078,0.5312875807285309
7075_22c_40_7_7_frame_26.jpeg,269.4583740234375,269.1627502441406,0.5262858867645264,0.5257084965705872,269.31056213378906,0.5259971916675568
7075_22c_40_7_7_frame_27.jpeg,269.64617919921875,269.31097412109375,0.5266526937484741,0.5259979963302612,269.47857666015625,0.5263253450393677
7075_22c_40_7_7_frame_28.jpeg,273.3707275390625,273.6942443847656,0.5339272022247314,0.5345590710639954,273.53248596191406,0.5342431366443634
7075_22c_40_7_7_frame_29.jpeg,270.21673583984375,269.99847412109375,0.5277670621871948,0.5273407697677612,270.10760498046875,0.527553915977478
7075_22c_40_7_7_frame_3.jpeg,268.92413330078125,268.36590576171875,0.5252424478530884,0.5241521596908569,268.64501953125,0.5246973037719727
7075_22c_40_7_7_frame_30.jpeg,268.7718200683594,268.3100280761719,0.5249449610710144,0.5240430235862732,268.5409240722656,0.5244939923286438
7075_22c_40_7_7_frame_31.jpeg,274.0679626464844,274.4407043457031,0.5352889895439148,0.5360170006752014,274.25433349609375,0.5356529951095581
7075_22c_40_7_7_frame_32.jpeg,270.65673828125,270.35101318359375,0.5286264419555664,0.5280293226242065,270.5038757324219,0.5283278822898865
7075_22c_40_7_7_frame_33.jpeg,269.0502624511719,268.81072998046875,0.5254887938499451,0.525020956993103,268.9304962158203,0.525254875421524
7075_22c_40_7_7_frame_34.jpeg,272.7047424316406,272.9151916503906,0.5326264500617981,0.5330374836921692,272.8099670410156,0.5328319668769836
7075_22c_40_7_7_frame_35.jpeg,272.36761474609375,272.47308349609375,0.5319679975509644,0.5321739912033081,272.42034912109375,0.5320709943771362
7075_22c_40_7_7_frame_36.jpeg,269.7100830078125,269.44500732421875,0.5267775058746338,0.5262597799301147,269.5775451660156,0.5265186429023743
7075_22c_40_7_7_frame_37.jpeg,270.2207336425781,269.9427795410156,0.5277748703956604,0.5272319912910461,270.0817565917969,0.5275034308433533
7075_22c_40_7_7_frame_38.jpeg,273.73199462890625,274.104248046875,0.5346328020095825,0.5353598594665527,273.9181213378906,0.5349963307380676
7075_22c_40_7_7_frame_39.jpeg,270.5140380859375,270.322021484375,0.5283477306365967,0.5279726982116699,270.41802978515625,0.5281602144241333
7075_22c_40_7_7_frame_4.jpeg,272.7259521484375,272.89288330078125,0.532667875289917,0.5329939126968384,272.8094177246094,0.5328308939933777
7075_22c_40_7_7_frame_40.jpeg,269.1773376464844,268.69683837890625,0.5257369875907898,0.5247985124588013,268.9370880126953,0.5252677500247955
7075_22c_40_7_7_frame_41.jpeg,274.1673583984375,274.556396484375,0.5354831218719482,0.5362429618835449,274.36187744140625,0.5358630418777466
7075_22c_40_7_7_frame_42.jpeg,270.73822021484375,270.4547424316406,0.5287855863571167,0.5282319188117981,270.5964813232422,0.5285087525844574
7075_22c_40_7_7_frame_43.jpeg,269.1663513183594,268.84503173828125,0.5257155299186707,0.5250879526138306,269.0056915283203,0.5254017412662506
7075_22c_40_7_7_frame_44.jpeg,272.77252197265625,272.93377685546875,0.5327588319778442,0.5330737829208374,272.8531494140625,0.5329163074493408
7075_22c_40_7_7_frame_45.jpeg,272.4385681152344,272.572998046875,0.5321065783500671,0.5323691368103027,272.5057830810547,0.5322378575801849
7075_22c_40_7_7_frame_46.jpeg,269.7467041015625,269.43133544921875,0.5268490314483643,0.5262330770492554,269.5890197753906,0.5265410542488098
7075_22c_40_7_7_frame_47.jpeg,270.14849853515625,269.8433532714844,0.527633786201477,0.5270377993583679,269.9959259033203,0.5273357927799225
7075_22c_40_7_7_frame_48.jpeg,273.9654846191406,274.361083984375,0.535088837146759,0.5358614921569824,274.1632843017578,0.5354751646518707
7075_22c_40_7_7_frame_49.jpeg,270.410888671875,270.18719482421875,0.5281462669372559,0.5277093648910522,270.2990417480469,0.527927815914154
7075_22c_40_7_7_frame_5.jpeg,271.7096862792969,271.7302551269531,0.5306829810142517,0.5307231545448303,271.719970703125,0.530703067779541
7075_22c_40_7_7_frame_50.jpeg,268.9624938964844,268.39453125,0.525317370891571,0.5242080688476562,268.6785125732422,0.5247627198696136
7075_22c_40_7_7_frame_6.jpeg,270.0384521484375,269.7228088378906,0.527418851852417,0.5268023610115051,269.88063049316406,0.5271106064319611
7075_22c_40_7_7_frame_7.jpeg,270.3172302246094,269.95172119140625,0.5279633402824402,0.5272494554519653,270.1344757080078,0.5276063978672028
7075_22c_40_7_7_frame_8.jpeg,272.58319091796875,272.7041931152344,0.5323890447616577,0.5326253771781921,272.64369201660156,0.5325072109699249
7075_22c_40_7_7_frame_9.jpeg,271.1356201171875,271.00360107421875,0.5295617580413818,0.5293039083480835,271.0696105957031,0.5294328331947327
7075_22c_40_7_8_frame_1.jpeg,276.92803955078125,277.1485595703125,0.5408750772476196,0.5413057804107666,277.0382995605469,0.5410904288291931
7075_22c_40_7_8_frame_10.jpeg,277.1439208984375,277.2672424316406,0.5412967205047607,0.5415375828742981,277.20558166503906,0.5414171516895294
7075_22c_40_7_8_frame_11.jpeg,277.31439208984375,277.62823486328125,0.5416296720504761,0.5422426462173462,277.4713134765625,0.5419361591339111
7075_22c_40_7_8_frame_12.jpeg,277.5258483886719,277.5790100097656,0.5420426726341248,0.5421465039253235,277.55242919921875,0.5420945882797241
7075_22c_40_7_8_frame_13.jpeg,277.0234375,276.892578125,0.5410614013671875,0.5408058166503906,276.9580078125,0.5409336090087891
7075_22c_40_7_8_frame_14.jpeg,277.400634765625,277.72613525390625,0.5417981147766113,0.5424338579177856,277.5633850097656,0.5421159863471985
7075_22c_40_7_8_frame_15.jpeg,278.3885803222656,278.91644287109375,0.543727695941925,0.544758677482605,278.6525115966797,0.544243186712265
7075_22c_40_7_8_frame_16.jpeg,275.77545166015625,275.3616027832031,0.5386239290237427,0.5378156304359436,275.5685272216797,0.5382197797298431
7075_22c_40_7_8_frame_17.jpeg,277.4529113769531,277.46063232421875,0.5419002175331116,0.5419152975082397,277.45677185058594,0.5419077575206757
7075_22c_40_7_8_frame_18.jpeg,278.5343322753906,279.1096496582031,0.5440123677253723,0.545136034488678,278.8219909667969,0.5445742011070251
7075_22c_40_7_8_frame_19.jpeg,276.1072082519531,275.9607849121094,0.539271891117096,0.5389859080314636,276.03399658203125,0.5391288995742798
7075_22c_40_7_8_frame_2.jpeg,277.1705322265625,277.1097412109375,0.5413486957550049,0.5412299633026123,277.14013671875,0.5412893295288086
7075_22c_40_7_8_frame_20.jpeg,277.25958251953125,277.21209716796875,0.5415226221084595,0.541429877281189,277.23583984375,0.5414762496948242
7075_22c_40_7_8_frame_21.jpeg,277.4775695800781,277.75830078125,0.5419483780860901,0.5424966812133789,277.61793518066406,0.5422225296497345
7075_22c_40_7_8_frame_22.jpeg,277.58306884765625,277.6439208984375,0.5421544313430786,0.5422732830047607,277.6134948730469,0.5422138571739197
7075_22c_40_7_8_frame_23.jpeg,277.33563232421875,277.4761047363281,0.5416711568832397,0.5419455170631409,277.40586853027344,0.5418083369731903
7075_22c_40_7_8_frame_24.jpeg,277.3105163574219,277.5977783203125,0.5416221022605896,0.5421831607818604,277.4541473388672,0.541902631521225
7075_22c_40_7_8_frame_25.jpeg,278.4774475097656,279.0328674316406,0.543901264667511,0.5449860692024231,278.7551574707031,0.544443666934967
7075_22c_40_7_8_frame_26.jpeg,276.3227233886719,276.0869445800781,0.5396928191184998,0.5392323136329651,276.204833984375,0.5394625663757324
7075_22c_40_7_8_frame_27.jpeg,277.4486083984375,277.5666198730469,0.5418918132781982,0.5421223044395447,277.5076141357422,0.5420070588588715
7075_22c_40_7_8_frame_28.jpeg,278.92730712890625,279.5650634765625,0.544779896736145,0.5460255146026611,279.2461853027344,0.5454027056694031
7075_22c_40_7_8_frame_29.jpeg,276.5179138183594,276.40789794921875,0.5400740504264832,0.5398591756820679,276.46290588378906,0.5399666130542755
7075_22c_40_7_8_frame_3.jpeg,276.8738708496094,276.71478271484375,0.5407692790031433,0.5404585599899292,276.79432678222656,0.5406139194965363
7075_22c_40_7_8_frame_30.jpeg,278.1039733886719,278.2757873535156,0.5431718230247498,0.5435073971748352,278.18988037109375,0.5433396100997925
7075_22c_40_7_8_frame_31.jpeg,277.7555847167969,278.0948486328125,0.5424913763999939,0.5431540012359619,277.9252166748047,0.5428226888179779
7075_22c_40_7_8_frame_32.jpeg,277.7724609375,277.8988342285156,0.5425243377685547,0.5427711606025696,277.8356475830078,0.5426477491855621
7075_22c_40_7_8_frame_33.jpeg,277.6965637207031,277.932861328125,0.5423761010169983,0.5428376197814941,277.81471252441406,0.5426068603992462
7075_22c_40_7_8_frame_34.jpeg,277.4591064453125,277.80145263671875,0.541912317276001,0.5425809621810913,277.6302795410156,0.5422466397285461
7075_22c_40_7_8_frame_35.jpeg,278.6986999511719,279.2532958984375,0.5443333983421326,0.5454165935516357,278.9759979248047,0.5448749959468842
7075_22c_40_7_8_frame_36.jpeg,276.4334411621094,276.1934814453125,0.5399090647697449,0.539440393447876,276.31346130371094,0.5396747291088104
7075_22c_40_7_8_frame_37.jpeg,277.3238220214844,277.46246337890625,0.5416480898857117,0.5419188737869263,277.3931427001953,0.541783481836319
7075_22c_40_7_8_frame_38.jpeg,278.81597900390625,279.4043884277344,0.5445624589920044,0.5457116961479187,279.1101837158203,0.5451370775699615
7075_22c_40_7_8_frame_39.jpeg,276.1893615722656,276.05364990234375,0.5394323468208313,0.5391672849655151,276.1215057373047,0.5392998158931732
7075_22c_40_7_8_frame_4.jpeg,277.31488037109375,277.5876159667969,0.5416306257247925,0.5421633124351501,277.4512481689453,0.5418969690799713
7075_22c_40_7_8_frame_40.jpeg,277.36663818359375,277.40399169921875,0.5417317152023315,0.5418046712875366,277.38531494140625,0.5417681932449341
7075_22c_40_7_8_frame_41.jpeg,277.6855163574219,277.9933776855469,0.5423545241355896,0.5429558157920837,277.8394470214844,0.5426551699638367
7075_22c_40_7_8_frame_42.jpeg,277.4070129394531,277.4676818847656,0.5418105721473694,0.5419290661811829,277.4373474121094,0.5418698191642761
7075_22c_40_7_8_frame_43.jpeg,277.1597900390625,277.2926940917969,0.541327714920044,0.5415872931480408,277.2262420654297,0.5414575040340424
7075_22c_40_7_8_frame_44.jpeg,277.2894592285156,277.5731506347656,0.5415809750556946,0.5421350598335266,277.4313049316406,0.5418580174446106
7075_22c_40_7_8_frame_45.jpeg,278.38824462890625,278.8963623046875,0.5437270402908325,0.5447194576263428,278.6423034667969,0.5442232489585876
7075_22c_40_7_8_frame_46.jpeg,276.2654113769531,276.0087585449219,0.5395808815956116,0.5390796065330505,276.1370849609375,0.539330244064331
7075_22c_40_7_8_frame_47.jpeg,277.35882568359375,277.3931884765625,0.541716456413269,0.5417835712432861,277.3760070800781,0.5417500138282776
7075_22c_40_7_8_frame_48.jpeg,278.8223876953125,279.4148254394531,0.5445749759674072,0.5457320809364319,279.1186065673828,0.5451535284519196
7075_22c_40_7_8_frame_49.jpeg,276.29644775390625,276.20880126953125,0.5396414995193481,0.5394703149795532,276.25262451171875,0.5395559072494507
7075_22c_40_7_8_frame_5.jpeg,278.3499450683594,278.9032287597656,0.5436522364616394,0.5447328686714172,278.6265869140625,0.5441925525665283
7075_22c_40_7_8_frame_50.jpeg,277.5647277832031,277.5893859863281,0.5421186089515686,0.5421667695045471,277.5770568847656,0.5421426892280579
7075_22c_40_7_8_frame_6.jpeg,275.86199951171875,275.583251953125,0.5387929677963257,0.5382485389709473,275.7226257324219,0.5385207533836365
7075_22c_40_7_8_frame_7.jpeg,277.21942138671875,277.2503967285156,0.5414441823959351,0.5415046811103821,277.2349090576172,0.5414744317531586
7075_22c_40_7_8_frame_8.jpeg,278.3536071777344,278.9254150390625,0.5436593890190125,0.544776201248169,278.63951110839844,0.5442177951335907
7075_22c_40_7_8_frame_9.jpeg,276.7232360839844,276.65618896484375,0.540475070476532,0.5403441190719604,276.68971252441406,0.5404095947742462
7075_22c_40_7_9_frame_1.jpeg,272.4967956542969,270.73431396484375,0.5322203040122986,0.5287779569625854,271.6155548095703,0.530499130487442
7075_22c_40_7_9_frame_10.jpeg,272.8311767578125,271.6046142578125,0.5328733921051025,0.53047776222229,272.2178955078125,0.5316755771636963
7075_22c_40_7_9_frame_11.jpeg,272.76031494140625,271.10467529296875,0.5327349901199341,0.5295013189315796,271.9324951171875,0.5311181545257568
7075_22c_40_7_9_frame_12.jpeg,270.2774963378906,269.305908203125,0.5278857350349426,0.5259881019592285,269.7917022705078,0.5269369184970856
7075_22c_40_7_9_frame_13.jpeg,270.3603210449219,269.2034606933594,0.528047502040863,0.5257880091667175,269.7818908691406,0.5269177556037903
7075_22c_40_7_9_frame_14.jpeg,273.98126220703125,272.3730773925781,0.5351196527481079,0.5319786667823792,273.1771697998047,0.5335491597652435
7075_22c_40_7_9_frame_15.jpeg,272.1554870605469,271.1993103027344,0.5315536856651306,0.5296861529350281,271.6773986816406,0.5306199193000793
7075_22c_40_7_9_frame_16.jpeg,269.17620849609375,268.3238525390625,0.5257347822189331,0.5240700244903564,268.7500305175781,0.5249024033546448
7075_22c_40_7_9_frame_17.jpeg,273.8012390136719,272.4007263183594,0.5347680449485779,0.5320326685905457,273.1009826660156,0.5334003567695618
7075_22c_40_7_9_frame_18.jpeg,272.20880126953125,270.81817626953125,0.5316578149795532,0.5289417505264282,271.51348876953125,0.5302997827529907
7075_22c_40_7_9_frame_19.jpeg,269.2592468261719,268.43621826171875,0.5258969664573669,0.5242894887924194,268.8477325439453,0.5250932276248932
7075_22c_40_7_9_frame_2.jpeg,269.9864196777344,268.93402099609375,0.527317225933075,0.5252617597579956,269.46022033691406,0.5262894928455353
7075_22c_40_7_9_frame_20.jpeg,273.1108703613281,272.0577087402344,0.533419668674469,0.5313627123832703,272.58428955078125,0.5323911905288696
7075_22c_40_7_9_frame_21.jpeg,273.378173828125,271.7874450683594,0.5339417457580566,0.5308348536491394,272.5828094482422,0.532388299703598
7075_22c_40_7_9_frame_22.jpeg,270.2650451660156,269.4803771972656,0.5278614163398743,0.5263288617134094,269.8727111816406,0.5270951390266418
7075_22c_40_7_9_frame_23.jpeg,269.5870361328125,268.6907653808594,0.5265371799468994,0.524786651134491,269.13890075683594,0.5256619155406952
7075_22c_40_7_9_frame_24.jpeg,274.4417724609375,272.83978271484375,0.5360190868377686,0.5328902006149292,273.6407775878906,0.5344546437263489
7075_22c_40_7_9_frame_25.jpeg,271.9117736816406,270.9462890625,0.5310776829719543,0.5291919708251953,271.4290313720703,0.5301348268985748
7075_22c_40_7_9_frame_26.jpeg,268.6244201660156,267.90325927734375,0.5246570706367493,0.523248553276062,268.2638397216797,0.5239528119564056
7075_22c_40_7_9_frame_27.jpeg,274.16778564453125,272.8105773925781,0.5354839563369751,0.5328331589698792,273.4891815185547,0.5341585576534271
7075_22c_40_7_9_frame_28.jpeg,272.5538024902344,271.22802734375,0.532331645488739,0.5297422409057617,271.8909149169922,0.5310369431972504
7075_22c_40_7_9_frame_29.jpeg,269.06396484375,268.39715576171875,0.5255155563354492,0.5242131948471069,268.7305603027344,0.5248643755912781
7075_22c_40_7_9_frame_3.jpeg,269.8755798339844,268.5978698730469,0.5271007418632507,0.5246052145957947,269.2367248535156,0.5258529782295227
7075_22c_40_7_9_frame_30.jpeg,272.9662780761719,272.06036376953125,0.5331372618675232,0.5313678979873657,272.51332092285156,0.5322525799274445
7075_22c_40_7_9_frame_31.jpeg,273.86834716796875,272.2973937988281,0.534899115562439,0.5318308472633362,273.08287048339844,0.5333649814128876
7075_22c_40_7_9_frame_32.jpeg,270.2486877441406,269.58001708984375,0.5278294682502747,0.5265234708786011,269.9143524169922,0.5271764695644379
7075_22c_40_7_9_frame_33.jpeg,269.8187255859375,269.06658935546875,0.5269896984100342,0.5255206823348999,269.4426574707031,0.526255190372467
7075_22c_40_7_9_frame_34.jpeg,274.8471374511719,273.2684326171875,0.5368108153343201,0.5337274074554443,274.0577850341797,0.5352691113948822
7075_22c_40_7_9_frame_35.jpeg,272.29241943359375,271.44244384765625,0.5318211317062378,0.5301610231399536,271.867431640625,0.5309910774230957
7075_22c_40_7_9_frame_36.jpeg,269.1513671875,268.5270690917969,0.5256862640380859,0.5244669318199158,268.83921813964844,0.5250765979290009
7075_22c_40_7_9_frame_37.jpeg,274.7419738769531,273.4579162597656,0.5366054177284241,0.5340974926948547,274.0999450683594,0.5353514552116394
7075_22c_40_7_9_frame_38.jpeg,273.2229309082031,271.98480224609375,0.5336385369300842,0.5312203168869019,272.60386657714844,0.532429426908493
7075_22c_40_7_9_frame_39.jpeg,269.6994323730469,269.1248474121094,0.5267567038536072,0.5256344676017761,269.4121398925781,0.5261955857276917
7075_22c_40_7_9_frame_4.jpeg,272.8583984375,271.18756103515625,0.5329265594482422,0.5296632051467896,272.0229797363281,0.5312948822975159
7075_22c_40_7_9_frame_40.jpeg,273.6756286621094,272.82244873046875,0.5345227122306824,0.5328563451766968,273.24903869628906,0.5336895287036896
7075_22c_40_7_9_frame_41.jpeg,274.60614013671875,273.0985412597656,0.5363401174545288,0.5333955883979797,273.8523406982422,0.5348678529262543
7075_22c_40_7_9_frame_42.jpeg,270.81695556640625,270.2264099121094,0.5289393663406372,0.5277859568595886,270.5216827392578,0.5283626616001129
7075_22c_40_7_9_frame_43.jpeg,270.4462890625,269.7196350097656,0.5282154083251953,0.5267961621284485,270.0829620361328,0.5275057852268219
7075_22c_40_7_9_frame_44.jpeg,275.32708740234375,273.7870788574219,0.5377482175827026,0.5347403883934021,274.5570831298828,0.5362443029880524
7075_22c_40_7_9_frame_45.jpeg,272.53009033203125,271.7674255371094,0.5322853326797485,0.5307957530021667,272.1487579345703,0.5315405428409576
7075_22c_40_7_9_frame_46.jpeg,269.45904541015625,268.87799072265625,0.5262871980667114,0.525152325630188,269.16851806640625,0.5257197618484497
7075_22c_40_7_9_frame_47.jpeg,274.9829406738281,273.73663330078125,0.5370760560035706,0.5346418619155884,274.3597869873047,0.5358589589595795
7075_22c_40_7_9_frame_48.jpeg,273.4953308105469,272.302001953125,0.5341705679893494,0.5318398475646973,272.89866638183594,0.5330052077770233
7075_22c_40_7_9_frame_49.jpeg,269.6831359863281,269.14447021484375,0.5267248749732971,0.5256727933883667,269.41380310058594,0.5261988341808319
7075_22c_40_7_9_frame_5.jpeg,272.01434326171875,270.8983154296875,0.5312780141830444,0.5290982723236084,271.4563293457031,0.5301881432533264
7075_22c_40_7_9_frame_50.jpeg,273.7390441894531,272.9540100097656,0.5346465706825256,0.5331133008003235,273.3465270996094,0.5338799357414246
7075_22c_40_7_9_frame_6.jpeg,269.01336669921875,267.9367370605469,0.5254167318344116,0.5233139395713806,268.4750518798828,0.5243653357028961
7075_22c_40_7_9_frame_7.jpeg,273.2963562011719,271.7797546386719,0.5337819457054138,0.530819833278656,272.5380554199219,0.5323008894920349
7075_22c_40_7_9_frame_8.jpeg,271.8992614746094,270.35302734375,0.5310532450675964,0.5280332565307617,271.1261444091797,0.5295432507991791
7075_22c_40_7_9_frame_9.jpeg,269.2379455566406,268.2680969238281,0.5258553624153137,0.5239611268043518,268.7530212402344,0.5249082446098328
7075_22c_40_8_1_frame_1.jpeg,278.37677001953125,278.0190124511719,0.543704628944397,0.5430058836936951,278.19789123535156,0.543355256319046
7075_22c_40_8_1_frame_10.jpeg,278.53155517578125,277.8858337402344,0.5440069437026978,0.5427457690238953,278.2086944580078,0.5433763563632965
7075_22c_40_8_1_frame_11.jpeg,278.2857360839844,277.8692321777344,0.543526828289032,0.5427133440971375,278.0774841308594,0.5431200861930847
7075_22c_40_8_1_frame_12.jpeg,278.28839111328125,277.287841796875,0.5435320138931274,0.5415778160095215,277.7881164550781,0.5425549149513245
7075_22c_40_8_1_frame_13.jpeg,278.4213562011719,277.9395751953125,0.5437917113304138,0.5428507328033447,278.1804656982422,0.5433212220668793
7075_22c_40_8_1_frame_14.jpeg,278.20208740234375,277.83929443359375,0.5433634519577026,0.5426548719406128,278.02069091796875,0.5430091619491577
7075_22c_40_8_1_frame_15.jpeg,278.4463806152344,277.6414489746094,0.5438405871391296,0.5422684550285339,278.0439147949219,0.5430545210838318
7075_22c_40_8_1_frame_16.jpeg,278.4530029296875,277.8696594238281,0.5438535213470459,0.5427141785621643,278.1613311767578,0.5432838499546051
7075_22c_40_8_1_frame_17.jpeg,278.0303039550781,277.3631591796875,0.543027937412262,0.5417249202728271,277.6967315673828,0.5423764288425446
7075_22c_40_8_1_frame_18.jpeg,278.4287414550781,278.0559387207031,0.5438061356544495,0.5430780053138733,278.2423400878906,0.5434420704841614
7075_22c_40_8_1_frame_19.jpeg,278.56866455078125,277.9945373535156,0.5440794229507446,0.5429580807685852,278.28160095214844,0.5435187518596649
7075_22c_40_8_1_frame_2.jpeg,278.22088623046875,277.22625732421875,0.5434001684188843,0.5414575338363647,277.72357177734375,0.5424288511276245
7075_22c_40_8_1_frame_20.jpeg,278.9361572265625,278.4182434082031,0.5447971820831299,0.5437856316566467,278.6772003173828,0.5442914068698883
7075_22c_40_8_1_frame_21.jpeg,278.35223388671875,278.0063171386719,0.5436567068099976,0.5429810881614685,278.1792755126953,0.543318897485733
7075_22c_40_8_1_frame_22.jpeg,278.63720703125,277.82147216796875,0.5442132949829102,0.542620062828064,278.2293395996094,0.5434166789054871
7075_22c_40_8_1_frame_23.jpeg,278.3918151855469,277.6963195800781,0.5437340140342712,0.5423756241798401,278.0440673828125,0.5430548191070557
7075_22c_40_8_1_frame_24.jpeg,278.2700500488281,278.1213684082031,0.5434961915016174,0.5432057976722717,278.1957092285156,0.5433509945869446
7075_22c_40_8_1_frame_25.jpeg,278.5171813964844,277.6822204589844,0.5439788699150085,0.5423480868339539,278.0997009277344,0.5431634783744812
7075_22c_40_8_1_frame_26.jpeg,278.7757263183594,278.26580810546875,0.5444838404655457,0.5434879064559937,278.52076721191406,0.5439858734607697
7075_22c_40_8_1_frame_27.jpeg,278.4886779785156,277.9926452636719,0.5439231991767883,0.5429543852806091,278.24066162109375,0.5434387922286987
7075_22c_40_8_1_frame_28.jpeg,278.49786376953125,278.05523681640625,0.5439411401748657,0.5430766344070435,278.27655029296875,0.5435088872909546
7075_22c_40_8_1_frame_29.jpeg,278.8403015136719,278.3286437988281,0.5446099638938904,0.5436106324195862,278.58447265625,0.5441102981567383
7075_22c_40_8_1_frame_3.jpeg,278.592041015625,278.14141845703125,0.5441250801086426,0.5432449579238892,278.3667297363281,0.5436850190162659
7075_22c_40_8_1_frame_30.jpeg,278.94970703125,278.41180419921875,0.5448236465454102,0.5437730550765991,278.6807556152344,0.5442983508110046
7075_22c_40_8_1_frame_31.jpeg,278.40771484375,278.0638122558594,0.5437650680541992,0.5430933833122253,278.2357635498047,0.5434292256832123
7075_22c_40_8_1_frame_32.jpeg,278.6655578613281,277.81976318359375,0.5442686676979065,0.5426167249679565,278.24266052246094,0.5434426963329315
7075_22c_40_8_1_frame_33.jpeg,278.4443359375,277.7431945800781,0.5438365936279297,0.5424671769142151,278.09376525878906,0.5431518852710724
7075_22c_40_8_1_frame_34.jpeg,278.1837158203125,278.0318603515625,0.5433275699615479,0.5430309772491455,278.1077880859375,0.5431792736053467
7075_22c_40_8_1_frame_35.jpeg,278.55487060546875,277.7142333984375,0.5440524816513062,0.5424106121063232,278.1345520019531,0.5432315468788147
7075_22c_40_8_1_frame_36.jpeg,278.6472473144531,278.1106872558594,0.5442329049110413,0.5431849360466003,278.37896728515625,0.5437089204788208
7075_22c_40_8_1_frame_37.jpeg,278.4632873535156,278.0522155761719,0.5438736081123352,0.5430707335472107,278.25775146484375,0.543472170829773
7075_22c_40_8_1_frame_38.jpeg,278.474365234375,278.100830078125,0.5438952445983887,0.5431656837463379,278.28759765625,0.5435304641723633
7075_22c_40_8_1_frame_39.jpeg,278.64129638671875,278.1698303222656,0.5442212820053101,0.543300449848175,278.4055633544922,0.5437608659267426
7075_22c_40_8_1_frame_4.jpeg,278.3009338378906,277.8046875,0.5435565114021301,0.5425872802734375,278.0528106689453,0.5430718958377838
7075_22c_40_8_1_frame_40.jpeg,278.6977844238281,278.225341796875,0.5443316102027893,0.5434088706970215,278.46156311035156,0.5438702404499054
7075_22c_40_8_1_frame_41.jpeg,278.4609375,278.183837890625,0.5438690185546875,0.543327808380127,278.3223876953125,0.5435984134674072
7075_22c_40_8_1_frame_42.jpeg,278.6854248046875,277.9100036621094,0.5443074703216553,0.5427929759025574,278.29771423339844,0.5435502231121063
7075_22c_40_8_1_frame_43.jpeg,278.4819641113281,277.8527526855469,0.5439100861549377,0.5426811575889587,278.1673583984375,0.5432956218719482
7075_22c_40_8_1_frame_44.jpeg,278.2088623046875,278.1458740234375,0.5433766841888428,0.5432536602020264,278.1773681640625,0.5433151721954346
7075_22c_40_8_1_frame_45.jpeg,278.5888671875,277.81134033203125,0.5441188812255859,0.5426002740859985,278.2001037597656,0.5433595776557922
7075_22c_40_8_1_frame_46.jpeg,278.44384765625,277.86578369140625,0.5438356399536133,0.5427066087722778,278.1548156738281,0.5432711243629456
7075_22c_40_8_1_frame_47.jpeg,278.1935729980469,277.7528381347656,0.5433468222618103,0.5424860119819641,277.97320556640625,0.5429164171218872
7075_22c_40_8_1_frame_48.jpeg,278.3818054199219,277.9730224609375,0.5437144637107849,0.5429160594940186,278.1774139404297,0.5433152616024017
7075_22c_40_8_1_frame_49.jpeg,278.64703369140625,278.1584777832031,0.5442324876785278,0.5432782769203186,278.4027557373047,0.5437553822994232
7075_22c_40_8_1_frame_5.jpeg,278.6348876953125,277.8979797363281,0.5442087650299072,0.5427694916725159,278.2664337158203,0.5434891283512115
7075_22c_40_8_1_frame_50.jpeg,278.6253662109375,278.0893859863281,0.5441901683807373,0.5431433320045471,278.3573760986328,0.5436667501926422
7075_22c_40_8_1_frame_6.jpeg,278.3104248046875,277.65264892578125,0.5435750484466553,0.5422903299331665,277.9815368652344,0.5429326891899109
7075_22c_40_8_1_frame_7.jpeg,278.0450744628906,277.245849609375,0.5430567860603333,0.5414958000183105,277.6454620361328,0.5422762930393219
7075_22c_40_8_1_frame_8.jpeg,278.2979736328125,277.85003662109375,0.5435507297515869,0.5426758527755737,278.0740051269531,0.5431132912635803
7075_22c_40_8_1_frame_9.jpeg,278.4290466308594,277.6796569824219,0.5438067317008972,0.5423430800437927,278.0543518066406,0.543074905872345
7075_22c_40_8_2_frame_1.jpeg,274.5026550292969,273.41314697265625,0.5361379981040955,0.5340100526809692,273.95790100097656,0.5350740253925323
7075_22c_40_8_2_frame_10.jpeg,272.9393005371094,271.3062438964844,0.5330845713615417,0.529895007610321,272.1227722167969,0.5314897894859314
7075_22c_40_8_2_frame_11.jpeg,274.4129943847656,273.403076171875,0.5359628796577454,0.5339903831481934,273.9080352783203,0.5349766314029694
7075_22c_40_8_2_frame_12.jpeg,275.0335693359375,273.6626281738281,0.5371749401092529,0.5344973206520081,274.3480987548828,0.5358361303806305
7075_22c_40_8_2_frame_13.jpeg,273.04437255859375,271.61651611328125,0.5332897901535034,0.5305010080337524,272.3304443359375,0.5318953990936279
7075_22c_40_8_2_frame_14.jpeg,273.6620178222656,272.36297607421875,0.5344961285591125,0.5319589376449585,273.0124969482422,0.5332275331020355
7075_22c_40_8_2_frame_15.jpeg,274.9871826171875,273.82177734375,0.5370843410491943,0.5348081588745117,274.40447998046875,0.535946249961853
7075_22c_40_8_2_frame_16.jpeg,273.529052734375,272.1164855957031,0.5342364311218262,0.5314775109291077,272.82276916503906,0.5328569710254669
7075_22c_40_8_2_frame_17.jpeg,273.0823669433594,271.429931640625,0.5333639979362488,0.5301365852355957,272.2561492919922,0.5317502915859222
7075_22c_40_8_2_frame_18.jpeg,274.93780517578125,273.8127746582031,0.5369879007339478,0.534790575504303,274.3752899169922,0.5358892381191254
7075_22c_40_8_2_frame_19.jpeg,273.8585510253906,272.5293884277344,0.5348799824714661,0.5322839617729187,273.1939697265625,0.5335819721221924
7075_22c_40_8_2_frame_2.jpeg,275.12164306640625,273.7194519042969,0.5373469591140747,0.5346083045005798,274.42054748535156,0.5359776318073273
7075_22c_40_8_2_frame_20.jpeg,272.7017517089844,271.20916748046875,0.5326206088066101,0.5297054052352905,271.95545959472656,0.5311630070209503
7075_22c_40_8_2_frame_21.jpeg,274.5386962890625,273.46551513671875,0.5362083911895752,0.5341123342514038,274.0021057128906,0.5351603627204895
7075_22c_40_8_2_frame_22.jpeg,275.0601806640625,273.6948547363281,0.5372269153594971,0.5345602631568909,274.3775177001953,0.535893589258194
7075_22c_40_8_2_frame_23.jpeg,272.822265625,271.3083801269531,0.5328559875488281,0.5298991799354553,272.06532287597656,0.5313775837421417
7075_22c_40_8_2_frame_24.jpeg,273.7209777832031,272.37554931640625,0.5346112847328186,0.531983494758606,273.0482635498047,0.5332973897457123
7075_22c_40_8_2_frame_25.jpeg,274.74603271484375,273.5418701171875,0.5366133451461792,0.5342614650726318,274.1439514160156,0.5354374051094055
7075_22c_40_8_2_frame_26.jpeg,273.31866455078125,271.9046630859375,0.5338255167007446,0.5310637950897217,272.6116638183594,0.5324446558952332
7075_22c_40_8_2_frame_27.jpeg,272.8331298828125,271.2831115722656,0.5328772068023682,0.5298498272895813,272.05812072753906,0.5313635170459747
7075_22c_40_8_2_frame_28.jpeg,274.96380615234375,273.9749755859375,0.5370386838912964,0.5351073741912842,274.4693908691406,0.5360730290412903
7075_22c_40_8_2_frame_29.jpeg,273.7915954589844,272.4935607910156,0.5347492098808289,0.5322139859199524,273.142578125,0.5334815979003906
7075_22c_40_8_2_frame_3.jpeg,273.0518493652344,271.5752258300781,0.5333043932914734,0.5304203629493713,272.31353759765625,0.5318623781204224
7075_22c_40_8_2_frame_30.jpeg,272.1257629394531,270.6477966308594,0.5314956307411194,0.5286089777946472,271.38677978515625,0.5300523042678833
7075_22c_40_8_2_frame_31.jpeg,274.66412353515625,273.7321472167969,0.536453366279602,0.5346331000328064,274.19813537597656,0.5355432331562042
7075_22c_40_8_2_frame_32.jpeg,275.04815673828125,273.72686767578125,0.5372034311294556,0.5346227884292603,274.38751220703125,0.5359131097793579
7075_22c_40_8_2_frame_33.jpeg,272.7712097167969,271.339599609375,0.5327562689781189,0.5299601554870605,272.05540466308594,0.5313582122325897
7075_22c_40_8_2_frame_34.jpeg,273.69512939453125,272.41265869140625,0.5345607995986938,0.5320559740066528,273.05389404296875,0.5333083868026733
7075_22c_40_8_2_frame_35.jpeg,274.9114990234375,273.77276611328125,0.5369365215301514,0.5347124338150024,274.3421325683594,0.5358244776725769
7075_22c_40_8_2_frame_36.jpeg,273.42431640625,272.0564880371094,0.534031867980957,0.5313603281974792,272.7404022216797,0.5326960980892181
7075_22c_40_8_2_frame_37.jpeg,272.9311218261719,271.4303283691406,0.5330685973167419,0.5301373600959778,272.18072509765625,0.5316029787063599
7075_22c_40_8_2_frame_38.jpeg,274.9474792480469,273.97674560546875,0.5370067954063416,0.5351108312606812,274.4621124267578,0.5360588133335114
7075_22c_40_8_2_frame_39.jpeg,273.8057861328125,272.53680419921875,0.5347769260406494,0.5322984457015991,273.1712951660156,0.5335376858711243
7075_22c_40_8_2_frame_4.jpeg,273.6706237792969,272.3393249511719,0.5345129370689392,0.5319127440452576,273.0049743652344,0.5332128405570984
7075_22c_40_8_2_frame_40.jpeg,272.6995544433594,271.3529357910156,0.5326163172721863,0.5299862027168274,272.0262451171875,0.5313012599945068
7075_22c_40_8_2_frame_41.jpeg,274.94769287109375,273.9897155761719,0.537007212638855,0.5351361632347107,274.4687042236328,0.5360716879367828
7075_22c_40_8_2_frame_42.jpeg,274.996826171875,273.7084045410156,0.5371031761169434,0.5345867276191711,274.3526153564453,0.5358449518680573
7075_22c_40_8_2_frame_43.jpeg,272.8357849121094,271.3764343261719,0.5328823924064636,0.5300320982933044,272.1061096191406,0.531457245349884
7075_22c_40_8_2_frame_44.jpeg,273.6559143066406,272.39288330078125,0.5344842076301575,0.5320173501968384,273.02439880371094,0.5332507789134979
7075_22c_40_8_2_frame_45.jpeg,274.987548828125,273.8480529785156,0.5370850563049316,0.5348594784736633,274.4178009033203,0.5359722673892975
7075_22c_40_8_2_frame_46.jpeg,273.6763916015625,272.34356689453125,0.5345242023468018,0.5319210290908813,273.0099792480469,0.5332226157188416
7075_22c_40_8_2_frame_47.jpeg,273.0788879394531,271.5469970703125,0.5333572030067444,0.5303652286529541,272.3129425048828,0.5318612158298492
7075_22c_40_8_2_frame_48.jpeg,275.08526611328125,274.1044921875,0.5372759103775024,0.5353603363037109,274.5948791503906,0.5363181233406067
7075_22c_40_8_2_frame_49.jpeg,273.7915344238281,272.5414733886719,0.5347490906715393,0.5323075652122498,273.16650390625,0.5335283279418945
7075_22c_40_8_2_frame_5.jpeg,275.01043701171875,273.7173156738281,0.5371297597885132,0.5346041321754456,274.36387634277344,0.5358669459819794
7075_22c_40_8_2_frame_50.jpeg,272.7446594238281,271.3733825683594,0.5327044129371643,0.5300261378288269,272.05902099609375,0.5313652753829956
7075_22c_40_8_2_frame_6.jpeg,273.2481994628906,271.8749694824219,0.5336878895759583,0.5310057997703552,272.56158447265625,0.5323468446731567
7075_22c_40_8_2_frame_7.jpeg,273.5771789550781,272.0255432128906,0.534330427646637,0.531299889087677,272.8013610839844,0.532815158367157
7075_22c_40_8_2_frame_8.jpeg,274.7955627441406,273.6070251464844,0.5367100834846497,0.5343887209892273,274.2012939453125,0.5355494022369385
7075_22c_40_8_2_frame_9.jpeg,273.7867126464844,272.4950866699219,0.5347396731376648,0.5322169661521912,273.1408996582031,0.533478319644928
7075_22c_40_8_3_frame_1.jpeg,275.1030578613281,273.966064453125,0.5373106598854065,0.5350899696350098,274.53456115722656,0.5362003147602081
7075_22c_40_8_3_frame_10.jpeg,275.2423095703125,273.7951354980469,0.5375826358795166,0.5347561240196228,274.5187225341797,0.5361693799495697
7075_22c_40_8_3_frame_11.jpeg,274.9497985839844,273.779541015625,0.5370113253593445,0.5347256660461426,274.3646697998047,0.5358684957027435
7075_22c_40_8_3_frame_12.jpeg,275.1530456542969,273.6494140625,0.5374082922935486,0.5344715118408203,274.40122985839844,0.5359399020671844
7075_22c_40_8_3_frame_13.jpeg,274.7008972167969,273.3710021972656,0.5365251898765564,0.5339277386665344,274.03594970703125,0.5352264642715454
7075_22c_40_8_3_frame_14.jpeg,275.0155029296875,273.9375,0.5371396541595459,0.5350341796875,274.47650146484375,0.536086916923523
7075_22c_40_8_3_frame_15.jpeg,274.92364501953125,273.4059753417969,0.536960244178772,0.533996045589447,274.16481018066406,0.5354781448841095
7075_22c_40_8_3_frame_16.jpeg,274.0566711425781,272.6457824707031,0.5352669358253479,0.532511293888092,273.3512268066406,0.53388911485672
7075_22c_40_8_3_frame_17.jpeg,275.23583984375,273.7275695800781,0.5375699996948242,0.5346241593360901,274.48170471191406,0.5360970795154572
7075_22c_40_8_3_frame_18.jpeg,274.9110107421875,273.6211853027344,0.536935567855835,0.5344163775444031,274.26609802246094,0.535675972700119
7075_22c_40_8_3_frame_19.jpeg,274.80682373046875,273.6009826660156,0.5367320775985718,0.5343769192695618,274.2039031982422,0.5355544984340668
7075_22c_40_8_3_frame_2.jpeg,274.9468078613281,273.4264221191406,0.5370054841041565,0.5340359807014465,274.1866149902344,0.5355207324028015
7075_22c_40_8_3_frame_20.jpeg,275.0797424316406,273.5766906738281,0.5372651219367981,0.5343294739723206,274.3282165527344,0.5357972979545593
7075_22c_40_8_3_frame_21.jpeg,275.22808837890625,274.15460205078125,0.5375548601150513,0.5354582071304321,274.69134521484375,0.5365065336227417
7075_22c_40_8_3_frame_22.jpeg,275.5099792480469,274.00909423828125,0.5381054282188416,0.5351740121841431,274.75953674316406,0.5366397202014923
7075_22c_40_8_3_frame_23.jpeg,274.2386474609375,272.7298278808594,0.5356223583221436,0.5326754450798035,273.48423767089844,0.5341489017009735
7075_22c_40_8_3_frame_24.jpeg,275.12469482421875,274.0781555175781,0.5373529195785522,0.5353088974952698,274.60142517089844,0.536330908536911
7075_22c_40_8_3_frame_25.jpeg,275.00439453125,273.5577087402344,0.5371179580688477,0.5342923998832703,274.2810516357422,0.535705178976059
7075_22c_40_8_3_frame_26.jpeg,274.3056945800781,272.9318542480469,0.5357533097267151,0.5330700278282166,273.6187744140625,0.5344116687774658
7075_22c_40_8_3_frame_27.jpeg,275.489013671875,274.1043701171875,0.5380644798278809,0.5353600978851318,274.79669189453125,0.5367122888565063
7075_22c_40_8_3_frame_28.jpeg,274.96881103515625,273.7417297363281,0.5370484590530396,0.5346518158912659,274.3552703857422,0.5358501374721527
7075_22c_40_8_3_frame_29.jpeg,274.6132507324219,273.48077392578125,0.5363540053367615,0.5341421365737915,274.04701232910156,0.5352480709552765
7075_22c_40_8_3_frame_3.jpeg,274.6832580566406,273.3577880859375,0.5364907383918762,0.5339019298553467,274.02052307128906,0.5351963341236115
7075_22c_40_8_3_frame_30.jpeg,274.957763671875,273.58477783203125,0.5370268821716309,0.534345269203186,274.2712707519531,0.5356860756874084
7075_22c_40_8_3_frame_31.jpeg,275.4334716796875,274.423828125,0.5379559993743896,0.5359840393066406,274.92864990234375,0.5369700193405151
7075_22c_40_8_3_frame_32.jpeg,275.5055847167969,274.03961181640625,0.5380968451499939,0.5352336168289185,274.77259826660156,0.5366652309894562
7075_22c_40_8_3_frame_33.jpeg,274.28369140625,272.7901611328125,0.535710334777832,0.5327932834625244,273.53692626953125,0.5342518091201782
7075_22c_40_8_3_frame_34.jpeg,275.4787292480469,274.5469665527344,0.5380443930625916,0.5362245440483093,275.0128479003906,0.5371344685554504
7075_22c_40_8_3_frame_35.jpeg,275.2106018066406,273.8230285644531,0.537520706653595,0.5348106026649475,274.5168151855469,0.5361656546592712
7075_22c_40_8_3_frame_36.jpeg,274.1944580078125,272.7434997558594,0.5355360507965088,0.5327021479606628,273.46897888183594,0.5341190993785858
7075_22c_40_8_3_frame_37.jpeg,275.37725830078125,273.9466552734375,0.5378462076187134,0.5350520610809326,274.6619567871094,0.536449134349823
7075_22c_40_8_3_frame_38.jpeg,275.4272155761719,274.2444763183594,0.5379437804222107,0.5356337428092957,274.8358459472656,0.5367887616157532
7075_22c_40_8_3_frame_39.jpeg,274.7357177734375,273.61187744140625,0.5365931987762451,0.5343981981277466,274.1737976074219,0.5354956984519958
7075_22c_40_8_3_frame_4.jpeg,274.9261169433594,273.81085205078125,0.5369650721549988,0.5347868204116821,274.3684844970703,0.5358759462833405
7075_22c_40_8_3_frame_40.jpeg,275.1598205566406,273.7493896484375,0.5374215245246887,0.5346667766571045,274.45460510253906,0.5360441505908966
7075_22c_40_8_3_frame_41.jpeg,275.59820556640625,274.5808410644531,0.5382777452468872,0.53629070520401,275.0895233154297,0.5372842252254486
7075_22c_40_8_3_frame_42.jpeg,275.4850769042969,273.9859619140625,0.5380567908287048,0.5351288318634033,274.7355194091797,0.5365928113460541
7075_22c_40_8_3_frame_43.jpeg,274.3409423828125,272.8390197753906,0.5358221530914307,0.5328887104988098,273.58998107910156,0.5343554317951202
7075_22c_40_8_3_frame_44.jpeg,275.5758361816406,274.68463134765625,0.5382340550422668,0.5364934206008911,275.13023376464844,0.537363737821579
7075_22c_40_8_3_frame_45.jpeg,275.1555480957031,273.7598571777344,0.5374131798744202,0.5346872210502625,274.45770263671875,0.5360502004623413
7075_22c_40_8_3_frame_46.jpeg,274.28564453125,272.8701477050781,0.5357141494750977,0.5329495072364807,273.57789611816406,0.5343318283557892
7075_22c_40_8_3_frame_47.jpeg,275.2548828125,273.83587646484375,0.5376071929931641,0.534835696220398,274.5453796386719,0.536221444606781
7075_22c_40_8_3_frame_48.jpeg,275.37408447265625,274.2447814941406,0.5378400087356567,0.5356343388557434,274.80943298339844,0.5367371737957001
7075_22c_40_8_3_frame_49.jpeg,274.69708251953125,273.70404052734375,0.5365177392959595,0.5345782041549683,274.2005615234375,0.5355479717254639
7075_22c_40_8_3_frame_5.jpeg,274.8592834472656,273.4310302734375,0.5368345379829407,0.5340449810028076,274.14515686035156,0.5354397594928741
7075_22c_40_8_3_frame_50.jpeg,275.0495300292969,273.7022705078125,0.5372061133384705,0.5345747470855713,274.3759002685547,0.5358904302120209
7075_22c_40_8_3_frame_6.jpeg,274.63873291015625,273.404296875,0.5364037752151489,0.5339927673339844,274.0215148925781,0.5351982712745667
7075_22c_40_8_3_frame_7.jpeg,274.9245300292969,273.3987731933594,0.5369619727134705,0.53398197889328,274.1616516113281,0.5354719758033752
7075_22c_40_8_3_frame_8.jpeg,274.70513916015625,273.4305114746094,0.5365334749221802,0.5340439677238464,274.0678253173828,0.5352887213230133
7075_22c_40_8_3_frame_9.jpeg,274.7721862792969,273.4411315917969,0.5366644263267517,0.5340647101402283,274.1066589355469,0.53536456823349
7075_22c_40_8_4_frame_1.jpeg,270.1264343261719,268.7748107910156,0.5275906920433044,0.5249508023262024,269.45062255859375,0.5262707471847534
7075_22c_40_8_4_frame_10.jpeg,270.2116394042969,269.0055847167969,0.5277571082115173,0.5254015326499939,269.6086120605469,0.5265793204307556
7075_22c_40_8_4_frame_11.jpeg,270.103271484375,268.72210693359375,0.5275454521179199,0.5248478651046753,269.4126892089844,0.5261966586112976
7075_22c_40_8_4_frame_12.jpeg,270.0252685546875,268.67730712890625,0.527393102645874,0.524760365486145,269.3512878417969,0.5260767340660095
7075_22c_40_8_4_frame_13.jpeg,269.5201416015625,268.077880859375,0.5264065265655518,0.5235896110534668,268.79901123046875,0.5249980688095093
7075_22c_40_8_4_frame_14.jpeg,270.2121887207031,269.0181884765625,0.5277581810951233,0.5254261493682861,269.6151885986328,0.5265921652317047
7075_22c_40_8_4_frame_15.jpeg,269.774658203125,268.6743469238281,0.5269036293029785,0.5247545838356018,269.22450256347656,0.5258291065692902
7075_22c_40_8_4_frame_16.jpeg,269.8072814941406,268.215087890625,0.5269673466682434,0.523857593536377,269.0111846923828,0.5254124701023102
7075_22c_40_8_4_frame_17.jpeg,269.87872314453125,268.6316223144531,0.5271068811416626,0.5246711373329163,269.2551727294922,0.5258890092372894
7075_22c_40_8_4_frame_18.jpeg,270.0341491699219,269.16375732421875,0.5274104475975037,0.5257104635238647,269.5989532470703,0.5265604555606842
7075_22c_40_8_4_frame_19.jpeg,269.5863952636719,267.885498046875,0.5265359282493591,0.5232138633728027,268.73594665527344,0.5248748958110809
7075_22c_40_8_4_frame_2.jpeg,269.91302490234375,268.54248046875,0.5271738767623901,0.5244970321655273,269.2277526855469,0.5258354544639587
7075_22c_40_8_4_frame_20.jpeg,269.9707946777344,268.557861328125,0.52728670835495,0.5245270729064941,269.2643280029297,0.525906890630722
7075_22c_40_8_4_frame_21.jpeg,270.1203308105469,268.7963562011719,0.5275787711143494,0.5249928832054138,269.4583435058594,0.5262858271598816
7075_22c_40_8_4_frame_22.jpeg,270.3206787109375,269.0353698730469,0.5279700756072998,0.5254597067832947,269.6780242919922,0.5267148911952972
7075_22c_40_8_4_frame_23.jpeg,270.1103210449219,269.1617126464844,0.527559220790863,0.5257064700126648,269.6360168457031,0.5266328454017639
7075_22c_40_8_4_frame_24.jpeg,270.46734619140625,269.264892578125,0.5282565355300903,0.5259079933166504,269.8661193847656,0.5270822644233704
7075_22c_40_8_4_frame_25.jpeg,269.72515869140625,268.73089599609375,0.5268069505691528,0.5248650312423706,269.22802734375,0.5258359909057617
7075_22c_40_8_4_frame_26.jpeg,269.72515869140625,268.2477722167969,0.5268069505691528,0.5239214301109314,268.98646545410156,0.5253641903400421
7075_22c_40_8_4_frame_27.jpeg,269.871337890625,268.55218505859375,0.527092456817627,0.5245159864425659,269.2117614746094,0.5258042216300964
7075_22c_40_8_4_frame_28.jpeg,270.1185607910156,269.3431396484375,0.5275753140449524,0.5260608196258545,269.73085021972656,0.5268180668354034
7075_22c_40_8_4_frame_29.jpeg,269.8713073730469,268.33111572265625,0.5270923972129822,0.524084210395813,269.10121154785156,0.5255883038043976
7075_22c_40_8_4_frame_3.jpeg,269.62738037109375,268.1612854003906,0.5266159772872925,0.5237525105476379,268.8943328857422,0.5251842439174652
7075_22c_40_8_4_frame_30.jpeg,269.7500305175781,268.4047546386719,0.5268555283546448,0.524228036403656,269.077392578125,0.5255417823791504
7075_22c_40_8_4_frame_31.jpeg,270.2434997558594,269.0523986816406,0.5278193354606628,0.5254929661750793,269.64794921875,0.5266561508178711
7075_22c_40_8_4_frame_32.jpeg,270.27606201171875,269.01043701171875,0.5278829336166382,0.5254110097885132,269.64324951171875,0.5266469717025757
7075_22c_40_8_4_frame_33.jpeg,270.01983642578125,269.01751708984375,0.527382493019104,0.5254248380661011,269.5186767578125,0.5264036655426025
7075_22c_40_8_4_frame_34.jpeg,270.4361877441406,269.2162780761719,0.5281956791877747,0.5258130431175232,269.82623291015625,0.5270043611526489
7075_22c_40_8_4_frame_35.jpeg,270.0408020019531,269.06683349609375,0.5274234414100647,0.5255211591720581,269.55381774902344,0.5264723002910614
7075_22c_40_8_4_frame_36.jpeg,269.886474609375,268.4373779296875,0.5271220207214355,0.5242917537689209,269.16192626953125,0.5257068872451782
7075_22c_40_8_4_frame_37.jpeg,269.9653625488281,268.750244140625,0.5272760987281799,0.5249028205871582,269.35780334472656,0.5260894596576691
7075_22c_40_8_4_frame_38.jpeg,270.1637878417969,269.3447265625,0.5276636481285095,0.5260639190673828,269.75425720214844,0.5268637835979462
7075_22c_40_8_4_frame_39.jpeg,269.6877746582031,268.1291809082031,0.526733934879303,0.5236898064613342,268.9084777832031,0.5252118706703186
7075_22c_40_8_4_frame_4.jpeg,270.3148193359375,269.19036865234375,0.5279586315155029,0.5257624387741089,269.7525939941406,0.5268605351448059
7075_22c_40_8_4_frame_40.jpeg,270.2622375488281,268.9596252441406,0.5278559327125549,0.5253117680549622,269.6109313964844,0.5265838503837585
7075_22c_40_8_4_frame_41.jpeg,270.4178771972656,269.3884582519531,0.5281599164009094,0.526149332523346,269.9031677246094,0.5271546244621277
7075_22c_40_8_4_frame_42.jpeg,269.9826965332031,268.6901550292969,0.5273099541664124,0.5247854590415955,269.33642578125,0.5260477066040039
7075_22c_40_8_4_frame_43.jpeg,270.0690002441406,269.1087341308594,0.5274785161018372,0.5256029963493347,269.5888671875,0.5265407562255859
7075_22c_40_8_4_frame_44.jpeg,270.30426025390625,269.1001892089844,0.5279380083084106,0.5255863070487976,269.7022247314453,0.5267621576786041
7075_22c_40_8_4_frame_45.jpeg,270.2764587402344,269.52294921875,0.5278837084770203,0.5264120101928711,269.8997039794922,0.5271478593349457
7075_22c_40_8_4_frame_46.jpeg,269.9176940917969,268.5290832519531,0.5271829962730408,0.524470865726471,269.223388671875,0.5258269309997559
7075_22c_40_8_4_frame_47.jpeg,270.0387268066406,268.959228515625,0.52741938829422,0.5253109931945801,269.4989776611328,0.5263651907444
7075_22c_40_8_4_frame_48.jpeg,269.9539489746094,269.2762756347656,0.5272538065910339,0.5259302258491516,269.6151123046875,0.5265920162200928
7075_22c_40_8_4_frame_49.jpeg,269.8661193847656,268.3992004394531,0.5270822644233704,0.5242171883583069,269.1326599121094,0.5256497263908386
7075_22c_40_8_4_frame_5.jpeg,269.7954406738281,268.7071533203125,0.5269442200660706,0.5248186588287354,269.2512969970703,0.525881439447403
7075_22c_40_8_4_frame_50.jpeg,270.31610107421875,269.1419677734375,0.5279611349105835,0.5256679058074951,269.7290344238281,0.5268145203590393
7075_22c_40_8_4_frame_6.jpeg,269.8096618652344,268.0336608886719,0.5269719958305359,0.5235032439231873,268.9216613769531,0.5252376198768616
7075_22c_40_8_4_frame_7.jpeg,269.7325439453125,268.42333984375,0.5268213748931885,0.5242643356323242,269.07794189453125,0.5255428552627563
7075_22c_40_8_4_frame_8.jpeg,270.1980895996094,269.370849609375,0.5277306437492371,0.5261149406433105,269.7844696044922,0.5269227921962738
7075_22c_40_8_4_frame_9.jpeg,269.9104919433594,268.2669372558594,0.5271689295768738,0.5239588618278503,269.0887145996094,0.5255638957023621
7075_22c_40_8_5_frame_1.jpeg,267.54302978515625,266.8045349121094,0.5225449800491333,0.5211026072502136,267.1737823486328,0.5218237936496735
7075_22c_40_8_5_frame_10.jpeg,267.1002502441406,266.3200988769531,0.5216801762580872,0.5201564431190491,266.7101745605469,0.5209183096885681
7075_22c_40_8_5_frame_11.jpeg,267.5766906738281,266.89849853515625,0.5226107239723206,0.521286129951477,267.2375946044922,0.5219484269618988
7075_22c_40_8_5_frame_12.jpeg,267.5119323730469,266.8174743652344,0.5224842429161072,0.5211278796195984,267.1647033691406,0.5218060612678528
7075_22c_40_8_5_frame_13.jpeg,266.8854064941406,266.0414733886719,0.5212605595588684,0.5196122527122498,266.46343994140625,0.5204364061355591
7075_22c_40_8_5_frame_14.jpeg,267.25341796875,266.21600341796875,0.5219793319702148,0.5199531316757202,266.7347106933594,0.5209662318229675
7075_22c_40_8_5_frame_15.jpeg,267.8813781738281,267.2909851074219,0.5232058167457581,0.5220527052879333,267.586181640625,0.5226292610168457
7075_22c_40_8_5_frame_16.jpeg,267.4480285644531,266.5544738769531,0.5223594307899475,0.5206142067909241,267.0012512207031,0.5214868187904358
7075_22c_40_8_5_frame_17.jpeg,267.05426025390625,266.1217346191406,0.5215903520584106,0.519769012928009,266.58799743652344,0.5206796824932098
7075_22c_40_8_5_frame_18.jpeg,268.1658020019531,267.68707275390625,0.5237613320350647,0.5228263139724731,267.9264373779297,0.5232938230037689
7075_22c_40_8_5_frame_19.jpeg,266.9424743652344,265.8316650390625,0.5213720202445984,0.519202470779419,266.38706970214844,0.5202872455120087
7075_22c_40_8_5_frame_2.jpeg,267.44189453125,266.6854553222656,0.5223474502563477,0.5208700299263,267.0636749267578,0.5216087400913239
7075_22c_40_8_5_frame_20.jpeg,266.6860046386719,265.75531005859375,0.520871102809906,0.5190533399581909,266.2206573486328,0.5199622213840485
7075_22c_40_8_5_frame_21.jpeg,267.6868896484375,267.0227966308594,0.5228259563446045,0.5215288996696472,267.35484313964844,0.5221774280071259
7075_22c_40_8_5_frame_22.jpeg,267.4724426269531,266.75048828125,0.5224071145057678,0.5209970474243164,267.11146545410156,0.5217020809650421
7075_22c_40_8_5_frame_23.jpeg,266.854248046875,265.99560546875,0.5211997032165527,0.5195226669311523,266.4249267578125,0.5203611850738525
7075_22c_40_8_5_frame_24.jpeg,267.4144592285156,266.3712158203125,0.5222938656806946,0.5202562808990479,266.89283752441406,0.5212750732898712
7075_22c_40_8_5_frame_25.jpeg,268.0886535644531,267.5765380859375,0.5236106514930725,0.5226104259490967,267.8325958251953,0.5231105387210846
7075_22c_40_8_5_frame_26.jpeg,267.0882873535156,266.26666259765625,0.5216568112373352,0.5200520753860474,266.67747497558594,0.5208544433116913
7075_22c_40_8_5_frame_27.jpeg,266.6050720214844,265.62127685546875,0.5207130312919617,0.5187915563583374,266.11317443847656,0.5197522938251495
7075_22c_40_8_5_frame_28.jpeg,268.1470947265625,267.7375793457031,0.5237247943878174,0.5229249596595764,267.9423370361328,0.5233248770236969
7075_22c_40_8_5_frame_29.jpeg,267.14227294921875,266.1711730957031,0.5217622518539429,0.5198655724525452,266.65672302246094,0.520813912153244
7075_22c_40_8_5_frame_3.jpeg,267.0130920410156,266.198974609375,0.5215099453926086,0.5199198722839355,266.6060333251953,0.5207149088382721
7075_22c_40_8_5_frame_30.jpeg,266.96051025390625,266.1396789550781,0.5214072465896606,0.519804060459137,266.5500946044922,0.5206056535243988
7075_22c_40_8_5_frame_31.jpeg,267.6927795410156,267.1065673828125,0.5228374600410461,0.5216925144195557,267.39967346191406,0.5222649872303009
7075_22c_40_8_5_frame_32.jpeg,267.2724304199219,266.5993347167969,0.5220164656639099,0.5207018256187439,266.9358825683594,0.5213591456413269
7075_22c_40_8_5_frame_33.jpeg,266.86773681640625,266.0672607421875,0.5212260484695435,0.519662618637085,266.4674987792969,0.5204443335533142
7075_22c_40_8_5_frame_34.jpeg,267.3558654785156,266.3519592285156,0.5221794247627258,0.5202186703681946,266.8539123535156,0.5211990475654602
7075_22c_40_8_5_frame_35.jpeg,267.73516845703125,267.1737976074219,0.5229202508926392,0.5218238234519958,267.45448303222656,0.5223720371723175
7075_22c_40_8_5_frame_36.jpeg,267.1279296875,266.3125305175781,0.5217342376708984,0.5201416611671448,266.72023010253906,0.5209379494190216
7075_22c_40_8_5_frame_37.jpeg,266.3548889160156,265.31060791015625,0.520224392414093,0.5181847810745239,265.83274841308594,0.5192045867443085
7075_22c_40_8_5_frame_38.jpeg,268.2635192871094,267.8050842285156,0.5239521861076355,0.5230568051338196,268.0343017578125,0.5235044956207275
7075_22c_40_8_5_frame_39.jpeg,266.9927978515625,265.96966552734375,0.521470308303833,0.5194720029830933,266.4812316894531,0.5204711556434631
7075_22c_40_8_5_frame_4.jpeg,267.01507568359375,265.9637756347656,0.521513819694519,0.5194604992866516,266.4894256591797,0.5204871594905853
7075_22c_40_8_5_frame_40.jpeg,266.8966979980469,266.0445556640625,0.5212826132774353,0.5196182727813721,266.4706268310547,0.5204504430294037
7075_22c_40_8_5_frame_41.jpeg,267.92816162109375,267.38372802734375,0.5232971906661987,0.5222338438034058,267.65594482421875,0.5227655172348022
7075_22c_40_8_5_frame_42.jpeg,267.8221740722656,267.25970458984375,0.5230901837348938,0.5219916105270386,267.5409393310547,0.5225408971309662
7075_22c_40_8_5_frame_43.jpeg,266.9206848144531,266.1067199707031,0.5213294625282288,0.5197396874427795,266.5137023925781,0.5205345749855042
7075_22c_40_8_5_frame_44.jpeg,267.1365966796875,266.1722717285156,0.5217511653900146,0.5198677182197571,266.65443420410156,0.5208094418048859
7075_22c_40_8_5_frame_45.jpeg,268.0167541503906,267.45672607421875,0.5234702229499817,0.5223764181137085,267.7367401123047,0.5229233205318451
7075_22c_40_8_5_frame_46.jpeg,267.0913391113281,266.2583312988281,0.5216627717018127,0.5200358033180237,266.6748352050781,0.5208492875099182
7075_22c_40_8_5_frame_47.jpeg,266.7768859863281,265.8725891113281,0.5210486054420471,0.5192824006080627,266.3247375488281,0.5201655030250549
7075_22c_40_8_5_frame_48.jpeg,268.31890869140625,267.89971923828125,0.5240603685379028,0.5232416391372681,268.10931396484375,0.5236510038375854
7075_22c_40_8_5_frame_49.jpeg,267.0167236328125,266.0978088378906,0.5215170383453369,0.5197222828865051,266.55726623535156,0.520619660615921
7075_22c_40_8_5_frame_5.jpeg,267.42034912109375,266.76458740234375,0.5223053693771362,0.5210245847702026,267.09246826171875,0.5216649770736694
7075_22c_40_8_5_frame_50.jpeg,266.9671630859375,266.1996154785156,0.5214202404022217,0.5199211239814758,266.58338928222656,0.5206706821918488
7075_22c_40_8_5_frame_6.jpeg,267.45880126953125,266.5484313964844,0.5223804712295532,0.5206024050712585,267.0036163330078,0.5214914381504059
7075_22c_40_8_5_frame_7.jpeg,267.3512878417969,266.40216064453125,0.5221704840660095,0.5203167200088501,266.87672424316406,0.5212436020374298
7075_22c_40_8_5_frame_8.jpeg,268.20538330078125,267.72076416015625,0.5238386392593384,0.5228921175003052,267.96307373046875,0.5233653783798218
7075_22c_40_8_5_frame_9.jpeg,267.25506591796875,266.2577209472656,0.5219825506210327,0.5200346112251282,266.7563934326172,0.5210085809230804
7075_22c_40_8_6_frame_1.jpeg,265.78887939453125,265.23126220703125,0.5191189050674438,0.5180298089981079,265.51007080078125,0.5185743570327759
7075_22c_40_8_6_frame_10.jpeg,266.0755310058594,265.69122314453125,0.5196787714958191,0.5189281702041626,265.8833770751953,0.5193034708499908
7075_22c_40_8_6_frame_11.jpeg,266.23785400390625,265.8570861816406,0.5199958086013794,0.5192521214485168,266.04747009277344,0.5196239650249481
7075_22c_40_8_6_frame_12.jpeg,266.66510009765625,266.385009765625,0.5208302736282349,0.5202832221984863,266.5250549316406,0.5205567479133606
7075_22c_40_8_6_frame_13.jpeg,265.8868408203125,265.4091491699219,0.5193102359771729,0.5183772444725037,265.6479949951172,0.5188437402248383
7075_22c_40_8_6_frame_14.jpeg,265.4739685058594,264.88067626953125,0.5185038447380066,0.5173450708389282,265.1773223876953,0.5179244577884674
7075_22c_40_8_6_frame_15.jpeg,266.37994384765625,266.03631591796875,0.5202733278274536,0.5196021795272827,266.2081298828125,0.5199377536773682
7075_22c_40_8_6_frame_16.jpeg,265.9573974609375,265.5191955566406,0.5194480419158936,0.5185921788215637,265.73829650878906,0.5190201103687286
7075_22c_40_8_6_frame_17.jpeg,266.0550231933594,265.6661071777344,0.51963871717453,0.5188791155815125,265.8605651855469,0.5192589163780212
7075_22c_40_8_6_frame_18.jpeg,266.5482482910156,266.2988586425781,0.5206020474433899,0.5201149582862854,266.4235534667969,0.5203585028648376
7075_22c_40_8_6_frame_19.jpeg,265.4559631347656,264.89349365234375,0.5184686779975891,0.5173701047897339,265.1747283935547,0.5179193913936615
7075_22c_40_8_6_frame_2.jpeg,266.0745849609375,265.5730895996094,0.519676923751831,0.5186974406242371,265.82383728027344,0.5191871821880341
7075_22c_40_8_6_frame_20.jpeg,265.76953125,265.2086181640625,0.5190811157226562,0.5179855823516846,265.48907470703125,0.5185333490371704
7075_22c_40_8_6_frame_21.jpeg,266.31298828125,265.9554748535156,0.5201425552368164,0.5194442868232727,266.1342315673828,0.5197934210300446
7075_22c_40_8_6_frame_22.jpeg,266.41650390625,266.0871887207031,0.5203447341918945,0.5197015404701233,266.25184631347656,0.5200231373310089
7075_22c_40_8_6_frame_23.jpeg,265.6108703613281,265.0340270996094,0.518771231174469,0.5176445841789246,265.32244873046875,0.5182079076766968
7075_22c_40_8_6_frame_24.jpeg,265.8651123046875,265.34490966796875,0.5192677974700928,0.5182517766952515,265.6050109863281,0.5187597870826721
7075_22c_40_8_6_frame_25.jpeg,266.6727294921875,266.5119934082031,0.5208451747894287,0.5205312371253967,266.5923614501953,0.5206882059574127
7075_22c_40_8_6_frame_26.jpeg,265.6224670410156,265.1842041015625,0.5187938809394836,0.5179378986358643,265.40333557128906,0.518365889787674
7075_22c_40_8_6_frame_27.jpeg,265.2364196777344,264.60009765625,0.518039882183075,0.5167970657348633,264.9182586669922,0.5174184739589691
7075_22c_40_8_6_frame_28.jpeg,266.89410400390625,266.7565612792969,0.5212775468826294,0.5210089087486267,266.82533264160156,0.521143227815628
7075_22c_40_8_6_frame_29.jpeg,265.3913879394531,264.8486022949219,0.5183425545692444,0.5172824263572693,265.1199951171875,0.5178124904632568
7075_22c_40_8_6_frame_3.jpeg,265.9166259765625,265.4694519042969,0.5193684101104736,0.5184950232505798,265.6930389404297,0.5189317166805267
7075_22c_40_8_6_frame_30.jpeg,265.6928405761719,265.2565612792969,0.5189313292503357,0.5180792212486267,265.4747009277344,0.5185052752494812
7075_22c_40_8_6_frame_31.jpeg,266.3417053222656,265.9991760253906,0.52019864320755,0.5195296406745911,266.1704406738281,0.5198641419410706
7075_22c_40_8_6_frame_32.jpeg,266.011962890625,265.5984802246094,0.519554615020752,0.5187470316886902,265.8052215576172,0.5191508233547211
7075_22c_40_8_6_frame_33.jpeg,265.8747863769531,265.38385009765625,0.5192866921424866,0.5183278322219849,265.6293182373047,0.5188072621822357
7075_22c_40_8_6_frame_34.jpeg,265.913330078125,265.4185485839844,0.5193619728088379,0.5183956027030945,265.6659393310547,0.5188787877559662
7075_22c_40_8_6_frame_35.jpeg,266.8985595703125,266.80560302734375,0.5212862491607666,0.5211046934127808,266.8520812988281,0.5211954712867737
7075_22c_40_8_6_frame_36.jpeg,265.7845153808594,265.3645324707031,0.519110381603241,0.518290102481842,265.57452392578125,0.5187002420425415
7075_22c_40_8_6_frame_37.jpeg,265.5205383300781,264.9227294921875,0.5185948014259338,0.5174272060394287,265.2216339111328,0.5180110037326813
7075_22c_40_8_6_frame_38.jpeg,267.0574035644531,267.0464782714844,0.5215964913368225,0.5215751528739929,267.05194091796875,0.5215858221054077
7075_22c_40_8_6_frame_39.jpeg,265.7127990722656,265.21038818359375,0.5189703106880188,0.5179890394210815,265.4615936279297,0.5184796750545502
7075_22c_40_8_6_frame_4.jpeg,265.353515625,264.7679748535156,0.5182685852050781,0.5171249508857727,265.0607452392578,0.5176967680454254
7075_22c_40_8_6_frame_40.jpeg,265.8790588378906,265.4753723144531,0.5192950367927551,0.5185065865516663,265.6772155761719,0.5189008116722107
7075_22c_40_8_6_frame_41.jpeg,266.1475830078125,265.73712158203125,0.5198194980621338,0.5190178155899048,265.9423522949219,0.5194186568260193
7075_22c_40_8_6_frame_42.jpeg,266.2935791015625,265.9200744628906,0.5201046466827393,0.5193751454353333,266.10682678222656,0.5197398960590363
7075_22c_40_8_6_frame_43.jpeg,265.5713806152344,265.0167236328125,0.5186941027641296,0.5176107883453369,265.29405212402344,0.5181524455547333
7075_22c_40_8_6_frame_44.jpeg,265.55023193359375,265.0052795410156,0.5186527967453003,0.5175884366035461,265.2777557373047,0.5181206166744232
7075_22c_40_8_6_frame_45.jpeg,267.1800537109375,267.2087097167969,0.5218360424041748,0.5218920111656189,267.1943817138672,0.5218640267848969
7075_22c_40_8_6_frame_46.jpeg,266.2051696777344,265.8160095214844,0.519931972026825,0.5191718935966492,266.0105895996094,0.5195519328117371
7075_22c_40_8_6_frame_47.jpeg,265.6796569824219,265.1510925292969,0.5189055800437927,0.517873227596283,265.4153747558594,0.5183894038200378
7075_22c_40_8_6_frame_48.jpeg,267.1998291015625,267.26397705078125,0.5218746662139893,0.5219999551773071,267.2319030761719,0.5219373106956482
7075_22c_40_8_6_frame_49.jpeg,265.7811279296875,265.2973937988281,0.5191037654876709,0.5181589722633362,265.5392608642578,0.5186313688755035
7075_22c_40_8_6_frame_5.jpeg,266.1922607421875,265.82073974609375,0.519906759262085,0.5191811323165894,266.0065002441406,0.5195439457893372
7075_22c_40_8_6_frame_50.jpeg,265.975830078125,265.5953674316406,0.5194840431213379,0.5187409520149231,265.7855987548828,0.5191124975681305
7075_22c_40_8_6_frame_6.jpeg,265.4544982910156,264.8509216308594,0.5184658169746399,0.5172869563102722,265.1527099609375,0.517876386642456
7075_22c_40_8_6_frame_7.jpeg,265.7758483886719,265.2781677246094,0.5190934538841248,0.5181214213371277,265.5270080566406,0.5186074376106262
7075_22c_40_8_6_frame_8.jpeg,266.0700378417969,265.6344299316406,0.5196680426597595,0.5188172459602356,265.85223388671875,0.5192426443099976
7075_22c_40_8_6_frame_9.jpeg,265.5762023925781,265.05419921875,0.5187035202980042,0.5176839828491211,265.31520080566406,0.5181937515735626
7075_22c_40_8_7_frame_1.jpeg,271.1863098144531,272.0260009765625,0.5296607613563538,0.5313007831573486,271.6061553955078,0.5304807722568512
7075_22c_40_8_7_frame_10.jpeg,268.48077392578125,268.6710205078125,0.5243765115737915,0.5247480869293213,268.5758972167969,0.5245622992515564
7075_22c_40_8_7_frame_11.jpeg,271.4188537597656,272.3272399902344,0.5301149487495422,0.5318891406059265,271.873046875,0.5310020446777344
7075_22c_40_8_7_frame_12.jpeg,268.274169921875,268.3960876464844,0.5239729881286621,0.5242111086845398,268.3351287841797,0.524092048406601
7075_22c_40_8_7_frame_13.jpeg,267.91131591796875,268.03863525390625,0.5232642889022827,0.5235129594802856,267.9749755859375,0.5233886241912842
7075_22c_40_8_7_frame_14.jpeg,270.0244445800781,270.753662109375,0.5273914933204651,0.528815746307373,270.38905334472656,0.5281036198139191
7075_22c_40_8_7_frame_15.jpeg,269.7485046386719,270.3054504394531,0.526852548122406,0.5279403328895569,270.0269775390625,0.5273964405059814
7075_22c_40_8_7_frame_16.jpeg,267.9673156738281,268.3689270019531,0.5233736634254456,0.5241580605506897,268.1681213378906,0.5237658619880676
7075_22c_40_8_7_frame_17.jpeg,269.1422424316406,269.5189208984375,0.5256684422492981,0.5264041423797607,269.33058166503906,0.5260362923145294
7075_22c_40_8_7_frame_18.jpeg,270.5079040527344,271.31658935546875,0.5283357501029968,0.5299152135848999,270.91224670410156,0.5291254818439484
7075_22c_40_8_7_frame_19.jpeg,267.1108093261719,267.13916015625,0.5217007994651794,0.5217561721801758,267.12498474121094,0.5217284858226776
7075_22c_40_8_7_frame_2.jpeg,268.22247314453125,268.32366943359375,0.5238720178604126,0.5240696668624878,268.2730712890625,0.5239708423614502
7075_22c_40_8_7_frame_20.jpeg,268.1769714355469,268.3731994628906,0.5237831473350525,0.5241664052009583,268.27508544921875,0.5239747762680054
7075_22c_40_8_7_frame_21.jpeg,271.5290222167969,272.597900390625,0.5303301215171814,0.5324177742004395,272.06346130371094,0.5313739478588104
7075_22c_40_8_7_frame_22.jpeg,268.3846435546875,268.5762939453125,0.524188756942749,0.5245630741119385,268.48046875,0.5243759155273438
7075_22c_40_8_7_frame_23.jpeg,267.1522216796875,267.5355224609375,0.5217816829681396,0.5225303173065186,267.3438720703125,0.5221560001373291
7075_22c_40_8_7_frame_24.jpeg,270.0588684082031,270.7881774902344,0.5274587273597717,0.528883159160614,270.42352294921875,0.5281709432601929
7075_22c_40_8_7_frame_25.jpeg,269.8195495605469,270.4157409667969,0.5269913077354431,0.5281557440757751,270.1176452636719,0.5275735259056091
7075_22c_40_8_7_frame_26.jpeg,267.6888427734375,268.1404113769531,0.5228297710418701,0.5237117409706116,267.9146270751953,0.5232707560062408
7075_22c_40_8_7_frame_27.jpeg,269.0752258300781,269.42706298828125,0.5255375504493713,0.5262247323989868,269.2511444091797,0.5258811414241791
7075_22c_40_8_7_frame_28.jpeg,270.6923828125,271.580810546875,0.5286960601806641,0.5304312705993652,271.1365966796875,0.5295636653900146
7075_22c_40_8_7_frame_29.jpeg,267.2351379394531,267.40948486328125,0.5219436287879944,0.5222841501235962,267.3223114013672,0.5221138894557953
7075_22c_40_8_7_frame_3.jpeg,267.657470703125,267.7806701660156,0.522768497467041,0.5230091214179993,267.7190704345703,0.5228888094425201
7075_22c_40_8_7_frame_30.jpeg,267.7784423828125,267.938232421875,0.5230047702789307,0.5233168601989746,267.85833740234375,0.5231608152389526
7075_22c_40_8_7_frame_31.jpeg,272.0283508300781,273.22332763671875,0.5313053727149963,0.5336393117904663,272.62583923339844,0.5324723422527313
7075_22c_40_8_7_frame_32.jpeg,268.61578369140625,268.85565185546875,0.5246402025222778,0.5251086950302124,268.7357177734375,0.5248744487762451
7075_22c_40_8_7_frame_33.jpeg,267.5116882324219,267.92706298828125,0.522483766078949,0.5232950448989868,267.71937561035156,0.5228894054889679
7075_22c_40_8_7_frame_34.jpeg,270.2585754394531,271.03155517578125,0.5278487801551819,0.5293585062026978,270.6450653076172,0.5286036431789398
7075_22c_40_8_7_frame_35.jpeg,270.1247863769531,270.83258056640625,0.5275874733924866,0.5289698839187622,270.4786834716797,0.5282786786556244
7075_22c_40_8_7_frame_36.jpeg,267.9813232421875,268.46966552734375,0.5234010219573975,0.5243548154830933,268.2254943847656,0.5238779187202454
7075_22c_40_8_7_frame_37.jpeg,269.3905334472656,269.85479736328125,0.5261533856391907,0.5270601511001587,269.62266540527344,0.5266067683696747
7075_22c_40_8_7_frame_38.jpeg,271.29168701171875,272.1806335449219,0.5298665761947632,0.5316027998924255,271.7361602783203,0.5307346880435944
7075_22c_40_8_7_frame_39.jpeg,266.98858642578125,267.1055908203125,0.521462082862854,0.5216906070709229,267.0470886230469,0.5215763449668884
7075_22c_40_8_7_frame_4.jpeg,270.1568908691406,270.9104309082031,0.5276501774787903,0.5291219353675842,270.5336608886719,0.5283860564231873
7075_22c_40_8_7_frame_40.jpeg,268.2723693847656,268.52197265625,0.5239694714546204,0.5244569778442383,268.3971710205078,0.5242132246494293
7075_22c_40_8_7_frame_41.jpeg,272.39599609375,273.71246337890625,0.5320234298706055,0.5345946550369263,273.0542297363281,0.5333090424537659
7075_22c_40_8_7_frame_42.jpeg,268.3221740722656,268.5395812988281,0.5240667462348938,0.5244913697242737,268.4308776855469,0.5242790579795837
7075_22c_40_8_7_frame_43.jpeg,267.6856994628906,268.11260986328125,0.5228236317634583,0.5236574411392212,267.89915466308594,0.5232405364513397
7075_22c_40_8_7_frame_44.jpeg,270.9247741699219,271.73162841796875,0.5291499495506287,0.5307258367538452,271.3282012939453,0.5299378931522369
7075_22c_40_8_7_frame_45.jpeg,270.0088195800781,270.7270202636719,0.5273609757423401,0.5287637114524841,270.367919921875,0.5280623435974121
7075_22c_40_8_7_frame_46.jpeg,267.78717041015625,268.26141357421875,0.5230218172073364,0.523948073387146,268.0242919921875,0.5234849452972412
7075_22c_40_8_7_frame_47.jpeg,269.6794738769531,270.24163818359375,0.5267177224159241,0.5278156995773315,269.96055603027344,0.5272667109966278
7075_22c_40_8_7_frame_48.jpeg,271.39910888671875,272.3560485839844,0.5300763845443726,0.5319454073905945,271.87757873535156,0.5310108959674835
7075_22c_40_8_7_frame_49.jpeg,267.43408203125,267.584716796875,0.5223321914672852,0.5226263999938965,267.5093994140625,0.5224792957305908
7075_22c_40_8_7_frame_5.jpeg,269.6609191894531,270.1951599121094,0.5266814827919006,0.5277249217033386,269.92803955078125,0.5272032022476196
7075_22c_40_8_7_frame_50.jpeg,268.6182556152344,268.9172668457031,0.5246450304985046,0.5252290368080139,268.76776123046875,0.5249370336532593
7075_22c_40_8_7_frame_6.jpeg,268.3033447265625,268.5367431640625,0.5240299701690674,0.5244858264923096,268.4200439453125,0.5242578983306885
7075_22c_40_8_7_frame_7.jpeg,269.3360900878906,269.8133544921875,0.5260470509529114,0.5269792079925537,269.57472229003906,0.5265131294727325
7075_22c_40_8_7_frame_8.jpeg,270.6297912597656,271.4698486328125,0.5285738110542297,0.5302145481109619,271.04981994628906,0.5293941795825958
7075_22c_40_8_7_frame_9.jpeg,267.92742919921875,268.0186462402344,0.5232957601547241,0.5234739184379578,267.97303771972656,0.5233848392963409
7075_22c_40_8_8_frame_1.jpeg,279.49188232421875,280.70758056640625,0.5458825826644897,0.5482569932937622,280.0997314453125,0.547069787979126
7075_22c_40_8_8_frame_10.jpeg,277.1595458984375,277.9920654296875,0.5413272380828857,0.5429532527923584,277.5758056640625,0.5421402454376221
7075_22c_40_8_8_frame_11.jpeg,279.2637939453125,280.4750061035156,0.5454370975494385,0.547802746295929,279.86940002441406,0.5466199219226837
7075_22c_40_8_8_frame_12.jpeg,278.54644775390625,279.6899719238281,0.5440360307693481,0.5462694764137268,279.1182098388672,0.5451527535915375
7075_22c_40_8_8_frame_13.jpeg,277.71099853515625,278.8022766113281,0.542404294013977,0.5445356965065002,278.2566375732422,0.5434699952602386
7075_22c_40_8_8_frame_14.jpeg,279.19354248046875,280.3721618652344,0.5452998876571655,0.5476018786430359,279.78285217285156,0.5464508831501007
7075_22c_40_8_8_frame_15.jpeg,278.14141845703125,278.87530517578125,0.5432449579238892,0.5446783304214478,278.50836181640625,0.5439616441726685
7075_22c_40_8_8_frame_16.jpeg,278.45416259765625,279.8843078613281,0.5438557863235474,0.5466490387916565,279.1692352294922,0.5452524125576019
7075_22c_40_8_8_frame_17.jpeg,279.8174133300781,280.935302734375,0.5465183854103088,0.5487017631530762,280.37635803222656,0.5476100742816925
7075_22c_40_8_8_frame_18.jpeg,278.1607971191406,279.038330078125,0.5432828068733215,0.5449967384338379,278.5995635986328,0.5441397726535797
7075_22c_40_8_8_frame_19.jpeg,279.09869384765625,280.6180725097656,0.5451146364212036,0.548082172870636,279.85838317871094,0.5465984046459198
7075_22c_40_8_8_frame_2.jpeg,278.4018859863281,279.55291748046875,0.5437536835670471,0.5460017919540405,278.97740173339844,0.5448777377605438
7075_22c_40_8_8_frame_20.jpeg,277.4387512207031,278.4207458496094,0.5418725609779358,0.5437905192375183,277.92974853515625,0.542831540107727
7075_22c_40_8_8_frame_21.jpeg,279.6541442871094,280.87823486328125,0.5461995005607605,0.5485903024673462,280.2661895751953,0.5473949015140533
7075_22c_40_8_8_frame_22.jpeg,278.7265930175781,279.9134521484375,0.5443878769874573,0.546705961227417,279.3200225830078,0.5455469191074371
7075_22c_40_8_8_frame_23.jpeg,278.2014465332031,279.5317687988281,0.5433622002601624,0.5459604859352112,278.8666076660156,0.5446613430976868
7075_22c_40_8_8_frame_24.jpeg,279.61651611328125,280.8858947753906,0.5461260080337524,0.5486052632331848,280.25120544433594,0.5473656356334686
7075_22c_40_8_8_frame_25.jpeg,278.8907165527344,279.738525390625,0.5447084307670593,0.5463643074035645,279.3146209716797,0.5455363690853119
7075_22c_40_8_8_frame_26.jpeg,278.8728942871094,280.2343444824219,0.5446736216545105,0.5473327040672302,279.5536193847656,0.5460031628608704
7075_22c_40_8_8_frame_27.jpeg,280.15850830078125,281.4579772949219,0.5471845865249634,0.5497226119041443,280.80824279785156,0.5484535992145538
7075_22c_40_8_8_frame_28.jpeg,278.3472595214844,279.2899169921875,0.5436469912528992,0.5454881191253662,278.81858825683594,0.5445675551891327
7075_22c_40_8_8_frame_29.jpeg,278.7705383300781,280.31396484375,0.5444737076759338,0.5474882125854492,279.54225158691406,0.5459809601306915
7075_22c_40_8_8_frame_3.jpeg,277.63494873046875,278.6829833984375,0.5422557592391968,0.5443027019500732,278.1589660644531,0.543279230594635
7075_22c_40_8_8_frame_30.jpeg,277.277587890625,278.2635803222656,0.541557788848877,0.543483555316925,277.7705841064453,0.542520672082901
7075_22c_40_8_8_frame_31.jpeg,279.3581237792969,280.50689697265625,0.5456213355064392,0.5478650331497192,279.93251037597656,0.5467431843280792
7075_22c_40_8_8_frame_32.jpeg,278.17474365234375,279.29376220703125,0.5433100461959839,0.5454956293106079,278.7342529296875,0.5444028377532959
7075_22c_40_8_8_frame_33.jpeg,277.95172119140625,279.2493896484375,0.5428744554519653,0.5454089641571045,278.6005554199219,0.5441417098045349
7075_22c_40_8_8_frame_34.jpeg,279.4946594238281,280.6867370605469,0.5458880066871643,0.5482162833213806,280.0906982421875,0.5470521450042725
7075_22c_40_8_8_frame_35.jpeg,278.246337890625,278.9560546875,0.543449878692627,0.5448360443115234,278.6011962890625,0.5441429615020752
7075_22c_40_8_8_frame_36.jpeg,278.5140380859375,279.88916015625,0.5439727306365967,0.5466585159301758,279.20159912109375,0.5453156232833862
7075_22c_40_8_8_frame_37.jpeg,280.05767822265625,281.197021484375,0.5469876527786255,0.5492129325866699,280.6273498535156,0.5481002926826477
7075_22c_40_8_8_frame_38.jpeg,278.4446105957031,279.4097900390625,0.5438371300697327,0.545722246170044,278.9272003173828,0.5447796881198883
7075_22c_40_8_8_frame_39.jpeg,278.7345275878906,280.2632751464844,0.5444033741950989,0.5473892092704773,279.4989013671875,0.5458962917327881
7075_22c_40_8_8_frame_4.jpeg,279.1981201171875,280.3334045410156,0.5453088283538818,0.5475261807441711,279.76576232910156,0.5464175045490265
7075_22c_40_8_8_frame_40.jpeg,277.2849426269531,278.16778564453125,0.5415721535682678,0.5432964563369751,277.7263641357422,0.5424343049526215
7075_22c_40_8_8_frame_41.jpeg,279.959228515625,281.0752258300781,0.5467953681945801,0.5489750504493713,280.51722717285156,0.5478852093219757
7075_22c_40_8_8_frame_42.jpeg,278.7798156738281,279.9756164550781,0.5444918274879456,0.5468273758888245,279.3777160644531,0.545659601688385
7075_22c_40_8_8_frame_43.jpeg,277.93988037109375,279.3045349121094,0.5428513288497925,0.5455166697502136,278.62220764160156,0.544183999300003
7075_22c_40_8_8_frame_44.jpeg,280.2209167480469,281.5893249511719,0.547306478023529,0.5499791502952576,280.9051208496094,0.5486428141593933
7075_22c_40_8_8_frame_45.jpeg,278.2546691894531,279.0891418457031,0.5434661507606506,0.5450959801673889,278.6719055175781,0.5442810654640198
7075_22c_40_8_8_frame_46.jpeg,278.74542236328125,280.19476318359375,0.5444246530532837,0.5472553968429565,279.4700927734375,0.5458400249481201
7075_22c_40_8_8_frame_47.jpeg,280.47332763671875,281.7126770019531,0.5477994680404663,0.5502200722694397,281.09300231933594,0.549009770154953
7075_22c_40_8_8_frame_48.jpeg,278.8133850097656,279.83270263671875,0.5445573925971985,0.5465482473373413,279.3230438232422,0.5455528199672699
7075_22c_40_8_8_frame_49.jpeg,278.73321533203125,280.31866455078125,0.5444008111953735,0.5474973917007446,279.52593994140625,0.5459491014480591
7075_22c_40_8_8_frame_5.jpeg,278.17620849609375,278.9342346191406,0.5433129072189331,0.544793426990509,278.5552215576172,0.5440531671047211
7075_22c_40_8_8_frame_50.jpeg,276.9717102050781,277.86328125,0.5409603714942932,0.5427017211914062,277.41749572753906,0.5418310463428497
7075_22c_40_8_8_frame_6.jpeg,278.1938171386719,279.3834533691406,0.5433472990989685,0.5456708073616028,278.78863525390625,0.5445090532302856
7075_22c_40_8_8_frame_7.jpeg,279.4077453613281,280.4099426269531,0.545718252658844,0.5476756691932678,279.9088439941406,0.5466969609260559
7075_22c_40_8_8_frame_8.jpeg,278.198486328125,279.0624084472656,0.5433564186096191,0.5450437664985657,278.6304473876953,0.5442000925540924
7075_22c_40_8_8_frame_9.jpeg,278.584716796875,279.8368225097656,0.5441107749938965,0.546556293964386,279.2107696533203,0.5453335344791412
7075_22c_40_8_9_frame_1.jpeg,272.8885192871094,271.3537292480469,0.5329853892326355,0.5299877524375916,272.1211242675781,0.5314865708351135
7075_22c_40_8_9_frame_10.jpeg,270.7573547363281,269.8840026855469,0.5288229584693909,0.5271171927452087,270.3206787109375,0.5279700756072998
7075_22c_40_8_9_frame_11.jpeg,273.3880615234375,271.9551086425781,0.5339610576629639,0.5311623215675354,272.6715850830078,0.5325616896152496
7075_22c_40_8_9_frame_12.jpeg,271.2049255371094,270.4818115234375,0.5296971201896667,0.5282847881317139,270.84336853027344,0.5289909541606903
7075_22c_40_8_9_frame_13.jpeg,268.65130615234375,267.8852233886719,0.5247095823287964,0.5232133269309998,268.2682647705078,0.5239614546298981
7075_22c_40_8_9_frame_14.jpeg,273.5840759277344,272.2944030761719,0.5343438982963562,0.5318250060081482,272.9392395019531,0.5330844521522522
7075_22c_40_8_9_frame_15.jpeg,272.1811828613281,271.05853271484375,0.5316038727760315,0.5294111967086792,271.61985778808594,0.5305075347423553
7075_22c_40_8_9_frame_16.jpeg,268.2337341308594,267.6925964355469,0.5238940119743347,0.5228371024131775,267.9631652832031,0.5233655571937561
7075_22c_40_8_9_frame_17.jpeg,272.6871337890625,271.656005859375,0.5325920581817627,0.5305781364440918,272.17156982421875,0.5315850973129272
7075_22c_40_8_9_frame_18.jpeg,272.8299255371094,271.4136657714844,0.5328709483146667,0.5301048159599304,272.1217956542969,0.5314878821372986
7075_22c_40_8_9_frame_19.jpeg,269.21380615234375,268.72052001953125,0.5258082151412964,0.524844765663147,268.9671630859375,0.5253264904022217
7075_22c_40_8_9_frame_2.jpeg,270.71282958984375,269.82574462890625,0.5287359952926636,0.5270034074783325,270.269287109375,0.527869701385498
7075_22c_40_8_9_frame_20.jpeg,270.1985778808594,269.4560852050781,0.5277315974235535,0.5262814164161682,269.82733154296875,0.5270065069198608
7075_22c_40_8_9_frame_21.jpeg,273.9997863769531,272.4867858886719,0.5351558327674866,0.5322007536888123,273.2432861328125,0.5336782932281494
7075_22c_40_8_9_frame_22.jpeg,270.9093322753906,270.2364807128906,0.5291197896003723,0.5278056263923645,270.5729064941406,0.5284627079963684
7075_22c_40_8_9_frame_23.jpeg,267.7926940917969,267.3302307128906,0.5230326056480408,0.5221293568611145,267.56146240234375,0.5225809812545776
7075_22c_40_8_9_frame_24.jpeg,274.01373291015625,272.7424011230469,0.5351830720901489,0.5327000021934509,273.37806701660156,0.5339415371417999
7075_22c_40_8_9_frame_25.jpeg,272.3827209472656,271.3103942871094,0.5319975018501282,0.5299031138420105,271.8465576171875,0.5309503078460693
7075_22c_40_8_9_frame_26.jpeg,267.9410705566406,267.6946105957031,0.5233224034309387,0.5228410363197327,267.8178405761719,0.5230817198753357
7075_22c_40_8_9_frame_27.jpeg,272.6072998046875,271.8037414550781,0.5324361324310303,0.5308666825294495,272.2055206298828,0.5316514074802399
7075_22c_40_8_9_frame_28.jpeg,273.37237548828125,271.9924621582031,0.5339304208755493,0.5312352776527405,272.6824188232422,0.5325828492641449
7075_22c_40_8_9_frame_29.jpeg,269.1359558105469,268.7969970703125,0.5256561636924744,0.5249941349029541,268.9664764404297,0.5253251492977142
7075_22c_40_8_9_frame_3.jpeg,268.3003234863281,267.35626220703125,0.5240240693092346,0.5221801996231079,267.8282928466797,0.5231021344661713
7075_22c_40_8_9_frame_30.jpeg,269.8808288574219,269.4011535644531,0.5271109938621521,0.5261741280555725,269.6409912109375,0.5266425609588623
7075_22c_40_8_9_frame_31.jpeg,274.6204833984375,273.10858154296875,0.5363681316375732,0.5334151983261108,273.8645324707031,0.534891664981842
7075_22c_40_8_9_frame_32.jpeg,271.4111633300781,270.9048767089844,0.5300999283790588,0.5291110873222351,271.15802001953125,0.529605507850647
7075_22c_40_8_9_frame_33.jpeg,268.22698974609375,267.95745849609375,0.5238808393478394,0.5233544111251831,268.09222412109375,0.5236176252365112
7075_22c_40_8_9_frame_34.jpeg,274.59710693359375,273.40643310546875,0.5363224744796753,0.5339969396591187,274.00177001953125,0.535159707069397
7075_22c_40_8_9_frame_35.jpeg,273.06854248046875,272.1063537597656,0.5333369970321655,0.5314577221870422,272.5874481201172,0.5323973596096039
7075_22c_40_8_9_frame_36.jpeg,268.5055847167969,268.3435363769531,0.5244249701499939,0.5241084694862366,268.424560546875,0.5242667198181152
7075_22c_40_8_9_frame_37.jpeg,273.2526550292969,272.50238037109375,0.5336965918540955,0.5322312116622925,272.8775177001953,0.532963901758194
7075_22c_40_8_9_frame_38.jpeg,274.0887756347656,272.7942199707031,0.5353296399116516,0.5328012108802795,273.4414978027344,0.5340654253959656
7075_22c_40_8_9_frame_39.jpeg,269.7107238769531,269.4732360839844,0.5267787575721741,0.526314914226532,269.59197998046875,0.526546835899353
7075_22c_40_8_9_frame_4.jpeg,272.8145751953125,271.44659423828125,0.5328409671783447,0.5301691293716431,272.1305847167969,0.5315050482749939
7075_22c_40_8_9_frame_40.jpeg,270.5791931152344,270.1210021972656,0.5284749865531921,0.5275800824165344,270.35009765625,0.5280275344848633
7075_22c_40_8_9_frame_41.jpeg,275.146484375,273.62213134765625,0.5373954772949219,0.5344182252883911,274.3843078613281,0.5359068512916565
7075_22c_40_8_9_frame_42.jpeg,271.6651916503906,271.1663513183594,0.5305960774421692,0.5296217799186707,271.415771484375,0.5301089286804199
7075_22c_40_8_9_frame_43.jpeg,268.5155944824219,268.2253112792969,0.5244445204734802,0.5238775610923767,268.3704528808594,0.5241610407829285
7075_22c_40_8_9_frame_44.jpeg,274.88409423828125,273.7471923828125,0.5368829965591431,0.5346624851226807,274.3156433105469,0.5357727408409119
7075_22c_40_8_9_frame_45.jpeg,273.3773193359375,272.3817138671875,0.5339400768280029,0.5319955348968506,272.8795166015625,0.5329678058624268
7075_22c_40_8_9_frame_46.jpeg,268.7492980957031,268.623291015625,0.5249009728431702,0.5246548652648926,268.68629455566406,0.5247779190540314
7075_22c_40_8_9_frame_47.jpeg,273.6753845214844,272.9175720214844,0.5345222353935242,0.5330421328544617,273.2964782714844,0.5337821841239929
7075_22c_40_8_9_frame_48.jpeg,274.4102478027344,273.1131286621094,0.5359575152397156,0.5334240794181824,273.7616882324219,0.534690797328949
7075_22c_40_8_9_frame_49.jpeg,269.7232360839844,269.524658203125,0.526803195476532,0.5264153480529785,269.6239471435547,0.5266092717647552
7075_22c_40_8_9_frame_5.jpeg,271.8258972167969,270.510498046875,0.5309099555015564,0.5283408164978027,271.16819763183594,0.5296253859996796
7075_22c_40_8_9_frame_50.jpeg,270.6739196777344,270.2265625,0.528659999370575,0.5277862548828125,270.4502410888672,0.5282231271266937
7075_22c_40_8_9_frame_6.jpeg,268.541015625,267.6888427734375,0.5244941711425781,0.5228297710418701,268.11492919921875,0.5236619710922241
7075_22c_40_8_9_frame_7.jpeg,272.39739990234375,271.2424621582031,0.5320261716842651,0.5297704339027405,271.81993103027344,0.5308983027935028
7075_22c_40_8_9_frame_8.jpeg,272.3443298339844,270.824951171875,0.5319225192070007,0.5289549827575684,271.5846405029297,0.5304387509822845
7075_22c_40_8_9_frame_9.jpeg,269.5019226074219,268.8302001953125,0.5263709425926208,0.5250589847564697,269.1660614013672,0.5257149636745453
7075_22c_40_9_1_frame_1.jpeg,277.4319152832031,276.6124572753906,0.5418592095375061,0.5402587056159973,277.0221862792969,0.5410589575767517
7075_22c_40_9_1_frame_10.jpeg,278.7901306152344,278.5008850097656,0.5445119738578796,0.5439470410346985,278.6455078125,0.5442295074462891
7075_22c_40_9_1_frame_11.jpeg,277.5267028808594,276.76824951171875,0.5420443415641785,0.5405629873275757,277.14747619628906,0.5413036644458771
7075_22c_40_9_1_frame_12.jpeg,278.3594970703125,277.63055419921875,0.5436708927154541,0.5422471761703491,277.9950256347656,0.5429590344429016
7075_22c_40_9_1_frame_13.jpeg,278.3165588378906,277.4801025390625,0.5435870289802551,0.5419533252716064,277.89833068847656,0.5427701771259308
7075_22c_40_9_1_frame_14.jpeg,278.1842346191406,277.7314758300781,0.543328583240509,0.5424442887306213,277.9578552246094,0.5428864359855652
7075_22c_40_9_1_frame_15.jpeg,278.4950866699219,278.1922912597656,0.5439357161521912,0.5433443188667297,278.34368896484375,0.5436400175094604
7075_22c_40_9_1_frame_16.jpeg,278.4732360839844,277.5433349609375,0.543893039226532,0.542076826095581,278.00828552246094,0.5429849326610565
7075_22c_40_9_1_frame_17.jpeg,278.61773681640625,278.205078125,0.5441752672195435,0.5433692932128906,278.4114074707031,0.543772280216217
7075_22c_40_9_1_frame_18.jpeg,277.9860534667969,277.4571533203125,0.5429415106773376,0.5419085025787354,277.7216033935547,0.5424250066280365
7075_22c_40_9_1_frame_19.jpeg,278.4861755371094,277.6854248046875,0.5439183115959167,0.5423543453216553,278.08580017089844,0.543136328458786
7075_22c_40_9_1_frame_2.jpeg,278.27044677734375,277.4655456542969,0.5434969663619995,0.5419248938560486,277.8679962158203,0.542710930109024
7075_22c_40_9_1_frame_20.jpeg,278.7698974609375,278.2654113769531,0.5444724559783936,0.5434871315956116,278.5176544189453,0.5439797937870026
7075_22c_40_9_1_frame_21.jpeg,277.5389709472656,276.8971252441406,0.5420683026313782,0.5408146977424622,277.2180480957031,0.5414415001869202
7075_22c_40_9_1_frame_22.jpeg,278.73834228515625,278.02667236328125,0.5444108247756958,0.5430208444595337,278.38250732421875,0.5437158346176147
7075_22c_40_9_1_frame_23.jpeg,278.6853942871094,278.0051574707031,0.5443074107170105,0.542978823184967,278.34527587890625,0.5436431169509888
7075_22c_40_9_1_frame_24.jpeg,278.4107666015625,278.0753479003906,0.5437710285186768,0.5431159138679504,278.24305725097656,0.5434434711933136
7075_22c_40_9_1_frame_25.jpeg,278.77239990234375,278.4748840332031,0.5444773435592651,0.5438962578773499,278.62364196777344,0.5441868007183075
7075_22c_40_9_1_frame_26.jpeg,278.669921875,277.8379211425781,0.5442771911621094,0.5426521897315979,278.25392150878906,0.5434646904468536
7075_22c_40_9_1_frame_27.jpeg,278.6045837402344,278.223876953125,0.5441495776176453,0.5434060096740723,278.4142303466797,0.5437777936458588
7075_22c_40_9_1_frame_28.jpeg,278.3324890136719,277.977294921875,0.5436181426048279,0.5429244041442871,278.15489196777344,0.5432712733745575
7075_22c_40_9_1_frame_29.jpeg,278.6400451660156,277.9451904296875,0.5442188382148743,0.5428617000579834,278.29261779785156,0.5435402691364288
7075_22c_40_9_1_frame_3.jpeg,278.3106384277344,277.4312744140625,0.5435754656791687,0.5418579578399658,277.87095642089844,0.5427167117595673
7075_22c_40_9_1_frame_30.jpeg,278.6055603027344,278.1318054199219,0.5441514849662781,0.5432261824607849,278.3686828613281,0.5436888337135315
7075_22c_40_9_1_frame_31.jpeg,277.844482421875,277.2441711425781,0.5426650047302246,0.5414925217628479,277.54432678222656,0.5420787632465363
7075_22c_40_9_1_frame_32.jpeg,278.6962585449219,278.01177978515625,0.5443286299705505,0.5429917573928833,278.35401916503906,0.5436601936817169
7075_22c_40_9_1_frame_33.jpeg,278.7254333496094,278.13232421875,0.5443856120109558,0.5432271957397461,278.4288787841797,0.543806403875351
7075_22c_40_9_1_frame_34.jpeg,278.3479919433594,278.0509338378906,0.5436484217643738,0.5430682301521301,278.199462890625,0.543358325958252
7075_22c_40_9_1_frame_35.jpeg,278.78607177734375,278.5617370605469,0.5445040464401245,0.5440658926963806,278.6739044189453,0.5442849695682526
7075_22c_40_9_1_frame_36.jpeg,278.5714416503906,277.7772521972656,0.5440848469734192,0.5425336956977844,278.1743469238281,0.5433092713356018
7075_22c_40_9_1_frame_37.jpeg,278.7578125,278.44830322265625,0.5444488525390625,0.5438443422317505,278.6030578613281,0.5441465973854065
7075_22c_40_9_1_frame_38.jpeg,278.24578857421875,277.9007873535156,0.543448805809021,0.5427749752998352,278.0732879638672,0.5431118905544281
7075_22c_40_9_1_frame_39.jpeg,278.49468994140625,277.7402648925781,0.5439349412918091,0.5424614548683167,278.1174774169922,0.5431981980800629
7075_22c_40_9_1_frame_4.jpeg,278.2320861816406,277.7596130371094,0.5434220433235168,0.5424992442131042,277.995849609375,0.5429606437683105
7075_22c_40_9_1_frame_40.jpeg,278.8038635253906,278.3190612792969,0.5445387959480286,0.5435919165611267,278.56146240234375,0.5440653562545776
7075_22c_40_9_1_frame_41.jpeg,277.97735595703125,277.3301696777344,0.5429245233535767,0.541660487651825,277.6537628173828,0.5422925055027008
7075_22c_40_9_1_frame_42.jpeg,278.600341796875,277.9233703613281,0.5441412925720215,0.542819082736969,278.26185607910156,0.5434801876544952
7075_22c_40_9_1_frame_43.jpeg,278.7655029296875,278.13873291015625,0.5444638729095459,0.5432397127151489,278.4521179199219,0.5438517928123474
7075_22c_40_9_1_frame_44.jpeg,277.9892883300781,277.617431640625,0.5429478287696838,0.5422215461730957,277.80335998535156,0.5425846874713898
7075_22c_40_9_1_frame_45.jpeg,278.53240966796875,278.25213623046875,0.5440086126327515,0.5434612035751343,278.39227294921875,0.5437349081039429
7075_22c_40_9_1_frame_46.jpeg,278.47271728515625,277.5943298339844,0.5438920259475708,0.5421764254570007,278.0335235595703,0.5430342257022858
7075_22c_40_9_1_frame_47.jpeg,278.5382385253906,278.18304443359375,0.5440199971199036,0.5433262586593628,278.3606414794922,0.5436731278896332
7075_22c_40_9_1_frame_48.jpeg,278.2117004394531,277.8814392089844,0.5433822274208069,0.5427371859550476,278.04656982421875,0.5430597066879272
7075_22c_40_9_1_frame_49.jpeg,278.5093688964844,277.7420349121094,0.543963611125946,0.5424649119377136,278.1257019042969,0.5432142615318298
7075_22c_40_9_1_frame_5.jpeg,278.4638366699219,278.19000244140625,0.5438746809959412,0.5433398485183716,278.32691955566406,0.5436072647571564
7075_22c_40_9_1_frame_50.jpeg,278.8583984375,278.4547424316406,0.5446453094482422,0.5438569188117981,278.6565704345703,0.5442511141300201
7075_22c_40_9_1_frame_6.jpeg,278.30767822265625,277.26763916015625,0.5435696840286255,0.5415383577346802,277.78765869140625,0.5425540208816528
7075_22c_40_9_1_frame_7.jpeg,278.3454284667969,278.0011291503906,0.5436434149742126,0.5429709553718567,278.17327880859375,0.5433071851730347
7075_22c_40_9_1_frame_8.jpeg,278.1704406738281,277.660400390625,0.5433016419410706,0.5423054695129395,277.91542053222656,0.542803555727005
7075_22c_40_9_1_frame_9.jpeg,278.79815673828125,278.05474853515625,0.5445276498794556,0.543075680732727,278.42645263671875,0.5438016653060913
7075_22c_40_9_2_frame_1.jpeg,273.4415588378906,272.0349426269531,0.5340655446052551,0.5313182473182678,272.7382507324219,0.5326918959617615
7075_22c_40_9_2_frame_10.jpeg,273.0274353027344,271.4226379394531,0.5332567095756531,0.5301223397254944,272.22503662109375,0.5316895246505737
7075_22c_40_9_2_frame_11.jpeg,273.49237060546875,272.1694030761719,0.5341647863388062,0.5315808653831482,272.8308868408203,0.5328728258609772
7075_22c_40_9_2_frame_12.jpeg,273.0714111328125,271.3384094238281,0.5333425998687744,0.5299578309059143,272.2049102783203,0.5316502153873444
7075_22c_40_9_2_frame_13.jpeg,272.7210388183594,271.0073547363281,0.5326582789421082,0.5293112397193909,271.86419677734375,0.5309847593307495
7075_22c_40_9_2_frame_14.jpeg,274.10504150390625,272.6561279296875,0.5353614091873169,0.5325314998626709,273.3805847167969,0.5339464545249939
7075_22c_40_9_2_frame_15.jpeg,273.1249694824219,271.5947265625,0.5334472060203552,0.5304584503173828,272.35984802246094,0.531952828168869
7075_22c_40_9_2_frame_16.jpeg,271.9739685058594,270.24700927734375,0.5311991572380066,0.527826189994812,271.11048889160156,0.5295126736164093
7075_22c_40_9_2_frame_17.jpeg,274.36785888671875,272.8834533691406,0.5358747243881226,0.5329754948616028,273.6256561279297,0.5344251096248627
7075_22c_40_9_2_frame_18.jpeg,273.8330383300781,272.4689636230469,0.5348301529884338,0.5321659445762634,273.1510009765625,0.5334980487823486
7075_22c_40_9_2_frame_19.jpeg,272.4432678222656,270.5653381347656,0.5321157574653625,0.5284479260444641,271.5043029785156,0.5302818417549133
7075_22c_40_9_2_frame_2.jpeg,272.9149169921875,271.1158142089844,0.5330369472503662,0.5295230746269226,272.01536560058594,0.5312800109386444
7075_22c_40_9_2_frame_20.jpeg,273.1067199707031,271.4396057128906,0.5334115624427795,0.5301554799079895,272.2731628417969,0.5317835211753845
7075_22c_40_9_2_frame_21.jpeg,273.5561218261719,272.2601013183594,0.5342893004417419,0.5317580103874207,272.9081115722656,0.5330236554145813
7075_22c_40_9_2_frame_22.jpeg,273.1228942871094,271.3487548828125,0.5334431529045105,0.5299780368804932,272.23582458496094,0.5317105948925018
7075_22c_40_9_2_frame_23.jpeg,272.05096435546875,270.25421142578125,0.5313495397567749,0.527840256690979,271.152587890625,0.529594898223877
7075_22c_40_9_2_frame_24.jpeg,274.20684814453125,272.8099060058594,0.5355602502822876,0.5328318476676941,273.5083770751953,0.5341960489749908
7075_22c_40_9_2_frame_25.jpeg,273.28289794921875,271.7210693359375,0.5337556600570679,0.5307052135467529,272.5019836425781,0.5322304368019104
7075_22c_40_9_2_frame_26.jpeg,271.8556823730469,270.1997985839844,0.5309681296348572,0.5277339816093445,271.0277404785156,0.5293510556221008
7075_22c_40_9_2_frame_27.jpeg,274.3111572265625,272.9095153808594,0.5357639789581299,0.533026397228241,273.61033630371094,0.5343951880931854
7075_22c_40_9_2_frame_28.jpeg,273.8094787597656,272.49932861328125,0.5347841382026672,0.5322252511978149,273.15440368652344,0.5335046947002411
7075_22c_40_9_2_frame_29.jpeg,272.35491943359375,270.5294189453125,0.5319432020187378,0.5283777713775635,271.4421691894531,0.5301604866981506
7075_22c_40_9_2_frame_3.jpeg,272.9661865234375,271.2554016113281,0.5331370830535889,0.5297957062721252,272.1107940673828,0.5314663946628571
7075_22c_40_9_2_frame_30.jpeg,272.8784484863281,271.2389831542969,0.5329657196998596,0.5297636389732361,272.0587158203125,0.5313646793365479
7075_22c_40_9_2_frame_31.jpeg,273.6275939941406,272.4029846191406,0.5344288945198059,0.532037079334259,273.0152893066406,0.5332329869270325
7075_22c_40_9_2_frame_32.jpeg,273.2889404296875,271.5759582519531,0.5337674617767334,0.530421793460846,272.4324493408203,0.5320946276187897
7075_22c_40_9_2_frame_33.jpeg,272.06353759765625,270.3191223144531,0.5313740968704224,0.5279670357704163,271.1913299560547,0.5296705663204193
7075_22c_40_9_2_frame_34.jpeg,274.39837646484375,273.0227966308594,0.535934329032898,0.5332476496696472,273.71058654785156,0.5345909893512726
7075_22c_40_9_2_frame_35.jpeg,273.0963134765625,271.60333251953125,0.5333912372589111,0.5304752588272095,272.3498229980469,0.5319332480430603
7075_22c_40_9_2_frame_36.jpeg,271.7537841796875,270.08489990234375,0.5307691097259521,0.5275095701217651,270.9193420410156,0.5291393399238586
7075_22c_40_9_2_frame_37.jpeg,274.4648742675781,273.0697326660156,0.5360642075538635,0.5333393216133118,273.7673034667969,0.5347017645835876
7075_22c_40_9_2_frame_38.jpeg,274.0939025878906,272.8367919921875,0.5353396534919739,0.5328843593597412,273.46534729003906,0.5341120064258575
7075_22c_40_9_2_frame_39.jpeg,272.4881591796875,270.66680908203125,0.5322034358978271,0.5286461114883423,271.5774841308594,0.5304247736930847
7075_22c_40_9_2_frame_4.jpeg,274.0733947753906,272.5544128417969,0.5352995991706848,0.5323328375816345,273.31390380859375,0.5338162183761597
7075_22c_40_9_2_frame_40.jpeg,273.1722412109375,271.5419006347656,0.5335395336151123,0.5303552746772766,272.35707092285156,0.5319474041461945
7075_22c_40_9_2_frame_41.jpeg,273.51513671875,272.3340148925781,0.5342092514038086,0.5319023728370667,272.92457580566406,0.5330558121204376
7075_22c_40_9_2_frame_42.jpeg,273.4026794433594,271.68670654296875,0.5339896082878113,0.5306380987167358,272.54469299316406,0.5323138535022736
7075_22c_40_9_2_frame_43.jpeg,272.18414306640625,270.4472961425781,0.5316096544265747,0.5282173752784729,271.3157196044922,0.5299135148525238
7075_22c_40_9_2_frame_44.jpeg,274.3463134765625,272.9773254394531,0.5358326435089111,0.5331588387489319,273.6618194580078,0.5344957411289215
7075_22c_40_9_2_frame_45.jpeg,273.37188720703125,271.9145202636719,0.5339294672012329,0.5310830473899841,272.64320373535156,0.5325062572956085
7075_22c_40_9_2_frame_46.jpeg,271.8226013183594,270.1407470703125,0.5309035181999207,0.5276186466217041,270.98167419433594,0.5292610824108124
7075_22c_40_9_2_frame_47.jpeg,274.5203552246094,273.16949462890625,0.5361725687980652,0.5335341691970825,273.8449249267578,0.5348533689975739
7075_22c_40_9_2_frame_48.jpeg,274.0810852050781,272.85675048828125,0.5353146195411682,0.5329233407974243,273.4689178466797,0.5341189801692963
7075_22c_40_9_2_frame_49.jpeg,272.4236145019531,270.5931396484375,0.5320773720741272,0.5285022258758545,271.5083770751953,0.5302897989749908
7075_22c_40_9_2_frame_5.jpeg,273.1960754394531,271.6786804199219,0.5335860848426819,0.5306224226951599,272.4373779296875,0.5321042537689209
7075_22c_40_9_2_frame_50.jpeg,273.3406677246094,271.7370300292969,0.5338684916496277,0.5307363867759705,272.5388488769531,0.5323024392127991
7075_22c_40_9_2_frame_6.jpeg,272.42681884765625,270.69061279296875,0.5320836305618286,0.5286926031112671,271.5587158203125,0.5303881168365479
7075_22c_40_9_2_frame_7.jpeg,273.81256103515625,272.30816650390625,0.5347901582717896,0.5318518877029419,273.06036376953125,0.5333210229873657
7075_22c_40_9_2_frame_8.jpeg,273.8614807128906,272.4629211425781,0.5348857045173645,0.5321541428565979,273.1622009277344,0.5335199236869812
7075_22c_40_9_2_frame_9.jpeg,272.9586181640625,271.1461486816406,0.5331223011016846,0.5295823216438293,272.05238342285156,0.531352311372757
7075_22c_40_9_3_frame_1.jpeg,273.9899597167969,272.8804016113281,0.5351366400718689,0.5329695343971252,273.4351806640625,0.5340530872344971
7075_22c_40_9_3_frame_10.jpeg,273.8201904296875,272.56915283203125,0.5348050594329834,0.532361626625061,273.1946716308594,0.5335833430290222
7075_22c_40_9_3_frame_11.jpeg,274.0311279296875,272.96392822265625,0.5352170467376709,0.5331326723098755,273.4975280761719,0.5341748595237732
7075_22c_40_9_3_frame_12.jpeg,273.54522705078125,272.4877624511719,0.5342680215835571,0.5322026610374451,273.01649475097656,0.5332353413105011
7075_22c_40_9_3_frame_13.jpeg,273.6546630859375,272.37945556640625,0.5344817638397217,0.5319911241531372,273.0170593261719,0.5332364439964294
7075_22c_40_9_3_frame_14.jpeg,273.720703125,272.66522216796875,0.5346107482910156,0.532549262046814,273.1929626464844,0.5335800051689148
7075_22c_40_9_3_frame_15.jpeg,273.7470703125,272.4854431152344,0.5346622467041016,0.5321981310844421,273.1162567138672,0.5334301888942719
7075_22c_40_9_3_frame_16.jpeg,273.36907958984375,272.23895263671875,0.5339239835739136,0.5317167043685913,272.80401611328125,0.5328203439712524
7075_22c_40_9_3_frame_17.jpeg,273.5177307128906,272.64630126953125,0.5342143177986145,0.5325123071670532,273.08201599121094,0.5333633124828339
7075_22c_40_9_3_frame_18.jpeg,274.11181640625,273.0074462890625,0.535374641418457,0.5332176685333252,273.55963134765625,0.5342961549758911
7075_22c_40_9_3_frame_19.jpeg,273.2892150878906,272.1918029785156,0.5337679982185364,0.5316246151924133,272.7405090332031,0.5326963067054749
7075_22c_40_9_3_frame_2.jpeg,273.3990173339844,272.32391357421875,0.5339824557304382,0.531882643699646,272.86146545410156,0.5329325497150421
7075_22c_40_9_3_frame_20.jpeg,274.05596923828125,272.934326171875,0.5352655649185181,0.5330748558044434,273.4951477050781,0.5341702103614807
7075_22c_40_9_3_frame_21.jpeg,274.09808349609375,273.0206604003906,0.5353478193283081,0.5332434773445129,273.5593719482422,0.5342956483364105
7075_22c_40_9_3_frame_22.jpeg,273.4382629394531,272.40545654296875,0.5340591073036194,0.5320419073104858,272.92185974121094,0.5330505073070526
7075_22c_40_9_3_frame_23.jpeg,273.52056884765625,272.3092346191406,0.5342198610305786,0.531853973865509,272.91490173339844,0.5330369174480438
7075_22c_40_9_3_frame_24.jpeg,274.141845703125,273.21417236328125,0.535433292388916,0.5336214303970337,273.6780090332031,0.5345273613929749
7075_22c_40_9_3_frame_25.jpeg,273.95965576171875,272.7278137207031,0.5350774526596069,0.5326715111732483,273.34373474121094,0.5338744819164276
7075_22c_40_9_3_frame_26.jpeg,273.05596923828125,271.9476013183594,0.5333124399185181,0.5311476588249207,272.5017852783203,0.5322300493717194
7075_22c_40_9_3_frame_27.jpeg,273.56884765625,272.7740173339844,0.5343141555786133,0.5327617526054382,273.1714324951172,0.5335379540920258
7075_22c_40_9_3_frame_28.jpeg,274.0350341796875,272.948486328125,0.5352246761322021,0.5331025123596191,273.49176025390625,0.5341635942459106
7075_22c_40_9_3_frame_29.jpeg,273.2922668457031,272.3298645019531,0.5337739586830139,0.5318942666053772,272.8110656738281,0.5328341126441956
7075_22c_40_9_3_frame_3.jpeg,273.9410705566406,272.6631774902344,0.5350411534309387,0.532545268535614,273.3021240234375,0.5337932109832764
7075_22c_40_9_3_frame_30.jpeg,274.1664123535156,273.02685546875,0.5354812741279602,0.5332555770874023,273.5966339111328,0.5343684256076813
7075_22c_40_9_3_frame_31.jpeg,273.8975524902344,272.8941955566406,0.534956157207489,0.5329964756965637,273.3958740234375,0.5339763164520264
7075_22c_40_9_3_frame_32.jpeg,273.61785888671875,272.67889404296875,0.5344098806381226,0.5325759649276733,273.14837646484375,0.533492922782898
7075_22c_40_9_3_frame_33.jpeg,273.4832458496094,272.32794189453125,0.5341469645500183,0.5318905115127563,272.9055938720703,0.5330187380313873
7075_22c_40_9_3_frame_34.jpeg,273.97711181640625,273.1019287109375,0.5351115465164185,0.5334022045135498,273.5395202636719,0.5342568755149841
7075_22c_40_9_3_frame_35.jpeg,274.0367736816406,272.8675842285156,0.5352280735969543,0.5329445004463196,273.4521789550781,0.534086287021637
7075_22c_40_9_3_frame_36.jpeg,273.05694580078125,271.95526123046875,0.5333143472671509,0.5311626195907593,272.506103515625,0.5322384834289551
7075_22c_40_9_3_frame_37.jpeg,273.6148681640625,272.8440246582031,0.5344040393829346,0.532898485660553,273.2294464111328,0.5336512625217438
7075_22c_40_9_3_frame_38.jpeg,274.0638427734375,272.95928955078125,0.5352809429168701,0.5331236124038696,273.5115661621094,0.5342022776603699
7075_22c_40_9_3_frame_39.jpeg,273.3390197753906,272.3184509277344,0.5338652729988098,0.5318719744682312,272.8287353515625,0.5328686237335205
7075_22c_40_9_3_frame_4.jpeg,273.7427673339844,272.70654296875,0.5346538424491882,0.5326299667358398,273.2246551513672,0.533641904592514
7075_22c_40_9_3_frame_40.jpeg,274.10430908203125,273.004638671875,0.5353599786758423,0.5332121849060059,273.5544738769531,0.5342860817909241
7075_22c_40_9_3_frame_41.jpeg,273.9836120605469,272.959716796875,0.5351242423057556,0.5331244468688965,273.47166442871094,0.534124344587326
7075_22c_40_9_3_frame_42.jpeg,273.5688171386719,272.5816345214844,0.5343140959739685,0.5323860049247742,273.0752258300781,0.5333500504493713
7075_22c_40_9_3_frame_43.jpeg,273.7429504394531,272.5955505371094,0.5346542000770569,0.5324131846427917,273.16925048828125,0.5335336923599243
7075_22c_40_9_3_frame_44.jpeg,273.8908386230469,273.01605224609375,0.5349430441856384,0.5332344770431519,273.4534454345703,0.5340887606143951
7075_22c_40_9_3_frame_45.jpeg,273.77874755859375,272.56158447265625,0.5347241163253784,0.5323468446731567,273.170166015625,0.5335354804992676
7075_22c_40_9_3_frame_46.jpeg,273.45391845703125,272.40887451171875,0.5340896844863892,0.5320485830307007,272.931396484375,0.5330691337585449
7075_22c_40_9_3_frame_47.jpeg,273.8646240234375,273.0948181152344,0.5348918437957764,0.5333883166313171,273.47972106933594,0.5341400802135468
7075_22c_40_9_3_frame_48.jpeg,274.1189270019531,273.0099792480469,0.5353885293006897,0.5332226157188416,273.564453125,0.5343055725097656
7075_22c_40_9_3_frame_49.jpeg,273.35028076171875,272.32647705078125,0.5338872671127319,0.5318876504898071,272.83837890625,0.5328874588012695
7075_22c_40_9_3_frame_5.jpeg,273.5685729980469,272.3218078613281,0.5343136191368103,0.5318785309791565,272.9451904296875,0.5330960750579834
7075_22c_40_9_3_frame_50.jpeg,274.11639404296875,273.0648193359375,0.5353835821151733,0.5333297252655029,273.5906066894531,0.5343566536903381
7075_22c_40_9_3_frame_6.jpeg,273.5243835449219,272.2884826660156,0.5342273116111755,0.5318134427070618,272.90643310546875,0.5330203771591187
7075_22c_40_9_3_frame_7.jpeg,273.3145446777344,272.31829833984375,0.5338174700737,0.5318716764450073,272.81642150878906,0.5328445732593536
7075_22c_40_9_3_frame_8.jpeg,273.6452331542969,272.5119934082031,0.5344633460044861,0.5322499871253967,273.07861328125,0.5333566665649414
7075_22c_40_9_3_frame_9.jpeg,273.3714599609375,272.2493896484375,0.533928632736206,0.5317370891571045,272.8104248046875,0.5328328609466553
7075_22c_40_9_4_frame_1.jpeg,270.3943786621094,269.3191833496094,0.5281140208244324,0.5260140299797058,269.8567810058594,0.5270640254020691
7075_22c_40_9_4_frame_10.jpeg,270.6651611328125,269.28167724609375,0.5286428928375244,0.5259407758712769,269.9734191894531,0.5272918343544006
7075_22c_40_9_4_frame_11.jpeg,270.0867004394531,269.00311279296875,0.5275130867958069,0.5253967046737671,269.54490661621094,0.526454895734787
7075_22c_40_9_4_frame_12.jpeg,270.5732421875,269.6111755371094,0.5284633636474609,0.5265843272209167,270.0922088623047,0.5275238454341888
7075_22c_40_9_4_frame_13.jpeg,270.1924133300781,268.6430969238281,0.5277195572853088,0.5246935486793518,269.4177551269531,0.5262065529823303
7075_22c_40_9_4_frame_14.jpeg,270.8020935058594,269.6504211425781,0.5289103388786316,0.5266609787940979,270.22625732421875,0.5277856588363647
7075_22c_40_9_4_frame_15.jpeg,270.6706848144531,269.5586242675781,0.5286536812782288,0.5264816880226135,270.1146545410156,0.5275676846504211
7075_22c_40_9_4_frame_16.jpeg,270.4201354980469,269.0404052734375,0.5281643271446228,0.5254695415496826,269.7302703857422,0.5268169343471527
7075_22c_40_9_4_frame_17.jpeg,270.20977783203125,269.052734375,0.527753472328186,0.5254936218261719,269.6312561035156,0.526623547077179
7075_22c_40_9_4_frame_18.jpeg,270.8451232910156,269.7614440917969,0.5289943814277649,0.5268778204917908,270.30328369140625,0.5279361009597778
7075_22c_40_9_4_frame_19.jpeg,270.4716796875,269.2255554199219,0.5282649993896484,0.5258311629295349,269.84861755371094,0.5270480811595917
7075_22c_40_9_4_frame_2.jpeg,270.55413818359375,269.4830322265625,0.5284260511398315,0.5263340473175049,270.0185852050781,0.5273800492286682
7075_22c_40_9_4_frame_20.jpeg,270.0162048339844,268.50909423828125,0.5273754000663757,0.5244318246841431,269.2626495361328,0.5259036123752594
7075_22c_40_9_4_frame_21.jpeg,270.3438415527344,269.3420715332031,0.5280153155326843,0.5260587334632874,269.84295654296875,0.5270370244979858
7075_22c_40_9_4_frame_22.jpeg,270.5821228027344,269.5887756347656,0.5284807085990906,0.5265405774116516,270.08544921875,0.5275106430053711
7075_22c_40_9_4_frame_23.jpeg,269.7769775390625,268.0782470703125,0.5269081592559814,0.5235903263092041,268.9276123046875,0.5252492427825928
7075_22c_40_9_4_frame_24.jpeg,271.0775451660156,269.9161376953125,0.5294483304023743,0.5271799564361572,270.49684143066406,0.5283141434192657
7075_22c_40_9_4_frame_25.jpeg,270.4943542480469,269.33013916015625,0.5283092856407166,0.5260354280471802,269.91224670410156,0.5271723568439484
7075_22c_40_9_4_frame_26.jpeg,270.5119323730469,269.2322082519531,0.5283436179161072,0.525844156742096,269.8720703125,0.5270938873291016
7075_22c_40_9_4_frame_27.jpeg,270.6689453125,269.6421203613281,0.5286502838134766,0.526644766330719,270.15553283691406,0.5276475250720978
7075_22c_40_9_4_frame_28.jpeg,270.60101318359375,269.5562744140625,0.5285176038742065,0.5264770984649658,270.0786437988281,0.5274973511695862
7075_22c_40_9_4_frame_29.jpeg,270.8367614746094,269.5684814453125,0.5289780497550964,0.526500940322876,270.20262145996094,0.5277394950389862
7075_22c_40_9_4_frame_3.jpeg,270.1917724609375,268.6253967285156,0.5277183055877686,0.5246589779853821,269.40858459472656,0.5261886417865753
7075_22c_40_9_4_frame_30.jpeg,269.732666015625,268.0949401855469,0.5268216133117676,0.5236229300498962,268.91380310058594,0.5252222716808319
7075_22c_40_9_4_frame_31.jpeg,270.9060363769531,269.9957580566406,0.5291133522987366,0.5273354649543762,270.4508972167969,0.5282244086265564
7075_22c_40_9_4_frame_32.jpeg,270.2787780761719,269.2919006347656,0.5278882384300232,0.5259607434272766,269.78533935546875,0.5269244909286499
7075_22c_40_9_4_frame_33.jpeg,269.91357421875,268.3408203125,0.5271749496459961,0.5241031646728516,269.127197265625,0.5256390571594238
7075_22c_40_9_4_frame_34.jpeg,270.60302734375,269.4291076660156,0.5285215377807617,0.5262287259101868,270.0160675048828,0.5273751318454742
7075_22c_40_9_4_frame_35.jpeg,270.72802734375,269.7201843261719,0.5287656784057617,0.5267972350120544,270.22410583496094,0.5277814567089081
7075_22c_40_9_4_frame_36.jpeg,270.57366943359375,269.35308837890625,0.5284641981124878,0.5260802507400513,269.96337890625,0.5272722244262695
7075_22c_40_9_4_frame_37.jpeg,270.5894775390625,269.5284423828125,0.5284950733184814,0.5264227390289307,270.0589599609375,0.527458906173706
7075_22c_40_9_4_frame_38.jpeg,270.64263916015625,269.6593017578125,0.5285989046096802,0.5266783237457275,270.1509704589844,0.5276386141777039
7075_22c_40_9_4_frame_39.jpeg,270.6866455078125,269.5175476074219,0.5286848545074463,0.5264014601707458,270.1020965576172,0.5275431573390961
7075_22c_40_9_4_frame_4.jpeg,270.7160949707031,269.4865417480469,0.5287423729896545,0.526340901851654,270.101318359375,0.5275416374206543
7075_22c_40_9_4_frame_40.jpeg,269.81243896484375,268.22259521484375,0.5269774198532104,0.5238722562789917,269.01751708984375,0.5254248380661011
7075_22c_40_9_4_frame_41.jpeg,270.87530517578125,270.08441162109375,0.5290533304214478,0.5275086164474487,270.4798583984375,0.5282809734344482
7075_22c_40_9_4_frame_42.jpeg,270.36895751953125,269.5328063964844,0.5280643701553345,0.5264312624931335,269.9508819580078,0.527247816324234
7075_22c_40_9_4_frame_43.jpeg,270.047119140625,268.55804443359375,0.5274357795715332,0.5245274305343628,269.3025817871094,0.525981605052948
7075_22c_40_9_4_frame_44.jpeg,270.5701599121094,269.4375305175781,0.5284573435783386,0.5262451767921448,270.00384521484375,0.5273512601852417
7075_22c_40_9_4_frame_45.jpeg,270.50579833984375,269.51837158203125,0.5283316373825073,0.5264030694961548,270.0120849609375,0.527367353439331
7075_22c_40_9_4_frame_46.jpeg,270.66864013671875,269.43316650390625,0.5286496877670288,0.5262366533279419,270.0509033203125,0.5274431705474854
7075_22c_40_9_4_frame_47.jpeg,270.648681640625,269.5536193847656,0.5286107063293457,0.5264719128608704,270.1011505126953,0.527541309595108
7075_22c_40_9_4_frame_48.jpeg,270.5568542480469,269.5378112792969,0.5284313559532166,0.5264410376548767,270.0473327636719,0.5274361968040466
7075_22c_40_9_4_frame_49.jpeg,270.83056640625,269.6840515136719,0.528965950012207,0.5267266631126404,270.25730895996094,0.5278463065624237
7075_22c_40_9_4_frame_5.jpeg,270.41510009765625,269.1286926269531,0.5281544923782349,0.5256419777870178,269.7718963623047,0.5268982350826263
7075_22c_40_9_4_frame_50.jpeg,269.9058532714844,268.31976318359375,0.5271598696708679,0.5240620374679565,269.11280822753906,0.5256109535694122
7075_22c_40_9_4_frame_6.jpeg,270.4248046875,269.02490234375,0.5281734466552734,0.5254392623901367,269.724853515625,0.5268063545227051
7075_22c_40_9_4_frame_7.jpeg,270.3160705566406,269.0716552734375,0.5279610753059387,0.5255305767059326,269.69386291503906,0.5267458260059357
7075_22c_40_9_4_frame_8.jpeg,270.6255187988281,269.406982421875,0.5285654664039612,0.5261855125427246,270.01625061035156,0.5273754894733429
7075_22c_40_9_4_frame_9.jpeg,270.42535400390625,269.0322265625,0.5281745195388794,0.5254535675048828,269.7287902832031,0.5268140435218811
7075_22c_40_9_5_frame_1.jpeg,266.1531677246094,264.9754333496094,0.5198304057121277,0.5175301432609558,265.5643005371094,0.5186802744865417
7075_22c_40_9_5_frame_10.jpeg,266.5812683105469,265.654541015625,0.5206665396690369,0.5188565254211426,266.11790466308594,0.5197615325450897
7075_22c_40_9_5_frame_11.jpeg,266.259521484375,265.15411376953125,0.5200381278991699,0.5178791284561157,265.7068176269531,0.5189586281776428
7075_22c_40_9_5_frame_12.jpeg,265.9959716796875,264.8509826660156,0.5195233821868896,0.5172870755195618,265.42347717285156,0.5184052288532257
7075_22c_40_9_5_frame_13.jpeg,265.924560546875,264.6501770019531,0.5193839073181152,0.5168948769569397,265.28736877441406,0.5181393921375275
7075_22c_40_9_5_frame_14.jpeg,266.6551208496094,265.6908264160156,0.5208107829093933,0.5189273953437805,266.1729736328125,0.5198690891265869
7075_22c_40_9_5_frame_15.jpeg,266.6358947753906,265.88348388671875,0.5207732319831848,0.5193036794662476,266.2596893310547,0.5200384557247162
7075_22c_40_9_5_frame_16.jpeg,265.2913818359375,263.9266357421875,0.5181472301483154,0.51548171043396,264.6090087890625,0.5168144702911377
7075_22c_40_9_5_frame_17.jpeg,266.426025390625,265.46282958984375,0.5203633308410645,0.5184820890426636,265.9444274902344,0.519422709941864
7075_22c_40_9_5_frame_18.jpeg,266.0219421386719,264.86480712890625,0.5195741057395935,0.517314076423645,265.44337463378906,0.5184440910816193
7075_22c_40_9_5_frame_19.jpeg,265.5141906738281,264.2314758300781,0.5185824036598206,0.5160771012306213,264.8728332519531,0.517329752445221
7075_22c_40_9_5_frame_2.jpeg,265.9053039550781,264.7016296386719,0.519346296787262,0.516995370388031,265.303466796875,0.5181708335876465
7075_22c_40_9_5_frame_20.jpeg,266.21746826171875,265.2062072753906,0.5199559926986694,0.5179808735847473,265.7118377685547,0.5189684331417084
7075_22c_40_9_5_frame_21.jpeg,266.4871826171875,265.41741943359375,0.5204827785491943,0.5183933973312378,265.9523010253906,0.5194380879402161
7075_22c_40_9_5_frame_22.jpeg,266.1886291503906,265.1239013671875,0.5198996663093567,0.5178201198577881,265.65626525878906,0.5188598930835724
7075_22c_40_9_5_frame_23.jpeg,265.39166259765625,264.0930480957031,0.5183430910110474,0.5158067345619202,264.7423553466797,0.5170749127864838
7075_22c_40_9_5_frame_24.jpeg,266.8974304199219,265.9931335449219,0.5212840437889099,0.5195178389549255,266.4452819824219,0.5204009413719177
7075_22c_40_9_5_frame_25.jpeg,266.506103515625,265.6109619140625,0.5205197334289551,0.5187714099884033,266.05853271484375,0.5196455717086792
7075_22c_40_9_5_frame_26.jpeg,265.11260986328125,263.7552185058594,0.5177980661392212,0.5151469111442566,264.4339141845703,0.5164724886417389
7075_22c_40_9_5_frame_27.jpeg,266.7883605957031,265.89910888671875,0.5210710167884827,0.5193341970443726,266.34373474121094,0.5202026069164276
7075_22c_40_9_5_frame_28.jpeg,266.07440185546875,265.02099609375,0.5196765661239624,0.5176191329956055,265.5476989746094,0.5186478495597839
7075_22c_40_9_5_frame_29.jpeg,265.5521240234375,264.3535461425781,0.5186564922332764,0.5163155198097229,264.9528350830078,0.5174860060214996
7075_22c_40_9_5_frame_3.jpeg,265.8187561035156,264.4688720703125,0.519177258014679,0.5165407657623291,265.14381408691406,0.517859011888504
7075_22c_40_9_5_frame_30.jpeg,266.4111633300781,265.4230651855469,0.5203343033790588,0.5184044241905212,265.9171142578125,0.51936936378479
7075_22c_40_9_5_frame_31.jpeg,266.6386413574219,265.70257568359375,0.5207785964012146,0.518950343132019,266.1706085205078,0.5198644697666168
7075_22c_40_9_5_frame_32.jpeg,266.2771301269531,265.30401611328125,0.5200725197792053,0.5181719064712524,265.7905731201172,0.5191222131252289
7075_22c_40_9_5_frame_33.jpeg,265.5244445800781,264.3623962402344,0.5186024308204651,0.5163328051567078,264.94342041015625,0.5174676179885864
7075_22c_40_9_5_frame_34.jpeg,266.8423156738281,266.03076171875,0.5211763978004456,0.5195913314819336,266.43653869628906,0.5203838646411896
7075_22c_40_9_5_frame_35.jpeg,266.4791564941406,265.6458740234375,0.5204671025276184,0.5188395977020264,266.06251525878906,0.5196533501148224
7075_22c_40_9_5_frame_36.jpeg,265.2366027832031,263.8919372558594,0.5180402398109436,0.5154139399528503,264.56427001953125,0.516727089881897
7075_22c_40_9_5_frame_37.jpeg,266.8199157714844,265.9397888183594,0.5211326479911804,0.5194136500358582,266.3798522949219,0.5202731490135193
7075_22c_40_9_5_frame_38.jpeg,266.3396911621094,265.38592529296875,0.5201947093009949,0.5183318853378296,265.86280822753906,0.5192632973194122
7075_22c_40_9_5_frame_39.jpeg,265.53118896484375,264.2957763671875,0.5186156034469604,0.5162026882171631,264.9134826660156,0.5174091458320618
7075_22c_40_9_5_frame_4.jpeg,266.397705078125,265.3586730957031,0.5203080177307129,0.5182786583900452,265.87818908691406,0.519293338060379
7075_22c_40_9_5_frame_40.jpeg,266.3646545410156,265.4195861816406,0.5202434659004211,0.5183976292610168,265.8921203613281,0.519320547580719
7075_22c_40_9_5_frame_41.jpeg,266.44366455078125,265.4991455078125,0.5203977823257446,0.5185530185699463,265.9714050292969,0.5194754004478455
7075_22c_40_9_5_frame_42.jpeg,266.290283203125,265.2652587890625,0.5200982093811035,0.5180962085723877,265.77777099609375,0.5190972089767456
7075_22c_40_9_5_frame_43.jpeg,265.7824401855469,264.6997375488281,0.5191063284873962,0.5169916749000549,265.2410888671875,0.5180490016937256
7075_22c_40_9_5_frame_44.jpeg,266.9655456542969,266.1959228515625,0.5214170813560486,0.519913911819458,266.5807342529297,0.5206654965877533
7075_22c_40_9_5_frame_45.jpeg,266.54742431640625,265.77691650390625,0.520600438117981,0.5190955400466919,266.16217041015625,0.5198479890823364
7075_22c_40_9_5_frame_46.jpeg,265.3591003417969,263.981689453125,0.518279492855072,0.5155892372131348,264.67039489746094,0.5169343650341034
7075_22c_40_9_5_frame_47.jpeg,266.6498718261719,265.7605895996094,0.5208005309104919,0.5190636515617371,266.2052307128906,0.5199320912361145
7075_22c_40_9_5_frame_48.jpeg,266.54364013671875,265.608642578125,0.5205930471420288,0.5187668800354004,266.0761413574219,0.5196799635887146
7075_22c_40_9_5_frame_49.jpeg,265.60089111328125,264.4336242675781,0.5187517404556274,0.5164719223976135,265.0172576904297,0.5176118314266205
7075_22c_40_9_5_frame_5.jpeg,266.5594482421875,265.8182373046875,0.5206239223480225,0.5191762447357178,266.1888427734375,0.5199000835418701
7075_22c_40_9_5_frame_50.jpeg,266.19830322265625,265.254150390625,0.5199185609817505,0.5180745124816895,265.7262268066406,0.51899653673172
7075_22c_40_9_5_frame_6.jpeg,265.8711853027344,264.6321105957031,0.5192796587944031,0.5168595910072327,265.25164794921875,0.5180696249008179
7075_22c_40_9_5_frame_7.jpeg,266.30413818359375,265.3689270019531,0.5201252698898315,0.5182986855506897,265.83653259277344,0.5192119777202606
7075_22c_40_9_5_frame_8.jpeg,266.02532958984375,264.94427490234375,0.5195807218551636,0.5174692869186401,265.48480224609375,0.5185250043869019
7075_22c_40_9_5_frame_9.jpeg,266.2725524902344,265.2180480957031,0.520063579082489,0.5180040001869202,265.74530029296875,0.5190337896347046
7075_22c_40_9_6_frame_1.jpeg,266.7035827636719,266.2437744140625,0.5209054350852966,0.5200073719024658,266.4736785888672,0.5204564034938812
7075_22c_40_9_6_frame_10.jpeg,266.04852294921875,265.3438720703125,0.5196260213851929,0.5182497501373291,265.6961975097656,0.518937885761261
7075_22c_40_9_6_frame_11.jpeg,266.6830139160156,266.1872863769531,0.520865261554718,0.5198970437049866,266.4351501464844,0.5203811526298523
7075_22c_40_9_6_frame_12.jpeg,265.17877197265625,264.1386413574219,0.5179272890090942,0.5158957839012146,264.65870666503906,0.5169115364551544
7075_22c_40_9_6_frame_13.jpeg,265.5362854003906,264.62109375,0.5186255574226379,0.5168380737304688,265.0786895751953,0.5177318155765533
7075_22c_40_9_6_frame_14.jpeg,266.931640625,266.5925598144531,0.5213508605957031,0.5206885933876038,266.76210021972656,0.5210197269916534
7075_22c_40_9_6_frame_15.jpeg,265.692626953125,264.99127197265625,0.5189309120178223,0.5175610780715942,265.3419494628906,0.5182459950447083
7075_22c_40_9_6_frame_16.jpeg,265.80975341796875,265.1744384765625,0.5191596746444702,0.5179188251495361,265.4920959472656,0.5185392498970032
7075_22c_40_9_6_frame_17.jpeg,266.0059509277344,265.2359924316406,0.5195428729057312,0.5180390477180481,265.6209716796875,0.5187909603118896
7075_22c_40_9_6_frame_18.jpeg,266.1206970214844,265.41290283203125,0.5197669863700867,0.518384575843811,265.7667999267578,0.5190757811069489
7075_22c_40_9_6_frame_19.jpeg,265.8711242675781,265.2618103027344,0.5192795395851135,0.5180894732475281,265.56646728515625,0.5186845064163208
7075_22c_40_9_6_frame_2.jpeg,265.3177795410156,264.2737731933594,0.5181987881660461,0.51615971326828,264.7957763671875,0.5171792507171631
7075_22c_40_9_6_frame_20.jpeg,265.73187255859375,264.80621337890625,0.5190075635910034,0.5171996355056763,265.26904296875,0.5181035995483398
7075_22c_40_9_6_frame_21.jpeg,266.6410827636719,266.2593994140625,0.5207833647727966,0.5200378894805908,266.4502410888672,0.5204106271266937
7075_22c_40_9_6_frame_22.jpeg,265.2508850097656,264.2640380859375,0.5180681347846985,0.5161406993865967,264.75746154785156,0.5171044170856476
7075_22c_40_9_6_frame_23.jpeg,265.4035339355469,264.7003479003906,0.518366277217865,0.5169928669929504,265.05194091796875,0.5176795721054077
7075_22c_40_9_6_frame_24.jpeg,266.8880615234375,266.5754699707031,0.5212657451629639,0.5206552147865295,266.7317657470703,0.5209604799747467
7075_22c_40_9_6_frame_25.jpeg,265.794921875,265.10565185546875,0.5191307067871094,0.5177844762802124,265.4502868652344,0.5184575915336609
7075_22c_40_9_6_frame_26.jpeg,265.18988037109375,264.4422912597656,0.5179489850997925,0.5164888501167297,264.8160858154297,0.5172189176082611
7075_22c_40_9_6_frame_27.jpeg,266.0198059082031,265.28466796875,0.5195699334144592,0.5181341171264648,265.65223693847656,0.518852025270462
7075_22c_40_9_6_frame_28.jpeg,265.9990234375,265.25933837890625,0.5195293426513672,0.5180846452713013,265.6291809082031,0.5188069939613342
7075_22c_40_9_6_frame_29.jpeg,265.6171875,264.9488220214844,0.5187835693359375,0.5174781680107117,265.2830047607422,0.5181308686733246
7075_22c_40_9_6_frame_3.jpeg,265.4128112792969,264.4148864746094,0.5183843970298767,0.5164353251457214,264.9138488769531,0.5174098610877991
7075_22c_40_9_6_frame_30.jpeg,265.6400451660156,264.6803894042969,0.5188282132148743,0.5169538855552673,265.16021728515625,0.5178910493850708
7075_22c_40_9_6_frame_31.jpeg,266.5652770996094,266.2106018066406,0.5206353068351746,0.519942581653595,266.387939453125,0.5202889442443848
7075_22c_40_9_6_frame_32.jpeg,265.3921813964844,264.45953369140625,0.5183441042900085,0.5165225267410278,264.9258575439453,0.5174333155155182
7075_22c_40_9_6_frame_33.jpeg,265.3215026855469,264.6593933105469,0.5182060599327087,0.5169128775596619,264.9904479980469,0.5175594687461853
7075_22c_40_9_6_frame_34.jpeg,266.94024658203125,266.6932373046875,0.5213676691055298,0.5208852291107178,266.8167419433594,0.5211264491081238
7075_22c_40_9_6_frame_35.jpeg,265.82122802734375,265.1781005859375,0.5191820859909058,0.5179259777069092,265.4996643066406,0.5185540318489075
7075_22c_40_9_6_frame_36.jpeg,265.350830078125,264.6612854003906,0.5182633399963379,0.5169165730476379,265.0060577392578,0.5175899565219879
7075_22c_40_9_6_frame_37.jpeg,266.2025451660156,265.5257263183594,0.5199268460273743,0.5186049342155457,265.8641357421875,0.51926589012146
7075_22c_40_9_6_frame_38.jpeg,266.3239440917969,265.6841125488281,0.5201639533042908,0.5189142823219299,266.0040283203125,0.5195391178131104
7075_22c_40_9_6_frame_39.jpeg,265.91729736328125,265.35980224609375,0.5193697214126587,0.5182808637619019,265.6385498046875,0.5188252925872803
7075_22c_40_9_6_frame_4.jpeg,266.8240966796875,266.3661193847656,0.5211408138275146,0.5202463269233704,266.59510803222656,0.5206935703754425
7075_22c_40_9_6_frame_40.jpeg,265.7290954589844,264.8255920410156,0.5190021395683289,0.5172374844551086,265.27734375,0.5181198120117188
7075_22c_40_9_6_frame_41.jpeg,266.7999572753906,266.5297546386719,0.5210936665534973,0.520565927028656,266.66485595703125,0.5208297967910767
7075_22c_40_9_6_frame_42.jpeg,265.3517761230469,264.4549865722656,0.5182651877403259,0.5165136456489563,264.90338134765625,0.5173894166946411
7075_22c_40_9_6_frame_43.jpeg,265.4403381347656,264.73736572265625,0.5184381604194641,0.517065167427063,265.08885192871094,0.5177516639232635
7075_22c_40_9_6_frame_44.jpeg,267.05828857421875,266.8689270019531,0.521598219871521,0.5212283730506897,266.96360778808594,0.5214132964611053
7075_22c_40_9_6_frame_45.jpeg,265.496337890625,264.7939147949219,0.518547534942627,0.5171756148338318,265.14512634277344,0.5178615748882294
7075_22c_40_9_6_frame_46.jpeg,265.4180908203125,264.7935791015625,0.5183947086334229,0.5171749591827393,265.1058349609375,0.517784833908081
7075_22c_40_9_6_frame_47.jpeg,266.3584899902344,265.72772216796875,0.5202314257621765,0.518999457359314,266.04310607910156,0.5196154415607452
7075_22c_40_9_6_frame_48.jpeg,266.14697265625,265.51654052734375,0.5198183059692383,0.5185869932174683,265.8317565917969,0.5192026495933533
7075_22c_40_9_6_frame_49.jpeg,265.8963317871094,265.3865051269531,0.519328773021698,0.5183330178260803,265.64141845703125,0.5188308954238892
7075_22c_40_9_6_frame_5.jpeg,265.91082763671875,265.08544921875,0.5193570852279663,0.5177450180053711,265.4981384277344,0.5185510516166687
7075_22c_40_9_6_frame_50.jpeg,265.6225280761719,264.753662109375,0.5187940001487732,0.517096996307373,265.18809509277344,0.5179454982280731
7075_22c_40_9_6_frame_6.jpeg,265.6782531738281,264.79296875,0.5189028382301331,0.5171737670898438,265.23561096191406,0.5180383026599884
7075_22c_40_9_6_frame_7.jpeg,265.7974853515625,264.9722595214844,0.5191357135772705,0.5175239443778992,265.38487243652344,0.5183298289775848
7075_22c_40_9_6_frame_8.jpeg,266.0079650878906,265.2666320800781,0.5195468068122864,0.5180988907814026,265.6372985839844,0.5188228487968445
7075_22c_40_9_6_frame_9.jpeg,265.9739685058594,265.1943359375,0.5194804072380066,0.5179576873779297,265.5841522216797,0.5187190473079681
7075_22c_40_9_7_frame_1.jpeg,268.32000732421875,268.148193359375,0.5240625143051147,0.5237269401550293,268.2341003417969,0.523894727230072
7075_22c_40_9_7_frame_10.jpeg,266.87890625,266.45465087890625,0.5212478637695312,0.5204192399978638,266.6667785644531,0.5208335518836975
7075_22c_40_9_7_frame_11.jpeg,268.2626953125,268.1375427246094,0.5239505767822266,0.5237061381340027,268.2001190185547,0.5238283574581146
7075_22c_40_9_7_frame_12.jpeg,267.52655029296875,267.2440185546875,0.5225127935409546,0.521960973739624,267.3852844238281,0.5222368836402893
7075_22c_40_9_7_frame_13.jpeg,266.8659973144531,266.49127197265625,0.5212226510047913,0.5204907655715942,266.6786346435547,0.5208567082881927
7075_22c_40_9_7_frame_14.jpeg,268.298095703125,268.1195373535156,0.524019718170166,0.5236709713935852,268.2088165283203,0.5238453447818756
7075_22c_40_9_7_frame_15.jpeg,267.7222595214844,267.5179138183594,0.5228950381278992,0.5224959254264832,267.6200866699219,0.5226954817771912
7075_22c_40_9_7_frame_16.jpeg,267.1564025878906,266.85870361328125,0.5217898488044739,0.5212084054946899,267.00755310058594,0.5214991271495819
7075_22c_40_9_7_frame_17.jpeg,267.5883483886719,267.21142578125,0.5226334929466248,0.5218973159790039,267.39988708496094,0.5222654044628143
7075_22c_40_9_7_frame_18.jpeg,268.12957763671875,267.9039611816406,0.5236905813217163,0.5232499241828918,268.0167694091797,0.5234702527523041
7075_22c_40_9_7_frame_19.jpeg,268.1998291015625,267.9045104980469,0.5238277912139893,0.5232509970664978,268.0521697998047,0.5235393941402435
7075_22c_40_9_7_frame_2.jpeg,267.5074462890625,267.1679992675781,0.5224754810333252,0.5218124985694885,267.3377227783203,0.5221439898014069
7075_22c_40_9_7_frame_20.jpeg,266.4202575683594,266.0828857421875,0.5203520655632019,0.51969313621521,266.25157165527344,0.5200226008892059
7075_22c_40_9_7_frame_21.jpeg,268.4497985839844,268.33575439453125,0.5243160128593445,0.5240932703018188,268.3927764892578,0.5242046415805817
7075_22c_40_9_7_frame_22.jpeg,267.8199157714844,267.5741882324219,0.5230857729911804,0.522605836391449,267.6970520019531,0.5228458046913147
7075_22c_40_9_7_frame_23.jpeg,266.4146423339844,266.0606384277344,0.5203410983085632,0.5196496844291687,266.2376403808594,0.519995391368866
7075_22c_40_9_7_frame_24.jpeg,268.28857421875,268.0692443847656,0.5240011215209961,0.5235727429389954,268.1789093017578,0.5237869322299957
7075_22c_40_9_7_frame_25.jpeg,267.98992919921875,267.7411804199219,0.5234178304672241,0.5229319930076599,267.8655548095703,0.523174911737442
7075_22c_40_9_7_frame_26.jpeg,267.1549377441406,266.93975830078125,0.5217869877815247,0.5213667154312134,267.04734802246094,0.521576851606369
7075_22c_40_9_7_frame_27.jpeg,266.9552307128906,266.58306884765625,0.5213969349861145,0.5206700563430786,266.76914978027344,0.5210334956645966
7075_22c_40_9_7_frame_28.jpeg,268.57379150390625,268.5644226074219,0.5245581865310669,0.5245398879051208,268.56910705566406,0.5245490372180939
7075_22c_40_9_7_frame_29.jpeg,268.3314514160156,268.075927734375,0.5240848660469055,0.5235857963562012,268.2036895751953,0.5238353312015533
7075_22c_40_9_7_frame_3.jpeg,266.8385009765625,266.4763488769531,0.5211689472198486,0.5204616189002991,266.6574249267578,0.5208152830600739
7075_22c_40_9_7_frame_30.jpeg,266.24688720703125,265.9022521972656,0.5200134515762329,0.5193403363227844,266.07456970214844,0.5196768939495087
7075_22c_40_9_7_frame_31.jpeg,268.7704162597656,268.696533203125,0.5249422192573547,0.5247979164123535,268.7334747314453,0.5248700678348541
7075_22c_40_9_7_frame_32.jpeg,267.8046875,267.56610107421875,0.5230560302734375,0.5225900411605835,267.6853942871094,0.5228230357170105
7075_22c_40_9_7_frame_33.jpeg,266.4483642578125,266.0992736816406,0.52040696144104,0.5197251439094543,266.27381896972656,0.5200660526752472
7075_22c_40_9_7_frame_34.jpeg,268.2125244140625,267.9462890625,0.5238525867462158,0.5233325958251953,268.07940673828125,0.5235925912857056
7075_22c_40_9_7_frame_35.jpeg,267.887939453125,267.637939453125,0.5232186317443848,0.5227303504943848,267.762939453125,0.5229744911193848
7075_22c_40_9_7_frame_36.jpeg,267.01904296875,266.7264709472656,0.5215215682983398,0.5209501385688782,266.8727569580078,0.521235853433609
7075_22c_40_9_7_frame_37.jpeg,267.3260192871094,266.9474182128906,0.5221211314201355,0.521381676197052,267.13671875,0.5217514038085938
7075_22c_40_9_7_frame_38.jpeg,268.6195983886719,268.72015380859375,0.5246476531028748,0.5248440504074097,268.6698760986328,0.5247458517551422
7075_22c_40_9_7_frame_39.jpeg,268.41241455078125,268.1826171875,0.5242429971694946,0.5237941741943359,268.2975158691406,0.5240185856819153
7075_22c_40_9_7_frame_4.jpeg,268.4993591308594,268.3532409667969,0.5244128108024597,0.5241274237632751,268.4263000488281,0.5242701172828674
7075_22c_40_9_7_frame_40.jpeg,266.4490661621094,266.1589660644531,0.5204083323478699,0.519841730594635,266.30401611328125,0.5201250314712524
7075_22c_40_9_7_frame_41.jpeg,268.8984375,268.8555603027344,0.5251922607421875,0.5251085162162781,268.8769989013672,0.5251503884792328
7075_22c_40_9_7_frame_42.jpeg,268.0715637207031,267.927734375,0.5235772728919983,0.5232963562011719,267.99964904785156,0.5234368145465851
7075_22c_40_9_7_frame_43.jpeg,266.4894104003906,266.1434631347656,0.5204871296882629,0.5198114514350891,266.3164367675781,0.520149290561676
7075_22c_40_9_7_frame_44.jpeg,268.54266357421875,268.4502258300781,0.524497389793396,0.5243168473243713,268.49644470214844,0.5244071185588837
7075_22c_40_9_7_frame_45.jpeg,267.9335021972656,267.6809997558594,0.5233076214790344,0.5228144526481628,267.8072509765625,0.5230610370635986
7075_22c_40_9_7_frame_46.jpeg,267.1498107910156,266.88775634765625,0.5217769742012024,0.5212651491165161,267.01878356933594,0.5215210616588593
7075_22c_40_9_7_frame_47.jpeg,267.5559387207031,267.24993896484375,0.5225701928138733,0.5219725370407104,267.40293884277344,0.5222713649272919
7075_22c_40_9_7_frame_48.jpeg,268.706298828125,268.86895751953125,0.5248169898986816,0.5251346826553345,268.7876281738281,0.5249758362770081
7075_22c_40_9_7_frame_49.jpeg,268.3468017578125,268.09735107421875,0.5241148471832275,0.5236276388168335,268.2220764160156,0.5238712430000305
7075_22c_40_9_7_frame_5.jpeg,267.9278564453125,267.73052978515625,0.523296594619751,0.5229111909866333,267.8291931152344,0.5231038928031921
7075_22c_40_9_7_frame_50.jpeg,266.4698486328125,266.1674499511719,0.5204489231109619,0.5198583006858826,266.3186492919922,0.5201536118984222
7075_22c_40_9_7_frame_6.jpeg,267.61474609375,267.2647399902344,0.5226850509643555,0.5220014452934265,267.4397430419922,0.522343248128891
7075_22c_40_9_7_frame_7.jpeg,267.3905029296875,266.8820495605469,0.5222470760345459,0.5212540030479431,267.1362762451172,0.5217505395412445
7075_22c_40_9_7_frame_8.jpeg,268.0865783691406,267.8370361328125,0.5236065983772278,0.5231192111968994,267.96180725097656,0.5233629047870636
7075_22c_40_9_7_frame_9.jpeg,267.974365234375,267.6072998046875,0.5233874320983887,0.5226705074310303,267.79083251953125,0.5230289697647095
7075_22c_40_9_8_frame_1.jpeg,273.2138671875,273.6705017089844,0.5336208343505859,0.5345126986503601,273.4421844482422,0.534066766500473
7075_22c_40_9_8_frame_10.jpeg,273.780029296875,274.61419677734375,0.534726619720459,0.5363558530807495,274.1971130371094,0.5355412364006042
7075_22c_40_9_8_frame_11.jpeg,273.5854187011719,274.11676025390625,0.5343465209007263,0.5353842973709106,273.85108947753906,0.5348654091358185
7075_22c_40_9_8_frame_12.jpeg,274.7701416015625,275.7737121582031,0.5366604328155518,0.5386205315589905,275.2719268798828,0.5376404821872711
7075_22c_40_9_8_frame_13.jpeg,273.87030029296875,274.56585693359375,0.5349029302597046,0.5362614393234253,274.21807861328125,0.5355821847915649
7075_22c_40_9_8_frame_14.jpeg,272.40667724609375,272.6994323730469,0.5320442914962769,0.5326160788536072,272.5530548095703,0.532330185174942
7075_22c_40_9_8_frame_15.jpeg,275.89202880859375,277.18548583984375,0.5388516187667847,0.5413779020309448,276.53875732421875,0.5401147603988647
7075_22c_40_9_8_frame_16.jpeg,273.6851806640625,274.290283203125,0.5345413684844971,0.5357232093811035,273.98773193359375,0.5351322889328003
7075_22c_40_9_8_frame_17.jpeg,272.9538879394531,273.68927001953125,0.5331130623817444,0.534549355506897,273.3215789794922,0.5338312089443207
7075_22c_40_9_8_frame_18.jpeg,274.54205322265625,275.4404602050781,0.5362149477005005,0.5379696488380432,274.9912567138672,0.5370922982692719
7075_22c_40_9_8_frame_19.jpeg,273.16253662109375,273.7454528808594,0.5335205793380737,0.5346590876579285,273.45399475097656,0.5340898334980011
7075_22c_40_9_8_frame_2.jpeg,274.67022705078125,275.6264953613281,0.5364652872085571,0.538332998752594,275.1483612060547,0.5373991429805756
7075_22c_40_9_8_frame_20.jpeg,273.5020751953125,274.368896484375,0.5341837406158447,0.5358767509460449,273.93548583984375,0.5350302457809448
7075_22c_40_9_8_frame_21.jpeg,272.6168212890625,273.01409912109375,0.5324547290802002,0.5332306623458862,272.8154602050781,0.5328426957130432
7075_22c_40_9_8_frame_22.jpeg,275.12738037109375,276.2500305175781,0.5373581647872925,0.5395508408546448,275.68870544433594,0.5384545028209686
7075_22c_40_9_8_frame_23.jpeg,273.7839660644531,274.54791259765625,0.534734308719635,0.5362263917922974,274.1659393310547,0.5354803502559662
7075_22c_40_9_8_frame_24.jpeg,272.4137268066406,273.03179931640625,0.53205806016922,0.533265233039856,272.72276306152344,0.532661646604538
7075_22c_40_9_8_frame_25.jpeg,275.86785888671875,277.19732666015625,0.5388044118881226,0.5414010286331177,276.5325927734375,0.5401027202606201
7075_22c_40_9_8_frame_26.jpeg,273.4267883300781,273.97515869140625,0.5340366959571838,0.5351077318191528,273.7009735107422,0.5345722138881683
7075_22c_40_9_8_frame_27.jpeg,272.5621643066406,273.24749755859375,0.5323479771614075,0.5336865186691284,272.9048309326172,0.5330172479152679
7075_22c_40_9_8_frame_28.jpeg,274.3974609375,275.2530822753906,0.5359325408935547,0.5376036763191223,274.8252716064453,0.5367681086063385
7075_22c_40_9_8_frame_29.jpeg,273.17974853515625,273.7431640625,0.533554196357727,0.5346546173095703,273.4614562988281,0.5341044068336487
7075_22c_40_9_8_frame_3.jpeg,273.4027099609375,274.0529479980469,0.533989667892456,0.5352596640586853,273.7278289794922,0.5346246659755707
7075_22c_40_9_8_frame_30.jpeg,273.0567626953125,273.863037109375,0.5333139896392822,0.534888744354248,273.45989990234375,0.5341013669967651
7075_22c_40_9_8_frame_31.jpeg,272.4142761230469,272.7638244628906,0.5320591330528259,0.5327418446540833,272.58905029296875,0.5324004888534546
7075_22c_40_9_8_frame_32.jpeg,275.48052978515625,276.71759033203125,0.5380479097366333,0.5404640436172485,276.09906005859375,0.5392559766769409
7075_22c_40_9_8_frame_33.jpeg,274.01483154296875,274.8418273925781,0.5351852178573608,0.5368004441261292,274.42832946777344,0.535992830991745
7075_22c_40_9_8_frame_34.jpeg,272.7260437011719,273.4233703613281,0.5326680541038513,0.534030020236969,273.07470703125,0.5333490371704102
7075_22c_40_9_8_frame_35.jpeg,276.4155578613281,277.8272399902344,0.5398741364479065,0.5426313281059265,277.12139892578125,0.5412527322769165
7075_22c_40_9_8_frame_36.jpeg,273.9499816894531,274.6283874511719,0.5350585579872131,0.5363835692405701,274.2891845703125,0.5357210636138916
7075_22c_40_9_8_frame_37.jpeg,272.595703125,273.3081359863281,0.5324134826660156,0.5338049530982971,272.95191955566406,0.5331092178821564
7075_22c_40_9_8_frame_38.jpeg,274.9722900390625,275.9603576660156,0.537055253982544,0.5389850735664368,275.46632385253906,0.5380201637744904
7075_22c_40_9_8_frame_39.jpeg,273.655517578125,274.35931396484375,0.5344834327697754,0.5358580350875854,274.0074157714844,0.5351707339286804
7075_22c_40_9_8_frame_4.jpeg,272.14892578125,272.33782958984375,0.5315408706665039,0.5319098234176636,272.2433776855469,0.5317253470420837
7075_22c_40_9_8_frame_40.jpeg,273.1957702636719,274.0757141113281,0.5335854887962341,0.5353041291236877,273.6357421875,0.5344448089599609
7075_22c_40_9_8_frame_41.jpeg,272.85693359375,273.3223571777344,0.532923698425293,0.5338327288627625,273.0896453857422,0.5333782136440277
7075_22c_40_9_8_frame_42.jpeg,275.80810546875,277.0134582519531,0.5386877059936523,0.541041910648346,276.41078186035156,0.5398648083209991
7075_22c_40_9_8_frame_43.jpeg,273.7066345214844,274.45391845703125,0.5345832705497742,0.5360428094863892,274.0802764892578,0.5353130400180817
7075_22c_40_9_8_frame_44.jpeg,272.5191345214844,273.1960144042969,0.5322639346122742,0.5335859656333923,272.8575744628906,0.5329249501228333
7075_22c_40_9_8_frame_45.jpeg,276.31396484375,277.6654357910156,0.5396757125854492,0.5423153042793274,276.9897003173828,0.5409955084323883
7075_22c_40_9_8_frame_46.jpeg,273.72686767578125,274.402587890625,0.5346227884292603,0.535942554473877,274.0647277832031,0.5352826714515686
7075_22c_40_9_8_frame_47.jpeg,272.6159973144531,273.3203125,0.5324531197547913,0.5338287353515625,272.96815490722656,0.5331409275531769
7075_22c_40_9_8_frame_48.jpeg,274.8380432128906,275.822265625,0.536793053150177,0.5387153625488281,275.3301544189453,0.5377542078495026
7075_22c_40_9_8_frame_49.jpeg,273.52520751953125,274.2575378417969,0.5342289209365845,0.5356592535972595,273.89137268066406,0.534944087266922
7075_22c_40_9_8_frame_5.jpeg,274.8410339355469,275.8639831542969,0.536798894405365,0.5387968420982361,275.3525085449219,0.5377978682518005
7075_22c_40_9_8_frame_50.jpeg,273.1584167480469,274.0293884277344,0.533512532711029,0.5352136492729187,273.5939025878906,0.5343630909919739
7075_22c_40_9_8_frame_6.jpeg,273.33673095703125,273.8949279785156,0.5338608026504517,0.5349510312080383,273.61582946777344,0.534405916929245
7075_22c_40_9_8_frame_7.jpeg,272.61297607421875,273.061279296875,0.5324472188949585,0.533322811126709,272.8371276855469,0.5328850150108337
7075_22c_40_9_8_frame_8.jpeg,274.31195068359375,275.117431640625,0.535765528678894,0.5373387336730957,274.7146911621094,0.5365521311759949
7075_22c_40_9_8_frame_9.jpeg,273.1719055175781,273.68109130859375,0.5335388779640198,0.5345333814620972,273.42649841308594,0.5340361297130585
7075_22c_40_9_9_frame_1.jpeg,280.1717529296875,281.0263977050781,0.5472104549407959,0.5488796830177307,280.5990753173828,0.5480450689792633
7075_22c_40_9_9_frame_10.jpeg,276.0707092285156,276.872802734375,0.5392006039619446,0.5407671928405762,276.4717559814453,0.5399838984012604
7075_22c_40_9_9_frame_11.jpeg,280.2856140136719,281.2746887207031,0.5474328398704529,0.5493646264076233,280.7801513671875,0.5483987331390381
7075_22c_40_9_9_frame_12.jpeg,279.7840576171875,280.5740966796875,0.5464532375335693,0.5479962825775146,280.1790771484375,0.547224760055542
7075_22c_40_9_9_frame_13.jpeg,275.3677062988281,276.44427490234375,0.5378275513648987,0.5399302244186401,275.90599060058594,0.5388788878917694
7075_22c_40_9_9_frame_14.jpeg,279.8372497558594,280.9770202636719,0.5465571284294128,0.5487832427024841,280.4071350097656,0.5476701855659485
7075_22c_40_9_9_frame_15.jpeg,280.4529113769531,281.1495361328125,0.5477595925331116,0.5491201877593994,280.8012237548828,0.5484398901462555
7075_22c_40_9_9_frame_16.jpeg,275.85589599609375,276.9464111328125,0.5387810468673706,0.5409109592437744,276.4011535644531,0.5398460030555725
7075_22c_40_9_9_frame_17.jpeg,276.97833251953125,277.7780456542969,0.5409733057022095,0.5425352454185486,277.37818908691406,0.541754275560379
7075_22c_40_9_9_frame_18.jpeg,281.2181701660156,282.2977600097656,0.5492542386054993,0.5513628125190735,281.7579650878906,0.5503085255622864
7075_22c_40_9_9_frame_19.jpeg,277.5562744140625,278.7625427246094,0.5421020984649658,0.5444580912590027,278.15940856933594,0.5432800948619843
7075_22c_40_9_9_frame_2.jpeg,279.71575927734375,280.4193420410156,0.546319842338562,0.5476940274238586,280.0675506591797,0.5470069348812103
7075_22c_40_9_9_frame_20.jpeg,274.7721862792969,275.7506103515625,0.5366644263267517,0.5385754108428955,275.2613983154297,0.5376199185848236
7075_22c_40_9_9_frame_21.jpeg,280.6089782714844,281.5753479003906,0.5480644106864929,0.5499518513679504,281.0921630859375,0.5490081310272217
7075_22c_40_9_9_frame_22.jpeg,279.87469482421875,280.75384521484375,0.5466302633285522,0.5483473539352417,280.31427001953125,0.547488808631897
7075_22c_40_9_9_frame_23.jpeg,274.27398681640625,275.3515319824219,0.5356913805007935,0.5377959609031677,274.81275939941406,0.5367436707019806
7075_22c_40_9_9_frame_24.jpeg,279.3681335449219,280.49920654296875,0.5456408858299255,0.5478500127792358,279.9336700439453,0.5467454493045807
7075_22c_40_9_9_frame_25.jpeg,280.5865173339844,281.3639831542969,0.5480205416679382,0.5495390295982361,280.9752502441406,0.5487797856330872
7075_22c_40_9_9_frame_26.jpeg,275.19384765625,276.37335205078125,0.5374879837036133,0.5397917032241821,275.7835998535156,0.5386398434638977
7075_22c_40_9_9_frame_27.jpeg,275.7957458496094,276.53399658203125,0.5386635661125183,0.5401054620742798,276.1648712158203,0.539384514093399
7075_22c_40_9_9_frame_28.jpeg,281.5549011230469,282.71331787109375,0.5499119162559509,0.55217444896698,282.1341094970703,0.5510431826114655
7075_22c_40_9_9_frame_29.jpeg,277.5107727050781,278.7454528808594,0.5420132279396057,0.5444247126579285,278.12811279296875,0.5432189702987671
7075_22c_40_9_9_frame_3.jpeg,275.36328125,276.3374938964844,0.5378189086914062,0.539721667766571,275.8503875732422,0.5387702882289886
7075_22c_40_9_9_frame_30.jpeg,274.08203125,275.0947570800781,0.5353164672851562,0.5372944474220276,274.58839416503906,0.5363054573535919
7075_22c_40_9_9_frame_31.jpeg,280.6160888671875,281.7065734863281,0.5480782985687256,0.5502081513404846,281.1613311767578,0.5491432249546051
7075_22c_40_9_9_frame_32.jpeg,279.8879699707031,280.78546142578125,0.5466561913490295,0.548409104347229,280.3367156982422,0.5475326478481293
7075_22c_40_9_9_frame_33.jpeg,274.4980773925781,275.6653747558594,0.5361290574073792,0.5384089350700378,275.08172607421875,0.5372689962387085
7075_22c_40_9_9_frame_34.jpeg,279.192138671875,280.19476318359375,0.5452971458435059,0.5472553968429565,279.6934509277344,0.5462762713432312
7075_22c_40_9_9_frame_35.jpeg,280.45391845703125,281.315185546875,0.5477615594863892,0.5494437217712402,280.8845520019531,0.5486026406288147
7075_22c_40_9_9_frame_36.jpeg,275.1893310546875,276.32183837890625,0.5374791622161865,0.5396910905838013,275.7555847167969,0.5385851263999939
7075_22c_40_9_9_frame_37.jpeg,276.0589599609375,276.7439270019531,0.539177656173706,0.5405154824256897,276.4014434814453,0.5398465692996979
7075_22c_40_9_9_frame_38.jpeg,281.3202209472656,282.3901062011719,0.5494535565376282,0.5515431761741638,281.85516357421875,0.550498366355896
7075_22c_40_9_9_frame_39.jpeg,277.24761962890625,278.3494567871094,0.5414992570877075,0.543651282787323,277.7985382080078,0.5425752699375153
7075_22c_40_9_9_frame_4.jpeg,279.8496398925781,280.9104309082031,0.5465813279151917,0.5486531853675842,280.3800354003906,0.5476172566413879
7075_22c_40_9_9_frame_40.jpeg,274.26995849609375,275.1683349609375,0.5356835126876831,0.537438154220581,274.7191467285156,0.5365608334541321
7075_22c_40_9_9_frame_41.jpeg,280.5526123046875,281.6117248535156,0.5479543209075928,0.5500229001045227,281.08216857910156,0.5489886105060577
7075_22c_40_9_9_frame_42.jpeg,279.7250061035156,280.49884033203125,0.546337902545929,0.5478492975234985,280.11192321777344,0.5470936000347137
7075_22c_40_9_9_frame_43.jpeg,274.2886657714844,275.3077697753906,0.5357200503349304,0.5377104878425598,274.7982177734375,0.5367152690887451
7075_22c_40_9_9_frame_44.jpeg,279.374755859375,280.37030029296875,0.5456538200378418,0.5475982427597046,279.8725280761719,0.5466260313987732
7075_22c_40_9_9_frame_45.jpeg,280.76263427734375,281.6340637207031,0.548364520072937,0.5500665307044983,281.19834899902344,0.5492155253887177
7075_22c_40_9_9_frame_46.jpeg,275.4532165527344,276.5675048828125,0.5379945635795593,0.5401709079742432,276.01036071777344,0.5390827357769012
7075_22c_40_9_9_frame_47.jpeg,276.2900695800781,276.9321594238281,0.5396290421485901,0.5408831238746643,276.6111145019531,0.5402560830116272
7075_22c_40_9_9_frame_48.jpeg,281.5814514160156,282.64324951171875,0.5499637722969055,0.5520375967025757,282.1123504638672,0.5510006844997406
7075_22c_40_9_9_frame_49.jpeg,277.4141845703125,278.5423278808594,0.5418245792388916,0.5440279841423035,277.97825622558594,0.5429262816905975
7075_22c_40_9_9_frame_5.jpeg,280.1135559082031,280.8226623535156,0.5470967888832092,0.5484817624092102,280.4681091308594,0.5477892756462097
7075_22c_40_9_9_frame_50.jpeg,274.3079833984375,275.2288818359375,0.5357577800750732,0.5375564098358154,274.7684326171875,0.5366570949554443
7075_22c_40_9_9_frame_6.jpeg,276.59710693359375,277.5888366699219,0.5402287244796753,0.5421656966209412,277.0929718017578,0.5411972105503082
7075_22c_40_9_9_frame_7.jpeg,277.3709411621094,278.185302734375,0.5417401194572449,0.5433306694030762,277.7781219482422,0.5425353944301605
7075_22c_40_9_9_frame_8.jpeg,280.55670166015625,281.4337463378906,0.5479623079299927,0.5496752858161926,280.99522399902344,0.5488187968730927
7075_22c_40_9_9_frame_9.jpeg,278.0331726074219,279.2585754394531,0.5430335402488708,0.5454269051551819,278.6458740234375,0.5442302227020264
defaultName276587_0.jpg,751.9995903968811,731.6037726402283,0.6962959170341492,0.677410900592804,741.8016815185547,0.6868534088134766
defaultName276587_1.jpg,758.1233310699463,736.5599155426025,0.7019660472869873,0.681999921798706,747.3416233062744,0.6919829845428467
defaultName276587_10.jpg,751.1541152000427,731.2170195579529,0.6955130696296692,0.6770527958869934,741.1855673789978,0.6862829327583313
defaultName276587_100.jpg,750.237250328064,731.8094444274902,0.6946641206741333,0.6776013374328613,741.0233473777771,0.6861327290534973
defaultName276587_101.jpg,756.1767554283142,736.5670609474182,0.7001636624336243,0.6820065379142761,746.3719081878662,0.6910851001739502
defaultName276587_102.jpg,752.2037172317505,733.4046077728271,0.6964849233627319,0.6790783405303955,742.8041625022888,0.6877816319465637
defaultName276587_103.jpg,748.6830282211304,730.5743837356567,0.6932250261306763,0.6764577627182007,739.6287059783936,0.6848413944244385
defaultName276587_104.jpg,754.9461364746094,735.6046843528748,0.6990242004394531,0.681115448474884,745.2754104137421,0.6900698244571686
defaultName276587_105.jpg,750.6045627593994,732.1460509300232,0.6950042247772217,0.6779130101203918,741.3753068447113,0.6864586174488068
defaultName276587_106.jpg,756.2977123260498,736.7035961151123,0.7002756595611572,0.6821329593658447,746.500654220581,0.691204309463501
defaultName276587_107.jpg,752.0042896270752,733.2838439941406,0.6963002681732178,0.6789665222167969,742.6440668106079,0.6876333951950073
defaultName276587_108.jpg,747.9531669616699,730.0286936759949,0.6925492286682129,0.6759524941444397,738.9909303188324,0.6842508614063263
defaultName276587_109.jpg,754.3304085731506,735.1372718811035,0.6984540820121765,0.6806826591491699,744.7338402271271,0.6895683705806732
defaultName276587_11.jpg,757.2682642936707,736.1804366111755,0.7011743187904358,0.6816485524177551,746.7243504524231,0.6914114356040955
defaultName276587_110.jpg,749.8658180236816,731.5629601478577,0.6943202018737793,0.6773731112480164,740.7143890857697,0.6858466565608978
defaultName276587_111.jpg,755.5275535583496,736.101450920105,0.6995625495910645,0.6815754175186157,745.8145022392273,0.6905689835548401
defaultName276587_112.jpg,751.3823819160461,732.7991795539856,0.6957244277000427,0.678517758846283,742.0907807350159,0.6871210932731628
defaultName276587_113.jpg,747.1276473999023,729.3848347663879,0.6917848587036133,0.6753563284873962,738.2562410831451,0.6835705935955048
defaultName276587_114.jpg,754.0528321266174,734.9484014511108,0.698197066783905,0.6805077791213989,744.5006167888641,0.689352422952652
defaultName276587_115.jpg,749.6721196174622,731.4477968215942,0.6941408514976501,0.6772664785385132,740.5599582195282,0.6857036650180817
defaultName276587_116.jpg,755.3619861602783,735.9786915779114,0.6994092464447021,0.681461751461029,745.6703388690948,0.6904354989528656
defaultName276587_117.jpg,751.1698222160339,732.656979560852,0.6955276131629944,0.6783860921859741,741.913400888443,0.6869568526744843
defaultName276587_118.jpg,746.5379905700684,728.9264345169067,0.6912388801574707,0.6749318838119507,737.7322125434875,0.6830853819847107
defaultName276587_119.jpg,753.8002967834473,734.758243560791,0.6979632377624512,0.6803317070007324,744.2792701721191,0.6891474723815918
defaultName276587_12.jpg,752.772581577301,732.601683139801,0.6970116496086121,0.6783348917961121,742.687132358551,0.6876732707023621
defaultName276587_120.jpg,749.398148059845,731.2402582168579,0.6938871741294861,0.6770743131637573,740.3192031383514,0.6854807436466217
defaultName276587_121.jpg,755.2009892463684,735.890371799469,0.6992601752281189,0.6813799738883972,745.5456805229187,0.6903200745582581
defaultName276587_122.jpg,750.9848785400391,732.5282979011536,0.6953563690185547,0.6782669425010681,741.7565882205963,0.6868116557598114
defaultName276587_123.jpg,746.3103032112122,728.7751579284668,0.6910280585289001,0.6747918128967285,737.5427305698395,0.6829099357128143
defaultName276587_124.jpg,753.1993103027344,734.3010663986206,0.6974067687988281,0.6799083948135376,743.7501883506775,0.6886575818061829
defaultName276587_125.jpg,748.6808395385742,730.685555934906,0.6932229995727539,0.6765606999397278,739.6831977367401,0.6848918497562408
defaultName276587_126.jpg,754.6401071548462,735.4599094390869,0.6987408399581909,0.6809813976287842,745.0500082969666,0.6898611187934875
defaultName276587_127.jpg,750.6296682357788,732.2702264785767,0.6950274705886841,0.6780279874801636,741.4499473571777,0.6865277290344238
defaultName276587_128.jpg,746.0631108283997,728.5835194587708,0.6907991766929626,0.6746143698692322,737.3233151435852,0.6827067732810974
defaultName276587_129.jpg,753.5849690437317,734.615786075592,0.6977638602256775,0.6801998019218445,744.1003775596619,0.688981831073761
defaultName276587_13.jpg,755.3303790092468,734.6945786476135,0.6993799805641174,0.6802727580070496,745.0124788284302,0.6898263692855835
defaultName276587_130.jpg,749.20490026474,731.1171770095825,0.6937082409858704,0.6769603490829468,740.1610386371613,0.6853342950344086
defaultName276587_131.jpg,754.8300075531006,735.631206035614,0.6989166736602783,0.6811400055885315,745.2306067943573,0.6900283396244049
defaultName276587_132.jpg,750.5893707275391,732.2376537322998,0.6949901580810547,0.6779978275299072,741.4135122299194,0.686493992805481
defaultName276587_133.jpg,745.8267974853516,728.3972239494324,0.6905803680419922,0.6744418740272522,737.112010717392,0.6825111210346222
defaultName276587_134.jpg,753.2056832313538,734.3192839622498,0.6974126696586609,0.679925262928009,743.7624835968018,0.688668966293335
defaultName276587_135.jpg,748.8585734367371,730.8433985710144,0.6933875679969788,0.676706850528717,739.8509860038757,0.6850472092628479
defaultName276587_136.jpg,754.5404577255249,735.3961157798767,0.6986485719680786,0.6809223294258118,744.9682867527008,0.6897854506969452
defaultName276587_137.jpg,750.3843426704407,732.0904326438904,0.6948003172874451,0.6778615117073059,741.2373876571655,0.6863309144973755
defaultName276587_138.jpg,745.6620025634766,728.2850861549377,0.6904277801513672,0.6743380427360535,736.9735443592072,0.6823829114437103
defaultName276587_139.jpg,753.0749416351318,734.2395257949829,0.6972916126251221,0.6798514127731323,743.6572337150574,0.6885715126991272
defaultName276587_14.jpg,755.5665636062622,734.9278020858765,0.6995986700057983,0.6804887056350708,745.2471828460693,0.6900436878204346
defaultName276587_140.jpg,748.7988996505737,730.8149456977844,0.693332314491272,0.6766805052757263,739.8069226741791,0.6850064098834991
defaultName276587_141.jpg,754.5705842971802,735.4241180419922,0.6986764669418335,0.6809482574462891,744.9973511695862,0.6898123621940613
defaultName276587_142.jpg,750.290744304657,732.0096445083618,0.6947136521339417,0.6777867078781128,741.1501944065094,0.6862501800060272
defaultName276587_143.jpg,745.5860424041748,728.2240605354309,0.6903574466705322,0.6742815375328064,736.9050514698029,0.6823194921016693
defaultName276587_144.jpg,752.8697204589844,734.0805244445801,0.6971015930175781,0.6797041893005371,743.4751224517822,0.6884028911590576
defaultName276587_145.jpg,748.338053226471,730.4534912109375,0.692905604839325,0.6763458251953125,739.3957722187042,0.6846257150173187
defaultName276587_146.jpg,753.8407230377197,734.8551249504089,0.6980006694793701,0.6804214119911194,744.3479239940643,0.6892110407352448
defaultName276587_147.jpg,749.6372938156128,731.5092730522156,0.6941086053848267,0.6773234009742737,740.5732834339142,0.6857160031795502
defaultName276587_148.jpg,744.8577904701233,727.6377511024475,0.6896831393241882,0.6737386584281921,736.2477707862854,0.6817108988761902
defaultName276587_149.jpg,752.3224854469299,733.6503839492798,0.6965948939323425,0.679305911064148,742.9864346981049,0.6879504024982452
defaultName276587_15.jpg,751.1362838745117,731.3957190513611,0.6954965591430664,0.6772182583808899,741.2660014629364,0.6863574087619781
defaultName276587_150.jpg,747.8435397148132,730.067253112793,0.6924477219581604,0.6759881973266602,738.9553964138031,0.6842179596424103
defaultName276587_151.jpg,753.6250734329224,734.6963167190552,0.6978009939193726,0.6802743673324585,744.1606950759888,0.6890376806259155
defaultName276587_152.jpg,749.4397974014282,731.3376545906067,0.6939257383346558,0.6771644949913025,740.3887259960175,0.6855451166629791
defaultName276587_153.jpg,744.6091175079346,727.4371004104614,0.6894528865814209,0.6735528707504272,736.023108959198,0.6815028786659241
defaultName276587_154.jpg,752.01993227005,733.4131050109863,0.6963147521018982,0.6790862083435059,742.7165186405182,0.687700480222702
defaultName276587_155.jpg,747.3991084098816,729.7003269195557,0.6920362114906311,0.6756484508514404,738.5497176647186,0.6838423311710358
defaultName276587_156.jpg,753.1721448898315,734.3335747718811,0.6973816156387329,0.6799384951591492,743.7528598308563,0.688660055398941
defaultName276587_157.jpg,749.1969180107117,731.1728596687317,0.6937008500099182,0.6770119071006775,740.1848888397217,0.6853563785552979
defaultName276587_158.jpg,744.6161985397339,727.4694800376892,0.6894594430923462,0.6735828518867493,736.0428392887115,0.6815211474895477
defaultName276587_159.jpg,752.1568536758423,733.5349631309509,0.6964415311813354,0.6791990399360657,742.8459084033966,0.6878202855587006
defaultName276587_16.jpg,757.3650813102722,736.4264702796936,0.701263964176178,0.6818763613700867,746.8957757949829,0.6915701627731323
defaultName276587_160.jpg,747.727153301239,729.9878168106079,0.6923399567604065,0.6759146451950073,738.8574850559235,0.6841273009777069
defaultName276587_161.jpg,753.3897256851196,734.516007900238,0.6975830793380737,0.6801074147224426,743.9528667926788,0.6888452470302582
defaultName276587_162.jpg,749.3400192260742,731.2800407409668,0.6938333511352539,0.6771111488342285,740.3100299835205,0.6854722499847412
defaultName276587_163.jpg,744.7267913818359,727.5782704353333,0.6895618438720703,0.6736835837364197,736.1525309085846,0.681622713804245
defaultName276587_164.jpg,752.301435470581,733.6667990684509,0.696575403213501,0.6793211102485657,742.984117269516,0.6879482567310333
defaultName276587_165.jpg,747.8902101516724,730.1381921768188,0.6924909353256226,0.6760538816452026,739.0142011642456,0.6842724084854126
defaultName276587_166.jpg,753.627712726593,734.7216796875,0.6978034377098083,0.6802978515625,744.1746962070465,0.6890506446361542
defaultName276587_167.jpg,749.7135758399963,731.6078281402588,0.6941792368888855,0.6774146556854248,740.6607019901276,0.6857969462871552
defaultName276587_168.jpg,744.9760437011719,727.7925682067871,0.6897926330566406,0.673882007598877,736.3843059539795,0.6818373203277588
defaultName276587_169.jpg,752.5874447822571,733.9174675941467,0.696840226650238,0.679553210735321,743.2524561882019,0.6881967186927795
defaultName276587_17.jpg,752.8807282447815,732.8882074356079,0.6971117854118347,0.6786001920700073,742.8844678401947,0.687855988740921
defaultName276587_170.jpg,748.2755470275879,730.4589629173279,0.692847728729248,0.6763508915901184,739.3672549724579,0.6845993101596832
defaultName276587_171.jpg,753.9877510070801,735.0358843803406,0.6981368064880371,0.6805887818336487,744.5118176937103,0.6893627941608429
defaultName276587_172.jpg,750.1647663116455,731.9739174842834,0.6945970058441162,0.6777536273002625,741.0693418979645,0.6861753165721893
defaultName276587_173.jpg,745.6843400001526,728.3839631080627,0.6904484629631042,0.6744295954704285,737.0341515541077,0.6824390292167664
defaultName276587_174.jpg,753.1086730957031,734.3366646766663,0.6973228454589844,0.6799413561820984,743.7226688861847,0.6886321008205414
defaultName276587_175.jpg,748.7180471420288,730.8240222930908,0.6932574510574341,0.6766889095306396,739.7710347175598,0.6849731802940369
defaultName276587_176.jpg,754.1115403175354,735.1404905319214,0.6982514262199402,0.6806856393814087,744.6260154247284,0.6894685328006744
defaultName276587_177.jpg,750.4071307182312,732.2015404701233,0.6948214173316956,0.6779643893241882,741.3043355941772,0.6863929033279419
defaultName276587_178.jpg,745.7935810089111,728.4788489341736,0.6905496120452881,0.6745174527168274,737.1362149715424,0.6825335323810577
defaultName276587_179.jpg,753.1610083580017,734.3890643119812,0.6973713040351868,0.6799898743629456,743.7750363349915,0.6886805891990662
defaultName276587_18.jpg,755.1229691505432,734.6970248222351,0.6991879343986511,0.680275022983551,744.9099969863892,0.6897314786911011
defaultName276587_180.jpg,748.8169240951538,730.9310746192932,0.6933490037918091,0.6767880320549011,739.8739993572235,0.6850685179233551
defaultName276587_181.jpg,753.9849829673767,735.0414848327637,0.6981342434883118,0.6805939674377441,744.5132339000702,0.689364105463028
defaultName276587_182.jpg,750.3522205352783,732.1579599380493,0.6947705745697021,0.6779240369796753,741.2550902366638,0.6863473057746887
defaultName276587_183.jpg,745.7966065406799,728.4961009025574,0.6905524134635925,0.6745334267616272,737.1463537216187,0.6825429201126099
defaultName276587_184.jpg,753.2730174064636,734.4993352890015,0.697475016117096,0.6800919771194458,743.8861763477325,0.6887834966182709
defaultName276587_185.jpg,748.7171459197998,730.8407592773438,0.6932566165924072,0.6767044067382812,739.7789525985718,0.6849805116653442
defaultName276587_186.jpg,753.9597487449646,735.0428366661072,0.6981108784675598,0.6805952191352844,744.5012927055359,0.6893530488014221
defaultName276587_187.jpg,750.3021383285522,732.1282839775085,0.6947242021560669,0.6778965592384338,741.2152111530304,0.6863103806972504
defaultName276587_188.jpg,745.7820582389832,728.4917879104614,0.6905389428138733,0.6745294332504272,737.1369230747223,0.6825341880321503
defaultName276587_189.jpg,753.2761716842651,734.5035195350647,0.6974779367446899,0.6800958514213562,743.8898456096649,0.6887868940830231
defaultName276587_19.jpg,755.7148146629333,735.2136182785034,0.6997359395027161,0.6807533502578735,745.4642164707184,0.6902446448802948
defaultName276587_190.jpg,748.9122605323792,731.0164976119995,0.6934372782707214,0.6768671274185181,739.9643790721893,0.6851522028446198
defaultName276587_191.jpg,754.182608127594,735.2304840087891,0.6983172297477722,0.6807689666748047,744.7065460681915,0.6895430982112885
defaultName276587_192.jpg,750.7643365859985,732.5181269645691,0.6951521635055542,0.6782575249671936,741.6412317752838,0.6867048442363739
defaultName276587_193.jpg,746.1199522018433,728.779149055481,0.6908518075942993,0.6747955083847046,737.4495506286621,0.682823657989502
defaultName276587_194.jpg,753.3075213432312,734.5396327972412,0.6975069642066956,0.6801292896270752,743.9235770702362,0.6888181269168854
defaultName276587_195.jpg,748.9667201042175,731.0828018188477,0.6934877038002014,0.6769285202026367,740.0247609615326,0.6852081120014191
defaultName276587_196.jpg,753.8190293312073,734.9447965621948,0.6979805827140808,0.6805044412612915,744.381912946701,0.6892425119876862
defaultName276587_197.jpg,750.3327798843384,732.1706414222717,0.69475257396698,0.677935779094696,741.251710653305,0.686344176530838
defaultName276587_198.jpg,745.4987525939941,728.2963514328003,0.6902766227722168,0.6743484735488892,736.8975520133972,0.682312548160553
defaultName276587_199.jpg,752.8048968315125,734.1589951515198,0.6970415711402893,0.6797768473625183,743.4819459915161,0.6884092092514038
defaultName276587_2.jpg,753.5265183448792,732.8853750228882,0.6977097392082214,0.6785975694656372,743.2059466838837,0.6881536543369293
defaultName276587_20.jpg,751.1400818824768,731.5621876716614,0.6955000758171082,0.677372395992279,741.3511347770691,0.6864362359046936
defaultName276587_21.jpg,757.1161508560181,736.359715461731,0.7010334730148315,0.6818145513534546,746.7379331588745,0.6914240121841431
defaultName276587_22.jpg,752.5806212425232,732.7838587760925,0.6968339085578918,0.6785035729408264,742.6822400093079,0.6876687407493591
defaultName276587_23.jpg,754.504280090332,734.3653750419617,0.6986150741577148,0.6799679398536682,744.4348275661469,0.6892915070056915
defaultName276587_24.jpg,755.1705408096313,734.9163436889648,0.6992319822311401,0.6804780960083008,745.0434422492981,0.6898550391197205
defaultName276587_25.jpg,750.522358417511,731.2062692642212,0.6949281096458435,0.6770428419113159,740.8643138408661,0.6859854757785797
defaultName276587_26.jpg,756.7374444007874,736.2101125717163,0.7006828188896179,0.6816760301589966,746.4737784862518,0.6911794245243073
defaultName276587_27.jpg,752.153377532959,732.5658917427063,0.6964383125305176,0.6783017516136169,742.3596346378326,0.6873700320720673
defaultName276587_28.jpg,753.7721014022827,733.8849592208862,0.6979371309280396,0.6795231103897095,743.8285303115845,0.6887301206588745
defaultName276587_29.jpg,754.7096943855286,734.6517705917358,0.6988052725791931,0.6802331209182739,744.6807324886322,0.6895191967487335
defaultName276587_3.jpg,756.5749669075012,735.3850436210632,0.7005323767662048,0.6809120774269104,745.9800052642822,0.6907222270965576
defaultName276587_30.jpg,750.0803089141846,730.9606862068176,0.6945188045501709,0.6768154501914978,740.5204975605011,0.6856671273708344
defaultName276587_31.jpg,756.302797794342,735.9556460380554,0.7002803683280945,0.6814404129981995,746.1292219161987,0.690860390663147
defaultName276587_32.jpg,751.7063069343567,732.3035717010498,0.6960243582725525,0.6780588626861572,742.0049393177032,0.6870416104793549
defaultName276587_33.jpg,753.1542491912842,733.4814047813416,0.6973650455474854,0.6791494488716125,743.3178269863129,0.688257247209549
defaultName276587_34.jpg,754.5761203765869,734.6414065361023,0.6986815929412842,0.6802235245704651,744.6087634563446,0.6894525587558746
defaultName276587_35.jpg,749.8128390312195,730.8531832695007,0.6942711472511292,0.6767159104347229,740.3330111503601,0.685493528842926
defaultName276587_36.jpg,756.0725998878479,735.8636569976807,0.7000672221183777,0.6813552379608154,745.9681284427643,0.6907112300395966
defaultName276587_37.jpg,751.6193389892578,732.345221042633,0.6959438323974609,0.6780974268913269,741.9822800159454,0.6870206296443939
defaultName276587_38.jpg,752.9307460784912,733.4163236618042,0.6971580982208252,0.6790891885757446,743.1735348701477,0.6881236433982849
defaultName276587_39.jpg,754.7577166557312,734.8941349983215,0.6988497376441956,0.6804575324058533,744.8259258270264,0.6896536350250244
defaultName276587_4.jpg,756.2219452857971,735.1336026191711,0.7002055048942566,0.6806792616844177,745.6777739524841,0.6904423832893372
defaultName276587_40.jpg,750.2326798439026,731.286735534668,0.6946598887443542,0.6771173477172852,740.7597076892853,0.6858886182308197
defaultName276587_41.jpg,756.4044427871704,736.2594223022461,0.7003744840621948,0.6817216873168945,746.3319325447083,0.6910480856895447
defaultName276587_42.jpg,751.9029664993286,732.6869773864746,0.6962064504623413,0.6784138679504395,742.2949719429016,0.6873101592063904
defaultName276587_43.jpg,752.7355670928955,733.3751893043518,0.6969773769378662,0.6790511012077332,743.0553781986237,0.6880142390727997
defaultName276587_44.jpg,754.7595834732056,735.0221729278564,0.698851466178894,0.6805760860443115,744.890878200531,0.6897137761116028
defaultName276587_45.jpg,750.0904154777527,731.2884736061096,0.6945281624794006,0.6771189570426941,740.6894445419312,0.6858235597610474
defaultName276587_46.jpg,756.2688088417053,736.2227296829224,0.7002488970756531,0.6816877126693726,746.2457692623138,0.6909683048725128
defaultName276587_47.jpg,751.7697787284851,732.6782870292664,0.696083128452301,0.6784058213233948,742.2240328788757,0.6872444748878479
defaultName276587_48.jpg,752.1282076835632,732.9692530632019,0.6964150071144104,0.6786752343177795,742.5487303733826,0.687545120716095
defaultName276587_49.jpg,754.4176340103149,734.8116087913513,0.6985348463058472,0.6803811192512512,744.6146214008331,0.6894579827785492
defaultName276587_5.jpg,751.5172433853149,731.3753128051758,0.6958492994308472,0.6771993637084961,741.4462780952454,0.6865243315696716
defaultName276587_50.jpg,749.7685503959656,731.1125421524048,0.6942301392555237,0.676956057548523,740.4405462741852,0.6855930984020233
defaultName276587_51.jpg,755.9990859031677,736.1081457138062,0.6999991536140442,0.6815816164016724,746.0536158084869,0.6907903850078583
defaultName276587_52.jpg,751.6531991958618,732.6421737670898,0.6959751844406128,0.6783723831176758,742.1476864814758,0.6871737837791443
defaultName276587_53.jpg,751.8049263954163,732.7936434745789,0.6961156725883484,0.6785126328468323,742.2992849349976,0.6873141527175903
defaultName276587_54.jpg,754.5307374000549,735.0027322769165,0.6986395716667175,0.6805580854415894,744.7667348384857,0.6895988285541534
defaultName276587_55.jpg,749.877405166626,731.2763071060181,0.6943309307098389,0.6771076917648315,740.576856136322,0.6857193112373352
defaultName276587_56.jpg,756.2841296195984,736.395571231842,0.7002630829811096,0.6818477511405945,746.3398504257202,0.691055417060852
defaultName276587_57.jpg,751.9852995872498,732.9962253570557,0.696282684803009,0.6787002086639404,742.4907624721527,0.6874914467334747
defaultName276587_58.jpg,751.8414258956909,732.890202999115,0.696149468421936,0.6786020398139954,742.365814447403,0.6873757541179657
defaultName276587_59.jpg,754.9443984031677,735.3833699226379,0.6990225911140442,0.6809105277061462,745.1638841629028,0.6899665594100952
defaultName276587_6.jpg,757.5574922561646,736.2580704689026,0.7014421224594116,0.6817204356193542,746.9077813625336,0.6915812790393829
defaultName276587_60.jpg,750.5210065841675,731.8577241897583,0.6949268579483032,0.6776460409164429,741.1893653869629,0.686286449432373
defaultName276587_61.jpg,756.601037979126,736.7129302024841,0.7005565166473389,0.6821416020393372,746.656984090805,0.691349059343338
defaultName276587_62.jpg,752.2640347480774,733.2750248908997,0.6965407729148865,0.6789583563804626,742.7695298194885,0.6877495646476746
defaultName276587_63.jpg,751.7966866493225,732.9167890548706,0.6961080431938171,0.6786266565322876,742.3567378520966,0.6873673498630524
defaultName276587_64.jpg,755.1934576034546,735.631206035614,0.6992532014846802,0.6811400055885315,745.4123318195343,0.6901966035366058
defaultName276587_65.jpg,750.5217790603638,731.897120475769,0.6949275732040405,0.6776825189590454,741.2094497680664,0.686305046081543
defaultName276587_66.jpg,756.4605116844177,736.6398024559021,0.7004263997077942,0.6820738911628723,746.5501570701599,0.6912501454353333
defaultName276587_67.jpg,752.1430778503418,733.2014465332031,0.6964287757873535,0.6788902282714844,742.6722621917725,0.687659502029419
defaultName276587_68.jpg,750.9849429130554,732.2878646850586,0.6953564286231995,0.678044319152832,741.636403799057,0.6867003738880157
defaultName276587_69.jpg,754.7711706161499,735.3347682952881,0.6988621950149536,0.6808655261993408,745.052969455719,0.6898638606071472
defaultName276587_7.jpg,753.0195164680481,732.6488041877747,0.6972402930259705,0.6783785223960876,742.8341603279114,0.687809407711029
defaultName276587_70.jpg,749.9969458580017,731.5065050125122,0.6944416165351868,0.6773208379745483,740.751725435257,0.6858812272548676
defaultName276587_71.jpg,756.0476875305176,736.3458752632141,0.7000441551208496,0.6818017363548279,746.1967813968658,0.6909229457378387
defaultName276587_72.jpg,751.6087818145752,732.8325247764587,0.6959340572357178,0.6785486340522766,742.220653295517,0.6872413456439972
defaultName276587_73.jpg,750.1668906211853,731.6584897041321,0.6945989727973938,0.677461564540863,740.9126901626587,0.6860302686691284
defaultName276587_74.jpg,754.3579602241516,735.0322794914246,0.6984795928001404,0.6805854439735413,744.6951198577881,0.6895325183868408
defaultName276587_75.jpg,749.7791075706482,731.367073059082,0.6942399144172668,0.6771917343139648,740.5730903148651,0.6857158243656158
defaultName276587_76.jpg,755.894672870636,736.2650227546692,0.6999024748802185,0.68172687292099,746.0798478126526,0.6908146739006042
defaultName276587_77.jpg,751.6001558303833,732.8370952606201,0.6959260702133179,0.6785528659820557,742.2186255455017,0.6872394680976868
defaultName276587_78.jpg,749.8649168014526,731.4523673057556,0.6943193674087524,0.6772707104682922,740.6586420536041,0.6857950389385223
defaultName276587_79.jpg,754.3221688270569,735.0218510627747,0.6984464526176453,0.6805757880210876,744.6720099449158,0.6895111203193665
defaultName276587_8.jpg,755.891969203949,734.9829053878784,0.6998999714851379,0.6805397272109985,745.4374372959137,0.6902198493480682
defaultName276587_80.jpg,749.6631073951721,731.2983226776123,0.6941325068473816,0.6771280765533447,740.4807150363922,0.6856302917003632
defaultName276587_81.jpg,755.6241130828857,736.0516905784607,0.6996519565582275,0.6815293431282043,745.8379018306732,0.6905906498432159
defaultName276587_82.jpg,751.4927816390991,732.7687954902649,0.6958266496658325,0.678489625453949,742.130788564682,0.6871581375598907
defaultName276587_83.jpg,749.499728679657,731.1642980575562,0.6939812302589417,0.6770039796829224,740.3320133686066,0.685492604970932
defaultName276587_84.jpg,754.5197296142578,735.1887059211731,0.6986293792724609,0.6807302832603455,744.8542177677155,0.6896798312664032
defaultName276587_85.jpg,750.0329947471619,731.6178059577942,0.694474995136261,0.677423894405365,740.825400352478,0.685949444770813
defaultName276587_86.jpg,756.071891784668,736.4303970336914,0.7000665664672852,0.681879997253418,746.2511444091797,0.6909732818603516
defaultName276587_87.jpg,751.7872881889343,733.0110311508179,0.6960993409156799,0.6787139177322388,742.3991596698761,0.6874066293239594
defaultName276587_88.jpg,749.3298482894897,731.0412168502808,0.6938239336013794,0.6768900156021118,740.1855325698853,0.6853569746017456
defaultName276587_89.jpg,754.6419095993042,735.3027749061584,0.6987425088882446,0.6808359026908875,744.9723422527313,0.689789205789566
defaultName276587_9.jpg,755.7914185523987,734.920334815979,0.6998068690299988,0.6804817914962769,745.3558766841888,0.6901443302631378
defaultName276587_90.jpg,750.192060470581,731.7395353317261,0.694622278213501,0.6775366067886353,740.9657979011536,0.6860794425010681
defaultName276587_91.jpg,756.080904006958,736.4539575576782,0.7000749111175537,0.6819018125534058,746.2674307823181,0.6909883618354797
defaultName276587_92.jpg,751.8661451339722,733.1054663658142,0.6961723566055298,0.6788013577461243,742.4858057498932,0.687486857175827
defaultName276587_93.jpg,749.0121030807495,730.8074140548706,0.6935297250747681,0.6766735315322876,739.9097585678101,0.6851016283035278
defaultName276587_94.jpg,754.5206308364868,735.221471786499,0.6986302137374878,0.6807606220245361,744.8710513114929,0.689695417881012
defaultName276587_95.jpg,750.1977896690369,731.7723655700684,0.694627583026886,0.6775670051574707,740.9850776195526,0.6860972940921783
defaultName276587_96.jpg,756.1019539833069,736.4815092086792,0.7000944018363953,0.6819273233413696,746.291731595993,0.6910108625888824
defaultName276587_97.jpg,752.0467114448547,733.26176404953,0.6963395476341248,0.6789460778236389,742.6542377471924,0.6876428127288818
defaultName276587_98.jpg,748.7629795074463,730.6153893470764,0.6932990550994873,0.6764957308769226,739.6891844272614,0.684897392988205
defaultName276587_99.jpg,754.6019983291626,735.3004574775696,0.6987055540084839,0.6808337569236755,744.9512279033661,0.6897696554660797
defaultName_0.jpg,719.2777562141418,714.5065569877625,0.6659979224205017,0.6615801453590393,716.8921566009521,0.6637890338897705
defaultName_1.jpg,714.9255609512329,710.7603693008423,0.6619681119918823,0.6581114530563354,712.8429651260376,0.6600397825241089
defaultName_10.jpg,719.4596743583679,715.2356457710266,0.666166365146637,0.6622552275657654,717.3476600646973,0.6642107963562012
defaultName_100.jpg,773.1633138656616,747.3258519172668,0.71589195728302,0.6919683814048767,760.2445828914642,0.7039301693439484
defaultName_101.jpg,768.8060975074768,743.8097333908081,0.7118574976921082,0.6887127161026001,756.3079154491425,0.7002851068973541
defaultName_102.jpg,774.3070936203003,748.1738376617432,0.7169510126113892,0.6927535533905029,761.2404656410217,0.704852283000946
defaultName_103.jpg,770.0185632705688,744.7112131118774,0.7129801511764526,0.6895474195480347,757.3648881912231,0.7012637853622437
defaultName_104.jpg,772.9916310310364,747.0621800422668,0.715732991695404,0.6917242407798767,760.0269055366516,0.7037286162376404
defaultName_105.jpg,772.4711751937866,746.6173624992371,0.715251088142395,0.6913123726844788,759.5442688465118,0.7032817304134369
defaultName_106.jpg,768.217921257019,743.1785559654236,0.7113128900527954,0.6881282925605774,755.6982386112213,0.6997205913066864
defaultName_107.jpg,773.7756943702698,747.5874638557434,0.7164589762687683,0.6922106146812439,760.6815791130066,0.7043347954750061
defaultName_108.jpg,769.6347069740295,744.2651081085205,0.712624728679657,0.6891343593597412,756.949907541275,0.7008795440196991
defaultName_109.jpg,772.4884915351868,746.4869427680969,0.7152671217918396,0.6911916136741638,759.4877171516418,0.7032293677330017
defaultName_11.jpg,715.033643245697,711.4106011390686,0.6620681881904602,0.6587135195732117,713.2221221923828,0.6603908538818359
defaultName_110.jpg,772.0979404449463,746.1554861068726,0.7149055004119873,0.6908847093582153,759.1267132759094,0.7028951048851013
defaultName_111.jpg,767.9578542709351,742.8291392326355,0.7110720872879028,0.6878047585487366,755.3934967517853,0.6994384229183197
defaultName_112.jpg,773.3129167556763,747.0466661453247,0.716030478477478,0.6917098760604858,760.1797914505005,0.7038701772689819
defaultName_113.jpg,769.0866994857788,743.6784768104553,0.7121173143386841,0.6885911822319031,756.3825881481171,0.7003542482852936
defaultName_114.jpg,771.8960666656494,745.8853125572205,0.7147185802459717,0.690634548664093,758.8906896114349,0.7026765644550323
defaultName_115.jpg,771.5763902664185,745.591835975647,0.7144225835800171,0.690362811088562,758.5841131210327,0.7023926973342896
defaultName_116.jpg,767.4964284896851,742.3212361335754,0.7106448411941528,0.6873344779014587,754.9088323116302,0.6989896595478058
defaultName_117.jpg,773.0065011978149,746.6550850868225,0.7157467603683472,0.6913473010063171,759.8307931423187,0.7035470306873322
defaultName_118.jpg,768.9045238494873,743.3874464035034,0.7119486331939697,0.6883217096328735,756.1459851264954,0.7001351714134216
defaultName_119.jpg,771.5969252586365,745.4943108558655,0.7144415974617004,0.6902725100517273,758.545618057251,0.7023570537567139
defaultName_12.jpg,720.8317852020264,716.5503358840942,0.6674368381500244,0.6634725332260132,718.6910605430603,0.6654546856880188
defaultName_120.jpg,771.0697746276855,745.0645565986633,0.7139534950256348,0.6898745894432068,758.0671656131744,0.7019140422344208
defaultName_121.jpg,766.7965650558472,741.619827747345,0.7099968194961548,0.6866850256919861,754.2081964015961,0.6983409225940704
defaultName_122.jpg,772.3171305656433,745.9751772880554,0.7151084542274475,0.6907177567481995,759.1461539268494,0.7029131054878235
defaultName_123.jpg,768.0569887161255,742.5746083259583,0.7111638784408569,0.6875690817832947,755.3157985210419,0.6993664801120758
defaultName_124.jpg,770.4494762420654,744.4449663162231,0.7133791446685791,0.6893008947372437,757.4472212791443,0.7013400197029114
defaultName_125.jpg,769.7074484825134,743.8248610496521,0.7126920819282532,0.6887267231941223,756.7661547660828,0.7007094025611877
defaultName_126.jpg,765.0319719314575,740.0808620452881,0.7083629369735718,0.6852600574493408,752.5564169883728,0.6968114972114563
defaultName_127.jpg,770.4473519325256,744.350917339325,0.7133771777153015,0.6892138123512268,757.3991346359253,0.7012954950332642
defaultName_128.jpg,766.0997915267944,740.8667922019958,0.709351658821106,0.6859877705574036,753.4832918643951,0.6976697146892548
defaultName_129.jpg,768.8486480712891,743.009512424469,0.7118968963623047,0.6879717707633972,755.929080247879,0.699934333562851
defaultName_13.jpg,716.7122983932495,712.9854869842529,0.6636224985122681,0.6601717472076416,714.8488926887512,0.6618971228599548
defaultName_130.jpg,768.6060261726379,742.7987551689148,0.7116722464561462,0.6877766251564026,755.7023906707764,0.6997244358062744
defaultName_131.jpg,764.2790651321411,739.3276977539062,0.7076658010482788,0.6845626831054688,751.8033814430237,0.6961142420768738
defaultName_132.jpg,769.8294997215271,743.7040328979492,0.7128050923347473,0.6886148452758789,756.7667663097382,0.7007099688053131
defaultName_133.jpg,765.6366920471191,740.3662276268005,0.7089228630065918,0.6855242848396301,753.0014598369598,0.697223573923111
defaultName_134.jpg,768.4685254096985,742.5975894927979,0.711544930934906,0.6875903606414795,755.5330574512482,0.6995676457881927
defaultName_135.jpg,768.4668517112732,742.5849080085754,0.7115433812141418,0.6875786185264587,755.5258798599243,0.6995609998703003
defaultName_136.jpg,764.3181395530701,739.2604279518127,0.7077019810676575,0.6845003962516785,751.7892837524414,0.696101188659668
defaultName_137.jpg,769.9823212623596,743.723087310791,0.7129465937614441,0.6886324882507324,756.8527042865753,0.7007895410060883
defaultName_138.jpg,765.8726835250854,740.4470157623291,0.7091413736343384,0.6855990886688232,753.1598496437073,0.6973702311515808
defaultName_139.jpg,768.3833599090576,742.4065947532654,0.7114660739898682,0.6874135136604309,755.3949773311615,0.6994397938251495
defaultName_14.jpg,720.9529995918274,716.7396569252014,0.6675490736961365,0.6636478304862976,718.8463282585144,0.665598452091217
defaultName_140.jpg,768.3789825439453,742.3652672767639,0.7114620208740234,0.6873752474784851,755.3721249103546,0.6994186341762543
defaultName_141.jpg,764.1270804405212,738.9713931083679,0.7075250744819641,0.684232771396637,751.5492367744446,0.6958789229393005
defaultName_142.jpg,769.5844960212708,743.2606959342957,0.7125782370567322,0.6882043480873108,756.4225959777832,0.7003912925720215
defaultName_143.jpg,765.1315569877625,739.713613986969,0.7084551453590393,0.6849200129508972,752.4225854873657,0.6966875791549683
defaultName_144.jpg,767.5020289421082,741.5596389770508,0.7106500267982483,0.6866292953491211,754.5308339595795,0.6986396610736847
defaultName_145.jpg,767.5290656089783,741.5604758262634,0.710675060749054,0.6866300702095032,754.5447707176208,0.6986525654792786
defaultName_146.jpg,763.1670212745667,738.0639266967773,0.7066361308097839,0.6833925247192383,750.615473985672,0.6950143277645111
defaultName_147.jpg,768.7231850624084,742.430670261383,0.7117807269096375,0.6874358057975769,755.5769276618958,0.6996082663536072
defaultName_148.jpg,764.630606174469,739.2000460624695,0.7079913020133972,0.6844444870948792,751.9153261184692,0.6962178945541382
defaultName_149.jpg,766.8691778182983,740.9358644485474,0.7100640535354614,0.6860517263412476,753.9025211334229,0.6980578899383545
defaultName_15.jpg,719.3626642227173,715.3647136688232,0.6660765409469604,0.66237473487854,717.3636889457703,0.6642256379127502
defaultName_150.jpg,766.9444942474365,740.9912252426147,0.7101337909698486,0.6861029863357544,753.9678597450256,0.6981183886528015
defaultName_151.jpg,762.6457285881042,737.5632977485657,0.7061534523963928,0.6829289793968201,750.104513168335,0.6945412158966064
defaultName_152.jpg,768.3926296234131,742.1048140525818,0.7114746570587158,0.6871340870857239,755.2487218379974,0.6993043720722198
defaultName_153.jpg,764.2860174179077,738.8544917106628,0.7076722383499146,0.6841245293617249,751.5702545642853,0.6958983838558197
defaultName_154.jpg,766.6591930389404,740.7235622406006,0.7098696231842041,0.6858551502227783,753.6913776397705,0.6978623867034912
defaultName_155.jpg,766.835253238678,740.8528876304626,0.7100326418876648,0.6859748959541321,753.8440704345703,0.6980037689208984
defaultName_156.jpg,762.6920127868652,737.5715374946594,0.7061963081359863,0.6829366087913513,750.1317751407623,0.6945664584636688
defaultName_157.jpg,768.4916996955872,742.1596598625183,0.7115663886070251,0.6871848702430725,755.3256797790527,0.6993756294250488
defaultName_158.jpg,764.4548678398132,738.9851689338684,0.7078285813331604,0.6842455267906189,751.7200183868408,0.6960370540618896
defaultName_159.jpg,766.7424917221069,740.7756400108337,0.7099467515945435,0.6859033703804016,753.7590658664703,0.6979250609874725
defaultName_16.jpg,715.0709795951843,711.6103506088257,0.6621027588844299,0.6588984727859497,713.340665102005,0.6605006158351898
defaultName_160.jpg,766.979706287384,740.9762907028198,0.7101663947105408,0.6860891580581665,753.9779984951019,0.6981277763843536
defaultName_161.jpg,762.7035999298096,737.5925874710083,0.7062070369720459,0.6829560995101929,750.1480937004089,0.6945815682411194
defaultName_162.jpg,768.2761788368225,741.9884276390076,0.7113668322563171,0.68702632188797,755.132303237915,0.6991965770721436
defaultName_163.jpg,764.1592669487,738.781943321228,0.7075548768043518,0.684057354927063,751.470605134964,0.6958061158657074
defaultName_164.jpg,766.3814878463745,740.5450558662415,0.7096124887466431,0.6856898665428162,753.463271856308,0.6976511776447296
defaultName_165.jpg,766.7717814445496,740.8694314956665,0.7099738717079163,0.6859902143478394,753.820606470108,0.6979820430278778
defaultName_166.jpg,762.5877285003662,737.5767517089844,0.7060997486114502,0.6829414367675781,750.0822401046753,0.6945205926895142
defaultName_167.jpg,768.2912421226501,742.1144700050354,0.7113807797431946,0.6871430277824402,755.2028560638428,0.6992619037628174
defaultName_168.jpg,764.2304635047913,738.9509868621826,0.7076207995414734,0.6842138767242432,751.5907251834869,0.6959173381328583
defaultName_169.jpg,766.3491725921631,740.6810760498047,0.7095825672149658,0.6858158111572266,753.5151243209839,0.6976991891860962
defaultName_17.jpg,721.1120009422302,716.956787109375,0.6676962971687317,0.663848876953125,719.0343940258026,0.6657725870609283
defaultName_170.jpg,766.9473266601562,741.1776494979858,0.7101364135742188,0.6862756013870239,754.062488079071,0.6982060074806213
defaultName_171.jpg,762.9009032249451,738.0245304107666,0.7063897252082825,0.6833560466766357,750.4627168178558,0.6948728859424591
defaultName_172.jpg,768.7340641021729,742.7061867713928,0.7117908000946045,0.6876909136772156,755.7201254367828,0.69974085688591
defaultName_173.jpg,764.5806527137756,739.5017623901367,0.7079450488090515,0.6847238540649414,752.0412075519562,0.6963344514369965
defaultName_174.jpg,766.8940258026123,741.4117741584778,0.7100870609283447,0.686492383480072,754.152899980545,0.6982897222042084
defaultName_175.jpg,767.6475119590759,742.065417766571,0.7107847332954407,0.6870976090431213,754.8564648628235,0.698941171169281
defaultName_176.jpg,763.7539100646973,739.0460658073425,0.7071795463562012,0.6843019127845764,751.3999879360199,0.6957407295703888
defaultName_177.jpg,769.8213887214661,743.9238667488098,0.7127975821495056,0.6888183951377869,756.8726277351379,0.7008079886436462
defaultName_178.jpg,765.8008432388306,740.7917332649231,0.709074854850769,0.6859182715415955,753.2962882518768,0.6974965631961823
defaultName_179.jpg,767.9590129852295,742.5441598892212,0.7110731601715088,0.6875408887863159,755.2515864372253,0.6993070244789124
defaultName_18.jpg,716.996762752533,713.3522844314575,0.6638858914375305,0.6605113744735718,715.1745235919952,0.6621986329555511
defaultName_180.jpg,768.7195801734924,743.1795859336853,0.71177738904953,0.6881292462348938,755.9495830535889,0.6999533176422119
defaultName_181.jpg,764.5420289039612,739.8820781707764,0.7079092860221863,0.6850759983062744,752.2120535373688,0.6964926421642303
defaultName_182.jpg,770.5181622505188,744.6488356590271,0.7134427428245544,0.6894896626472473,757.583498954773,0.7014662027359009
defaultName_183.jpg,766.445152759552,741.4522647857666,0.7096714377403259,0.6865298748016357,753.9487087726593,0.6981006562709808
defaultName_184.jpg,768.3428692817688,742.9537010192871,0.7114285826683044,0.687920093536377,755.648285150528,0.6996743381023407
defaultName_185.jpg,769.0183353424072,743.5134243965149,0.7120540142059326,0.688438355922699,756.2658798694611,0.7002461850643158
defaultName_186.jpg,764.7932767868042,740.1677012443542,0.7081419229507446,0.6853404641151428,752.4804890155792,0.6967411935329437
defaultName_187.jpg,770.4747748374939,744.6752285957336,0.7134025692939758,0.6895141005516052,757.5750017166138,0.7014583349227905
defaultName_188.jpg,766.253514289856,741.3485598564148,0.7094939947128296,0.6864338517189026,753.8010370731354,0.6979639232158661
defaultName_189.jpg,768.0580830574036,742.7817606925964,0.7111648917198181,0.6877608895301819,755.419921875,0.699462890625
defaultName_19.jpg,721.1525559425354,717.0399570465088,0.6677338480949402,0.6639258861541748,719.0962564945221,0.6658298671245575
defaultName_190.jpg,768.8930654525757,743.4580636024475,0.7119380235671997,0.6883870959281921,756.1755645275116,0.7001625597476959
defaultName_191.jpg,764.5072031021118,739.961256980896,0.7078770399093628,0.6851493120193481,752.2342300415039,0.6965131759643555
defaultName_192.jpg,770.1522660255432,744.455394744873,0.7131039500236511,0.6893105506896973,757.3038303852081,0.7012072503566742
defaultName_193.jpg,766.0154628753662,741.1949014663696,0.7092735767364502,0.6862915754318237,753.6051821708679,0.697782576084137
defaultName_194.jpg,767.8246665000916,742.6394319534302,0.7109487652778625,0.6876291036605835,755.2320492267609,0.699288934469223
defaultName_195.jpg,768.632161617279,743.271381855011,0.711696445941925,0.6882142424583435,755.951771736145,0.6999553442001343
defaultName_196.jpg,764.3388676643372,739.8567795753479,0.7077211737632751,0.6850525736808777,752.0978236198425,0.6963868737220764
defaultName_197.jpg,770.0672292709351,744.4187664985657,0.7130252122879028,0.6892766356468201,757.2429978847504,0.7011509239673615
defaultName_198.jpg,765.921413898468,741.1399912834167,0.7091864943504333,0.6862407326698303,753.5307025909424,0.6977136135101318
defaultName_199.jpg,767.6215052604675,742.4951720237732,0.7107606530189514,0.6874955296516418,755.0583386421204,0.6991280913352966
defaultName_2.jpg,721.1626625061035,716.301019191742,0.6677432060241699,0.6632416844367981,718.7318408489227,0.665492445230484
defaultName_20.jpg,719.8033618927002,715.8835601806641,0.6664845943450928,0.6628551483154297,717.8434610366821,0.6646698713302612
defaultName_21.jpg,715.7238507270813,712.3107290267944,0.6627072691917419,0.659546971321106,714.0172898769379,0.661127120256424
defaultName_22.jpg,721.5029382705688,717.4196934700012,0.6680582761764526,0.6642774939537048,719.461315870285,0.6661678850650787
defaultName_23.jpg,717.6872277259827,714.1209626197815,0.6645252108573914,0.6612231135368347,715.9040951728821,0.662874162197113
defaultName_24.jpg,777.2332334518433,760.7712507247925,0.7196604013442993,0.7044178247451782,769.0022420883179,0.7120391130447388
defaultName_25.jpg,783.5284638404846,763.1981134414673,0.7254893183708191,0.7066649198532104,773.363288640976,0.7160771191120148
defaultName_26.jpg,779.2054295539856,757.061755657196,0.721486508846283,0.7009831070899963,768.1335926055908,0.7112348079681396
defaultName_27.jpg,783.4792828559875,759.5771312713623,0.7254437804222107,0.7033121585845947,771.5282070636749,0.7143779695034027
defaultName_28.jpg,779.7625780105591,755.9652900695801,0.722002387046814,0.6999678611755371,767.8639340400696,0.7109851241111755
defaultName_29.jpg,782.7299165725708,757.7885270118713,0.7247499227523804,0.7016560435295105,770.2592217922211,0.7132029831409454
defaultName_3.jpg,717.2095799446106,712.9106211662292,0.664082944393158,0.6601024270057678,715.0601005554199,0.6620926856994629
defaultName_30.jpg,781.326584815979,756.082513332367,0.7234505414962769,0.7000764012336731,768.704549074173,0.711763471364975
defaultName_31.jpg,777.2840881347656,752.3560881614685,0.7197074890136719,0.6966260075569153,764.8200881481171,0.7081667482852936
defaultName_32.jpg,782.2232365608215,756.1478519439697,0.7242807745933533,0.7001368999481201,769.1855442523956,0.7122088372707367
defaultName_33.jpg,778.333625793457,752.8627681732178,0.7206792831420898,0.6970951557159424,765.5981969833374,0.7088872194290161
defaultName_34.jpg,781.4440011978149,755.2139925956726,0.7235592603683472,0.6992722153663635,768.3289968967438,0.7114157378673553
defaultName_35.jpg,779.8141407966614,753.8118839263916,0.722050130367279,0.6979739665985107,766.8130123615265,0.7100120484828949
defaultName_36.jpg,775.6101965904236,750.380609035492,0.7181575894355774,0.6947968602180481,762.9954028129578,0.7064772248268127
defaultName_37.jpg,780.7357692718506,754.4472455978394,0.7229034900665283,0.6985622644424438,767.591507434845,0.7107328772544861
defaultName_38.jpg,776.7161893844604,751.2139177322388,0.7191816568374634,0.6955684423446655,763.9650535583496,0.7073750495910645
defaultName_39.jpg,780.1779127120972,753.9697909355164,0.7223869562149048,0.6981201767921448,767.0738518238068,0.7102535665035248
defaultName_4.jpg,721.5088605880737,716.7477035522461,0.668063759803772,0.6636552810668945,719.1282820701599,0.6658595204353333
defaultName_40.jpg,778.9191627502441,752.991771697998,0.7212214469909668,0.6972146034240723,765.9554672241211,0.7092180252075195
defaultName_41.jpg,774.5940685272217,749.5366787910461,0.7172167301177979,0.6940154433250427,762.0653736591339,0.7056160867214203
defaultName_42.jpg,780.0227737426758,753.9120483398438,0.7222433090209961,0.6980667114257812,766.9674110412598,0.7101550102233887
defaultName_43.jpg,776.0575890541077,750.7630491256714,0.7185718417167664,0.6951509714126587,763.4103190898895,0.7068614065647125
defaultName_44.jpg,779.6805024147034,753.6567449569702,0.7219263911247253,0.697830319404602,766.6686236858368,0.7098783552646637
defaultName_45.jpg,778.7225031852722,752.9324841499329,0.721039354801178,0.6971597075462341,765.8274936676025,0.709099531173706
defaultName_46.jpg,774.7441220283508,749.7482085227966,0.7173556685447693,0.6942113041877747,762.2461652755737,0.705783486366272
defaultName_47.jpg,780.3233313560486,754.2143440246582,0.7225216031074524,0.6983466148376465,767.2688376903534,0.7104341089725494
defaultName_48.jpg,776.5029859542847,751.1814737319946,0.7189842462539673,0.6955384016036987,763.8422298431396,0.707261323928833
defaultName_49.jpg,780.0588226318359,754.015109539032,0.7222766876220703,0.6981621384620667,767.036966085434,0.7102194130420685
defaultName_5.jpg,719.8275661468506,715.3332996368408,0.6665070056915283,0.6623456478118896,717.5804328918457,0.664426326751709
defaultName_50.jpg,778.9999508857727,753.1854701042175,0.7212962508201599,0.6973939538002014,766.0927104949951,0.7093451023101807
defaultName_51.jpg,774.9614453315735,749.9624419212341,0.717556893825531,0.6944096684455872,762.4619436264038,0.7059832811355591
defaultName_52.jpg,780.0727915763855,754.0340352058411,0.7222896218299866,0.6981796622276306,767.0534133911133,0.7102346420288086
defaultName_53.jpg,775.9716510772705,750.7737350463867,0.7184922695159912,0.6951608657836914,763.3726930618286,0.7068265676498413
defaultName_54.jpg,779.3296694755554,753.4597635269165,0.7216015458106995,0.6976479291915894,766.394716501236,0.7096247375011444
defaultName_55.jpg,778.2478165626526,752.588152885437,0.7205998301506042,0.6968408823013306,765.4179847240448,0.7087203562259674
defaultName_56.jpg,774.0151619911194,749.1775417327881,0.7166807055473328,0.6936829090118408,761.5963518619537,0.7051818072795868
defaultName_57.jpg,779.5551037788391,753.6119413375854,0.7218102812767029,0.6977888345718384,766.5835225582123,0.7097995579242706
defaultName_58.jpg,775.3317832946777,750.2053213119507,0.7178997993469238,0.6946345567703247,762.7685523033142,0.7062671780586243
defaultName_59.jpg,778.684651851654,752.8902554512024,0.72100430727005,0.6971206068992615,765.7874536514282,0.7090624570846558
defaultName_6.jpg,715.5420613288879,711.6195559501648,0.6625389456748962,0.6589069962501526,713.5808086395264,0.6607229709625244
defaultName_60.jpg,777.4635601043701,751.8985891342163,0.7198736667633057,0.6962023973464966,764.6810746192932,0.7080380320549011
defaultName_61.jpg,773.179407119751,748.4125328063965,0.7159068584442139,0.6929745674133301,760.7959699630737,0.704440712928772
defaultName_62.jpg,778.7376308441162,752.8641843795776,0.7210533618927002,0.6970964670181274,765.8009076118469,0.7090749144554138
defaultName_63.jpg,774.6717667579651,749.5841860771179,0.7172886729240417,0.694059431552887,762.1279764175415,0.7056740522384644
defaultName_64.jpg,778.009443283081,752.2274708747864,0.720379114151001,0.696506917476654,765.1184570789337,0.7084430158138275
defaultName_65.jpg,777.0187425613403,751.410641670227,0.7194617986679077,0.6957505941390991,764.2146921157837,0.7076061964035034
defaultName_66.jpg,772.8097128868103,747.9954600334167,0.7155645489692688,0.6925883889198303,760.4025864601135,0.7040764689445496
defaultName_67.jpg,778.4802031517029,752.524037361145,0.7208150029182434,0.6967815160751343,765.502120256424,0.7087982594966888
defaultName_68.jpg,774.3721103668213,749.2016172409058,0.7170112133026123,0.6937052011489868,761.7868638038635,0.7053582072257996
defaultName_69.jpg,777.8253364562988,751.9483494758606,0.7202086448669434,0.696248471736908,764.8868429660797,0.7082285583019257
defaultName_7.jpg,721.2879323959351,716.7207312583923,0.6678591966629028,0.6636303067207336,719.0043318271637,0.6657447516918182
defaultName_70.jpg,776.928813457489,751.2155914306641,0.7193785309791565,0.6955699920654297,764.0722024440765,0.7074742615222931
defaultName_71.jpg,772.6663541793823,747.74498462677,0.715431809425354,0.6923564672470093,760.2056694030762,0.7038941383361816
defaultName_72.jpg,778.1366443634033,752.1207404136658,0.7204968929290771,0.6964080929756165,765.1286923885345,0.7084524929523468
defaultName_73.jpg,774.0578413009644,748.8279962539673,0.7167202234268188,0.6933592557907104,761.4429187774658,0.7050397396087646
defaultName_74.jpg,777.4710273742676,751.5529704093933,0.7198805809020996,0.6958823800086975,764.5119988918304,0.7078814804553986
defaultName_75.jpg,776.5165686607361,750.7683277130127,0.7189968228340149,0.6951558589935303,763.6424481868744,0.7070763409137726
defaultName_76.jpg,772.2489595413208,747.2943735122681,0.7150453329086304,0.6919392347335815,759.7716665267944,0.703492283821106
defaultName_77.jpg,777.6730298995972,751.642963886261,0.7200676202774048,0.6959657073020935,764.6579968929291,0.7080166637897491
defaultName_78.jpg,773.4439158439636,748.2248854637146,0.716151773929596,0.6928008198738098,760.8344006538391,0.7044762969017029
defaultName_79.jpg,776.6097807884216,750.7387804985046,0.7190831303596497,0.6951285004615784,763.6742806434631,0.707105815410614
defaultName_8.jpg,717.1589183807373,713.1493163108826,0.6640360355377197,0.660323441028595,715.1541173458099,0.6621797382831573
defaultName_80.jpg,775.6022143363953,749.8902153968811,0.7181501984596252,0.6943427920341492,762.7462148666382,0.7062464952468872
defaultName_81.jpg,771.3450980186462,746.4353799819946,0.7142084240913391,0.6911438703536987,758.8902390003204,0.7026761472225189
defaultName_82.jpg,776.6449284553528,750.6619191169739,0.719115674495697,0.6950573325157166,763.6534237861633,0.7070865035057068
defaultName_83.jpg,772.3672771453857,747.2180914878845,0.7151548862457275,0.6918686032295227,759.7926843166351,0.7035117447376251
defaultName_84.jpg,775.509774684906,749.7113227844238,0.7180646061897278,0.6941771507263184,762.6105487346649,0.7061208784580231
defaultName_85.jpg,774.8821377754211,749.1878414154053,0.7174834609031677,0.6936924457550049,762.0349895954132,0.7055879533290863
defaultName_86.jpg,770.7419228553772,745.8174633979797,0.7136499285697937,0.6905717253684998,758.2796931266785,0.7021108269691467
defaultName_87.jpg,776.4897894859314,750.4053926467896,0.7189720273017883,0.6948198080062866,763.4475910663605,0.7068959176540375
defaultName_88.jpg,772.3020029067993,747.0249080657959,0.7150944471359253,0.6916897296905518,759.6634554862976,0.7033920884132385
defaultName_89.jpg,775.4376125335693,749.5077109336853,0.7179977893829346,0.6939886212348938,762.4726617336273,0.7059932053089142
defaultName_9.jpg,721.1963939666748,716.7263960838318,0.6677744388580322,0.6636355519294739,718.9613950252533,0.665704995393753
defaultName_90.jpg,774.6807146072388,748.8708686828613,0.7172969579696655,0.6933989524841309,761.77579164505,0.7053479552268982
defaultName_91.jpg,770.5209302902222,745.5105328559875,0.7134453058242798,0.6902875304222107,758.0157315731049,0.7018664181232452
defaultName_92.jpg,775.9925079345703,749.8506903648376,0.7185115814208984,0.6943061947822571,762.921599149704,0.7064088881015778
defaultName_93.jpg,771.7433738708496,746.4141368865967,0.7145771980285645,0.6911242008209229,759.0787553787231,0.7028506994247437
defaultName_94.jpg,774.7284150123596,748.7793946266174,0.7173411250114441,0.693314254283905,761.7539048194885,0.7053276896476746
defaultName_95.jpg,773.8692927360535,748.0570650100708,0.7165456414222717,0.6926454305648804,760.9631788730621,0.704595535993576
defaultName_96.jpg,769.655499458313,744.6490287780762,0.7126439809799194,0.6894898414611816,757.1522641181946,0.7010669112205505
defaultName_97.jpg,775.1446509361267,749.0092706680298,0.7177265286445618,0.693527102470398,762.0769608020782,0.7056268155574799
defaultName_98.jpg,770.971348285675,745.6469392776489,0.7138623595237732,0.6904138326644897,758.309143781662,0.7021380960941315
defaultName_99.jpg,773.8379430770874,747.9001879692078,0.7165166139602661,0.6925001740455627,760.8690655231476,0.7045083940029144
defaultNamew276_0.jpg,724.0841031074524,713.9500522613525,0.6704482436180115,0.661064863204956,719.0170776844025,0.6657565534114838
defaultNamew276_1.jpg,728.8111424446106,719.1119313240051,0.674825131893158,0.6658443808555603,723.9615368843079,0.6703347563743591
defaultNamew276_10.jpg,721.4027738571167,712.182948589325,0.6679655313491821,0.6594286561012268,716.7928612232208,0.6636970937252045
defaultNamew276_100.jpg,715.2294015884399,711.0792088508606,0.6622494459152222,0.658406674861908,713.1543052196503,0.6603280603885651
defaultNamew276_101.jpg,722.5157833099365,716.8720722198486,0.6689960956573486,0.6637704372406006,719.6939277648926,0.6663832664489746
defaultNamew276_102.jpg,718.8948655128479,714.1057062149048,0.6656433939933777,0.661208987236023,716.5002858638763,0.6634261906147003
defaultNamew276_103.jpg,714.4404458999634,710.7199430465698,0.661518931388855,0.6580740213394165,712.5801944732666,0.6597964763641357
defaultNamew276_104.jpg,719.79647397995,714.8523044586182,0.6664782166481018,0.6619002819061279,717.3243892192841,0.6641892492771149
defaultNamew276_105.jpg,714.5674538612366,710.1617646217346,0.6616365313529968,0.6575571894645691,712.3646092414856,0.659596860408783
defaultNamew276_106.jpg,725.6399345397949,720.8277297019958,0.6718888282775879,0.6674330830574036,723.2338321208954,0.6696609556674957
defaultNamew276_107.jpg,718.4528803825378,714.1285586357117,0.6652341485023499,0.6612301468849182,716.2907195091248,0.663232147693634
defaultNamew276_108.jpg,712.3740077018738,708.2882523536682,0.6596055626869202,0.6558224558830261,710.331130027771,0.6577140092849731
defaultNamew276_109.jpg,722.5466823577881,718.2042074203491,0.6690247058868408,0.6650038957595825,720.3754448890686,0.6670143008232117
defaultNamew276_11.jpg,728.2427287101746,718.527102470398,0.6742988228797913,0.6653028726577759,723.3849155902863,0.6698008477687836
defaultNamew276_110.jpg,717.1081924438477,713.3661246299744,0.6639890670776367,0.6605241894721985,715.237158536911,0.6622566282749176
defaultNamew276_111.jpg,721.7980885505676,716.665563583374,0.6683315634727478,0.6635792255401611,719.2318260669708,0.6659553945064545
defaultNamew276_112.jpg,719.7508335113525,715.6509160995483,0.666435956954956,0.6626397371292114,717.7008748054504,0.6645378470420837
defaultNamew276_113.jpg,717.7648615837097,714.3135666847229,0.6645970940589905,0.6614014506340027,716.0392141342163,0.6629992723464966
defaultNamew276_114.jpg,721.5787053108215,716.8071842193604,0.6681284308433533,0.663710355758667,719.1929447650909,0.6659193933010101
defaultNamew276_115.jpg,716.5263891220093,712.4336171150208,0.6634503602981567,0.6596607565879822,714.480003118515,0.6615555584430695
defaultNamew276_116.jpg,730.2866363525391,725.4543471336365,0.6761913299560547,0.6717169880867004,727.8704917430878,0.6739541590213776
defaultNamew276_117.jpg,724.4765853881836,720.3679132461548,0.670811653137207,0.667007327079773,722.4222493171692,0.66890949010849
defaultNamew276_118.jpg,714.4031739234924,710.6375455856323,0.66148442029953,0.657997727394104,712.5203597545624,0.659741073846817
defaultNamew276_119.jpg,721.9135093688965,717.2787165641785,0.6684384346008301,0.6641469597816467,719.5961129665375,0.6662926971912384
defaultNamew276_12.jpg,726.3221597671509,715.898494720459,0.6725205183029175,0.6628689765930176,721.1103272438049,0.6676947474479675
defaultNamew276_120.jpg,715.4782676696777,711.5674781799316,0.6624798774719238,0.6588587760925293,713.5228729248047,0.6606693267822266
defaultNamew276_121.jpg,723.4715294837952,718.6526942253113,0.6698810458183289,0.6654191613197327,721.0621118545532,0.6676501035690308
defaultNamew276_122.jpg,718.7737798690796,714.6082019805908,0.6655312776565552,0.6616742610931396,716.6909909248352,0.6636027693748474
defaultNamew276_123.jpg,712.8385877609253,709.2531394958496,0.6600357294082642,0.6567158699035645,711.0458636283875,0.6583757996559143
defaultNamew276_124.jpg,720.4854583740234,716.0934162139893,0.6671161651611328,0.6630494594573975,718.2894372940063,0.6650828123092651
defaultNamew276_125.jpg,714.6144461631775,710.8416724205017,0.6616800427436829,0.6581867337226868,712.7280592918396,0.6599333882331848
defaultNamew276_126.jpg,722.005820274353,717.3515224456787,0.668523907661438,0.6642143726348877,719.6786713600159,0.6663691401481628
defaultNamew276_127.jpg,717.9617786407471,713.8716459274292,0.6647794246673584,0.6609922647476196,715.9167122840881,0.662885844707489
defaultNamew276_128.jpg,711.8492388725281,708.3336353302002,0.6591196656227112,0.6558644771575928,710.0914371013641,0.657492071390152
defaultNamew276_129.jpg,719.5534014701843,715.3076791763306,0.6662531495094299,0.662321925163269,717.4305403232574,0.6642875373363495
defaultNamew276_13.jpg,719.6626424789429,710.6157231330872,0.6663542985916138,0.6579775214195251,715.139182806015,0.6621659100055695
defaultNamew276_130.jpg,714.0139746665955,710.3312587738037,0.661124050617218,0.6577141284942627,712.1726167201996,0.6594190895557404
defaultNamew276_131.jpg,721.3304829597473,716.8282341957092,0.6678985953330994,0.6637298464775085,719.0793585777283,0.665814220905304
defaultNamew276_132.jpg,717.9092502593994,713.8300609588623,0.6647307872772217,0.6609537601470947,715.8696556091309,0.6628422737121582
defaultNamew276_133.jpg,712.2831773757935,708.7745261192322,0.6595214605331421,0.6562727093696594,710.5288517475128,0.6578970849514008
defaultNamew276_134.jpg,720.4161286354065,716.0873651504517,0.6670519709587097,0.6630438566207886,718.2517468929291,0.6650479137897491
defaultNamew276_135.jpg,714.8428416252136,711.0805606842041,0.661891520023346,0.6584079265594482,712.9617011547089,0.6601497232913971
defaultNamew276_136.jpg,722.1716451644897,717.60174036026,0.6686774492263794,0.6644460558891296,719.8866927623749,0.6665617525577545
defaultNamew276_137.jpg,718.8892650604248,714.7579979896545,0.6656382083892822,0.661812961101532,716.8236315250397,0.6637255847454071
defaultNamew276_138.jpg,713.424961566925,709.8128628730774,0.6605786681175232,0.6572341322898865,711.6189122200012,0.6589064002037048
defaultNamew276_139.jpg,721.6240239143372,717.1719861030579,0.6681703925132751,0.6640481352806091,719.3980050086975,0.6661092638969421
defaultNamew276_14.jpg,723.6638760566711,715.2094459533691,0.6700591444969177,0.6622309684753418,719.4366610050201,0.6661450564861298
defaultNamew276_140.jpg,716.1359024047852,712.277512550354,0.6630887985229492,0.6595162153244019,714.2067074775696,0.6613025069236755
defaultNamew276_141.jpg,722.8997683525085,718.2666492462158,0.6693516373634338,0.6650617122650146,720.5832087993622,0.6672066748142242
defaultNamew276_142.jpg,719.4279384613037,715.2586913108826,0.6661369800567627,0.662276566028595,717.3433148860931,0.6642067730426788
defaultNamew276_143.jpg,713.4210348129272,709.8272180557251,0.6605750322341919,0.6572474241256714,711.6241264343262,0.6589112281799316
defaultNamew276_144.jpg,720.7759737968445,716.4628529548645,0.6673851609230042,0.6633915305137634,718.6194133758545,0.6653883457183838
defaultNamew276_145.jpg,714.9138450622559,711.1655330657959,0.6619572639465332,0.6584866046905518,713.0396890640259,0.6602219343185425
defaultNamew276_146.jpg,721.3477993011475,716.9612288475037,0.667914628982544,0.6638529896736145,719.1545140743256,0.6658838093280792
defaultNamew276_147.jpg,718.139898777008,714.0831756591797,0.6649443507194519,0.6611881256103516,716.1115372180939,0.6630662381649017
defaultNamew276_148.jpg,712.2570419311523,708.7692475318909,0.6594972610473633,0.6562678217887878,710.5131447315216,0.6578825414180756
defaultNamew276_149.jpg,719.9335241317749,715.7015776634216,0.6666051149368286,0.6626866459846497,717.8175508975983,0.6646458804607391
defaultNamew276_15.jpg,719.5887422561646,711.6677713394165,0.6662858724594116,0.6589516401290894,715.6282567977905,0.6626187562942505
defaultNamew276_150.jpg,714.4529986381531,710.7493615150452,0.6615305542945862,0.6581012606620789,712.6011800765991,0.6598159074783325
defaultNamew276_151.jpg,720.7360625267029,716.4325332641602,0.6673482060432434,0.6633634567260742,718.5842978954315,0.6653558313846588
defaultNamew276_152.jpg,718.0351638793945,713.9792132377625,0.6648473739624023,0.6610918641090393,716.0071885585785,0.6629696190357208
defaultNamew276_153.jpg,712.0182824134827,708.539822101593,0.6592761874198914,0.6560553908348083,710.2790522575378,0.6576657891273499
defaultNamew276_154.jpg,719.4782137870789,715.2719521522522,0.6661835312843323,0.6622888445854187,717.3750829696655,0.6642361879348755
defaultNamew276_155.jpg,713.8229155540466,710.1565504074097,0.6609471440315247,0.6575523614883423,711.9897329807281,0.6592497527599335
defaultNamew276_156.jpg,719.9675130844116,715.7044744491577,0.66663658618927,0.6626893281936646,717.8359937667847,0.6646629571914673
defaultNamew276_157.jpg,717.5941443443298,713.5525488853455,0.6644390225410461,0.660696804523468,715.5733466148376,0.6625679135322571
defaultNamew276_158.jpg,712.0133256912231,708.5189008712769,0.6592715978622437,0.6560360193252563,710.26611328125,0.65765380859375
defaultNamew276_159.jpg,719.7866249084473,715.5448293685913,0.6664690971374512,0.6625415086746216,717.6657271385193,0.6645053029060364
defaultNamew276_16.jpg,729.7460317611694,718.8513493537903,0.675690770149231,0.6656031012535095,724.2986905574799,0.6706469357013702
defaultNamew276_160.jpg,714.29612159729,710.5731081962585,0.6613852977752686,0.6579380631446838,712.4346148967743,0.6596616804599762
defaultNamew276_161.jpg,720.2882194519043,715.9900331497192,0.666933536529541,0.6629537343978882,718.1391263008118,0.6649436354637146
defaultNamew276_162.jpg,718.1435036659241,714.0510535240173,0.6649476885795593,0.6611583828926086,716.0972785949707,0.663053035736084
defaultNamew276_163.jpg,712.7713823318481,709.1939806938171,0.6599735021591187,0.6566610932350159,710.9826815128326,0.6583172976970673
defaultNamew276_164.jpg,720.4815316200256,716.1624240875244,0.6671125292778015,0.6631133556365967,718.321977853775,0.6651129424571991
defaultNamew276_165.jpg,714.9173212051392,711.1209869384766,0.6619604825973511,0.6584453582763672,713.0191540718079,0.6602029204368591
defaultNamew276_166.jpg,720.0424432754517,715.7579684257507,0.6667059659957886,0.6627388596534729,717.9002058506012,0.6647224128246307
defaultNamew276_167.jpg,717.6200222969055,713.5509395599365,0.6644629836082458,0.6606953144073486,715.585480928421,0.6625791490077972
defaultNamew276_168.jpg,711.8456339836121,708.3395576477051,0.6591163277626038,0.6558699607849121,710.0925958156586,0.6574931442737579
defaultNamew276_169.jpg,719.3420004844666,715.118293762207,0.6660574078559875,0.6621465682983398,717.2301471233368,0.6641019880771637
defaultNamew276_17.jpg,721.4575552940369,713.402624130249,0.668016254901886,0.6605579853057861,717.430089712143,0.6642871201038361
defaultNamew276_170.jpg,713.7495946884155,710.0597333908081,0.6608792543411255,0.6574627161026001,711.9046640396118,0.6591709852218628
defaultNamew276_171.jpg,719.1773343086243,714.9662446975708,0.6659049391746521,0.6620057821273804,717.0717895030975,0.6639553606510162
defaultNamew276_172.jpg,717.2794246673584,713.2389879226685,0.6641476154327393,0.6604064702987671,715.2592062950134,0.6622770428657532
defaultNamew276_173.jpg,711.5786147117615,708.1094241142273,0.6588690876960754,0.6556568741798401,709.8440194129944,0.6572629809379578
defaultNamew276_174.jpg,719.1556406021118,714.9409461021423,0.6658848524093628,0.6619823575019836,717.0482933521271,0.6639336049556732
defaultNamew276_175.jpg,713.8138389587402,710.1167678833008,0.6609387397766113,0.6575155258178711,711.9653034210205,0.6592271327972412
defaultNamew276_176.jpg,719.0844440460205,714.8897695541382,0.6658189296722412,0.6619349718093872,716.9871068000793,0.6638769507408142
defaultNamew276_177.jpg,717.6803398132324,713.6092615127563,0.6645188331604004,0.6607493162155151,715.6448006629944,0.6626340746879578
defaultNamew276_178.jpg,712.1240472793579,708.5953760147095,0.6593741178512573,0.6561068296432495,710.3597116470337,0.6577404737472534
defaultNamew276_179.jpg,719.6952795982361,715.440673828125,0.6663845181465149,0.662445068359375,717.5679767131805,0.664414793252945
defaultNamew276_18.jpg,715.8249163627625,709.2564868927002,0.6628008484840393,0.6567189693450928,712.5407016277313,0.659759908914566
defaultNamew276_180.jpg,714.3255400657654,710.591197013855,0.6614125370979309,0.6579548120498657,712.4583685398102,0.6596836745738983
defaultNamew276_181.jpg,719.1401267051697,714.9386286735535,0.6658704876899719,0.6619802117347717,717.0393776893616,0.6639253497123718
defaultNamew276_182.jpg,717.8678584098816,713.7843561172485,0.6646924614906311,0.6609114408493042,715.8261072635651,0.6628019511699677
defaultNamew276_183.jpg,712.49760389328,708.9347505569458,0.6597200036048889,0.6564210653305054,710.7161772251129,0.6580705344676971
defaultNamew276_184.jpg,719.9455618858337,715.6697773933411,0.6666162610054016,0.6626572012901306,717.8076696395874,0.6646367311477661
defaultNamew276_185.jpg,714.6886682510376,710.9193062782288,0.6617487668991089,0.6582586169242859,712.8039872646332,0.6600036919116974
defaultNamew276_186.jpg,719.3670415878296,715.1433348655701,0.6660805940628052,0.6621697545051575,717.2551882266998,0.6641251742839813
defaultNamew276_187.jpg,718.5651469230652,714.4172716140747,0.6653380990028381,0.6614974737167358,716.49120926857,0.663417786359787
defaultNamew276_188.jpg,713.0801796913147,709.4617080688477,0.6602594256401062,0.6569089889526367,711.2709438800812,0.6585842072963715
defaultNamew276_189.jpg,720.3667545318604,716.0587191581726,0.667006254196167,0.6630173325538635,718.2127368450165,0.6650117933750153
defaultNamew276_19.jpg,726.853301525116,716.5608286857605,0.6730123162269592,0.6634822487831116,721.7070651054382,0.6682472825050354
defaultNamew276_190.jpg,714.4716668128967,710.7241916656494,0.661547839641571,0.6580779552459717,712.5979292392731,0.6598128974437714
defaultNamew276_191.jpg,717.9753613471985,713.8849711418152,0.664792001247406,0.6610046029090881,715.9301662445068,0.6628983020782471
defaultNamew276_192.jpg,717.1276330947876,713.1173229217529,0.6640070676803589,0.6602938175201416,715.1224780082703,0.6621504426002502
defaultNamew276_193.jpg,711.4942216873169,708.0466604232788,0.6587909460067749,0.6555987596511841,709.7704410552979,0.6571948528289795
defaultNamew276_194.jpg,718.9331674575806,714.756453037262,0.665678858757019,0.6618115305900574,716.8448102474213,0.6637451946735382
defaultNamew276_195.jpg,713.4459471702576,709.8039150238037,0.66059809923172,0.6572258472442627,711.6249310970306,0.6589119732379913
defaultNamew276_196.jpg,717.1763634681702,713.174421787262,0.6640521883964539,0.6603466868400574,715.1753926277161,0.6621994376182556
defaultNamew276_197.jpg,716.9882011413574,712.9995203018188,0.6638779640197754,0.6601847410202026,714.9938607215881,0.662031352519989
defaultNamew276_198.jpg,711.2168383598328,707.7879452705383,0.6585341095924377,0.6553592085838318,709.5023918151855,0.6569466590881348
defaultNamew276_199.jpg,718.7592959403992,714.5932674407959,0.6655178666114807,0.6616604328155518,716.6762816905975,0.6635891497135162
defaultNamew276_2.jpg,727.78156042099,716.6175413131714,0.6738718152046204,0.6635347604751587,722.1995508670807,0.6687032878398895
defaultNamew276_20.jpg,719.9947428703308,711.7328524589539,0.66666179895401,0.6590119004249573,715.8637976646423,0.6628368496894836
defaultNamew276_21.jpg,725.0366950035095,717.2301149368286,0.6713302731513977,0.6641019582748413,721.1334049701691,0.6677161157131195
defaultNamew276_22.jpg,723.3137512207031,714.4408321380615,0.6697349548339844,0.6615192890167236,718.8772916793823,0.665627121925354
defaultNamew276_23.jpg,717.4725437164307,709.4865560531616,0.6643264293670654,0.65693199634552,713.4795498847961,0.6606292128562927
defaultNamew276_24.jpg,720.4314494132996,713.6899852752686,0.6670661568641663,0.6608240604400635,717.0607173442841,0.6639451086521149
defaultNamew276_25.jpg,717.0172333717346,710.4738450050354,0.6639048457145691,0.6578461527824402,713.745539188385,0.6608754992485046
defaultNamew276_26.jpg,727.7400398254395,717.9021048545837,0.6738333702087402,0.6647241711616516,722.8210723400116,0.6692787706851959
defaultNamew276_27.jpg,717.6567792892456,711.4751029014587,0.6644970178604126,0.6587732434272766,714.5659410953522,0.6616351306438446
defaultNamew276_28.jpg,713.9833331108093,708.4392714500427,0.6610956788063049,0.6559622883796692,711.211302280426,0.6585289835929871
defaultNamew276_29.jpg,724.1528534889221,715.3885316848755,0.6705119013786316,0.6623967885971069,719.7706925868988,0.6664543449878693
defaultNamew276_3.jpg,721.4971446990967,711.3479661941528,0.6680529117584229,0.6586555242538452,716.4225554466248,0.663354218006134
defaultNamew276_30.jpg,717.6050233840942,710.4883289337158,0.6644490957260132,0.6578595638275146,714.046676158905,0.6611543297767639
defaultNamew276_31.jpg,722.6806426048279,715.9864282608032,0.6691487431526184,0.6629503965377808,719.3335354328156,0.6660495698451996
defaultNamew276_32.jpg,721.6916155815125,713.6357188224792,0.6682329773902893,0.6607738137245178,717.6636672019958,0.6645033955574036
defaultNamew276_33.jpg,715.0281071662903,708.3488273620605,0.6620630621910095,0.6558785438537598,711.6884672641754,0.6589708030223846
defaultNamew276_34.jpg,719.0236759185791,712.7551603317261,0.6657626628875732,0.6599584817886353,715.8894181251526,0.6628605723381042
defaultNamew276_35.jpg,714.6232652664185,709.0231347084045,0.6616882085800171,0.656502902507782,711.8231999874115,0.6590955555438995
defaultNamew276_36.jpg,725.2814412117004,716.7936015129089,0.6715568900108337,0.6636977791786194,721.0375213623047,0.6676273345947266
defaultNamew276_37.jpg,718.4355640411377,711.8881845474243,0.6652181148529053,0.6591557264328003,715.161874294281,0.6621869206428528
defaultNamew276_38.jpg,712.567126750946,707.4706506729126,0.6597843766212463,0.6550654172897339,710.0188887119293,0.6574248969554901
defaultNamew276_39.jpg,722.7176570892334,714.8009991645813,0.6691830158233643,0.6618527770042419,718.7593281269073,0.6655178964138031
defaultNamew276_4.jpg,725.8460569381714,716.2128925323486,0.6720796823501587,0.6631600856781006,721.02947473526,0.6676198840141296
defaultNamew276_40.jpg,715.2975082397461,709.1101026535034,0.6623125076293945,0.6565834283828735,712.2038054466248,0.659447968006134
defaultNamew276_41.jpg,722.8220701217651,716.2685108184814,0.6692796945571899,0.6632115840911865,719.5452904701233,0.6662456393241882
defaultNamew276_42.jpg,720.7545375823975,714.1709160804749,0.667365312576294,0.6612693667411804,717.4627268314362,0.6643173396587372
defaultNamew276_43.jpg,715.1585912704468,709.0114831924438,0.6621838808059692,0.6564921140670776,712.0850372314453,0.6593379974365234
defaultNamew276_44.jpg,721.2340521812439,714.9674034118652,0.6678093075752258,0.6620068550109863,718.1007277965546,0.6649080812931061
defaultNamew276_45.jpg,716.823148727417,711.2337040901184,0.6637251377105713,0.6585497260093689,714.0284264087677,0.6611374318599701
defaultNamew276_46.jpg,726.7588019371033,718.7661838531494,0.672924816608429,0.6655242443084717,722.7624928951263,0.6692245304584503
defaultNamew276_47.jpg,719.6339321136475,713.3232522010803,0.666327714920044,0.6604844927787781,716.4785921573639,0.663406103849411
defaultNamew276_48.jpg,714.0307116508484,709.0283489227295,0.6611395478248596,0.6565077304840088,711.5295302867889,0.6588236391544342
defaultNamew276_49.jpg,723.2592916488647,716.0065126419067,0.6696845293045044,0.6629689931869507,719.6329021453857,0.6663267612457275
defaultNamew276_5.jpg,721.6871094703674,712.4780344963074,0.668228805065155,0.6597018837928772,717.0825719833374,0.6639653444290161
defaultNamew276_50.jpg,716.7338633537292,710.4797673225403,0.6636424660682678,0.6578516364097595,713.6068153381348,0.6607470512390137
defaultNamew276_51.jpg,723.9002537727356,717.1320748329163,0.670278012752533,0.6640111804008484,720.5161643028259,0.6671445965766907
defaultNamew276_52.jpg,719.8920035362244,713.4568905830383,0.6665666699409485,0.6606082320213318,716.6744470596313,0.6635874509811401
defaultNamew276_53.jpg,714.0755152702332,708.1421256065369,0.6611810326576233,0.655687153339386,711.108820438385,0.6584340929985046
defaultNamew276_54.jpg,720.2408409118652,713.9696216583252,0.6668896675109863,0.6610829830169678,717.1052312850952,0.663986325263977
defaultNamew276_55.jpg,714.6412253379822,709.4724583625793,0.6617048382759094,0.6569189429283142,712.0568418502808,0.6593118906021118
defaultNamew276_56.jpg,723.935272693634,716.486349105835,0.6703104376792908,0.6634132862091064,720.2108108997345,0.6668618619441986
defaultNamew276_57.jpg,717.020902633667,711.4104080200195,0.6639082431793213,0.6587133407592773,714.2156553268433,0.6613107919692993
defaultNamew276_58.jpg,711.1723566055298,706.6855573654175,0.658492922782898,0.6543384790420532,708.9289569854736,0.6564157009124756
defaultNamew276_59.jpg,720.4663395881653,713.8982319831848,0.6670984625816345,0.6610168814659119,717.182285785675,0.6640576720237732
defaultNamew276_6.jpg,731.1659073829651,719.4679141044617,0.6770054697990417,0.6661739945411682,725.3169107437134,0.671589732170105
defaultNamew276_60.jpg,713.6685490608215,708.3277130126953,0.6608042120933533,0.6558589935302734,710.9981310367584,0.6583316028118134
defaultNamew276_61.jpg,720.9146332740784,715.2751064300537,0.6675135493278503,0.6622917652130127,718.094869852066,0.6649026572704315
defaultNamew276_62.jpg,717.9102158546448,712.4025893211365,0.6647316813468933,0.6596320271492004,715.1564025878906,0.6621818542480469
defaultNamew276_63.jpg,712.2271084785461,706.9633913040161,0.6594695448875427,0.6545957326889038,709.5952498912811,0.6570326387882233
defaultNamew276_64.jpg,718.9418578147888,713.2933831214905,0.6656869053840637,0.6604568362236023,716.1176204681396,0.663071870803833
defaultNamew276_65.jpg,713.5520339012146,708.7930655479431,0.6606963276863098,0.6562898755073547,711.1725497245789,0.6584931015968323
defaultNamew276_66.jpg,723.1786322593689,716.3164687156677,0.6696098446846008,0.6632559895515442,719.7475504875183,0.6664329171180725
defaultNamew276_67.jpg,717.8802180290222,712.1627998352051,0.664703905582428,0.6594099998474121,715.0215089321136,0.66205695271492
defaultNamew276_68.jpg,711.755383014679,707.296392917633,0.6590327620506287,0.6549040675163269,709.525887966156,0.6569684147834778
defaultNamew276_69.jpg,720.0734066963196,713.8287734985352,0.6667346358299255,0.6609525680541992,716.9510900974274,0.6638436019420624
defaultNamew276_7.jpg,724.7383260726929,715.0404024124146,0.6710540056228638,0.6620744466781616,719.8893642425537,0.6665642261505127
defaultNamew276_70.jpg,713.8113284111023,708.6553716659546,0.6609364151954651,0.6561623811721802,711.2333500385284,0.6585493981838226
defaultNamew276_71.jpg,721.7536067962646,715.7941460609436,0.668290376663208,0.6627723574638367,718.7738764286041,0.6655313670635223
defaultNamew276_72.jpg,717.5957536697388,712.0457053184509,0.6644405126571655,0.6593015789985657,714.8207294940948,0.6618710458278656
defaultNamew276_73.jpg,711.8075251579285,706.9047474861145,0.6590810418128967,0.6545414328575134,709.3561363220215,0.6568112373352051
defaultNamew276_74.jpg,718.6129117012024,713.1239533424377,0.6653823256492615,0.6602999567985535,715.8684325218201,0.6628411412239075
defaultNamew276_75.jpg,713.1080532073975,708.580892086029,0.660285234451294,0.656093418598175,710.8444726467133,0.6581893265247345
defaultNamew276_76.jpg,722.0614385604858,715.790798664093,0.6685754060745239,0.6627692580223083,718.9261186122894,0.6656723320484161
defaultNamew276_77.jpg,716.4612436294556,711.2856531143188,0.663390040397644,0.6585978269577026,713.8734483718872,0.6609939336776733
defaultNamew276_78.jpg,710.6632947921753,706.5752863883972,0.6580215692520142,0.654236376285553,708.6192905902863,0.6561289727687836
defaultNamew276_79.jpg,719.2335963249207,713.6729264259338,0.6659570336341858,0.660808265209198,716.4532613754272,0.6633826494216919
defaultNamew276_8.jpg,717.5904107093811,709.6915197372437,0.6644355654716492,0.6571217775344849,713.6409652233124,0.660778671503067
defaultNamew276_80.jpg,713.2195472717285,708.4096598625183,0.6603884696960449,0.6559348702430725,710.8146035671234,0.6581616699695587
defaultNamew276_81.jpg,721.484591960907,715.794403553009,0.6680412888526917,0.6627725958824158,718.639497756958,0.6654069423675537
defaultNamew276_82.jpg,717.3731517791748,712.3139476776123,0.6642343997955322,0.6595499515533447,714.8435497283936,0.6618921756744385
defaultNamew276_83.jpg,711.7145705223083,707.2157335281372,0.6589949727058411,0.6548293828964233,709.4651520252228,0.6569121778011322
defaultNamew276_84.jpg,718.7027764320374,713.3994698524475,0.6654655337333679,0.6605550646781921,716.0511231422424,0.66301029920578
defaultNamew276_85.jpg,713.1812453269958,708.7603640556335,0.6603530049324036,0.6562595963478088,710.9708046913147,0.6583063006401062
defaultNamew276_86.jpg,722.3687553405762,716.6765069961548,0.6688599586486816,0.663589358329773,719.5226311683655,0.6662246584892273
defaultNamew276_87.jpg,717.030622959137,712.0043134689331,0.6639172434806824,0.6592632532119751,714.517468214035,0.6615902483463287
defaultNamew276_88.jpg,711.4433026313782,707.2972297668457,0.6587437987327576,0.654904842376709,709.3702661991119,0.6568243205547333
defaultNamew276_89.jpg,720.8254766464233,715.5655574798584,0.6674309968948364,0.6625607013702393,718.1955170631409,0.6649958491325378
defaultNamew276_9.jpg,727.8803730010986,716.9102454185486,0.6739633083343506,0.6638057827949524,722.3953092098236,0.6688845455646515
defaultNamew276_90.jpg,714.5696425437927,710.0363659858704,0.6616385579109192,0.6574410796165466,712.3030042648315,0.6595398187637329
defaultNamew276_91.jpg,722.984869480133,717.1132779121399,0.6694304347038269,0.663993775844574,720.0490736961365,0.6667121052742004
defaultNamew276_92.jpg,719.4607043266296,714.2337441444397,0.6661673188209534,0.6613275408744812,716.8472242355347,0.6637474298477173
defaultNamew276_93.jpg,714.2767453193665,710.0820064544678,0.6613673567771912,0.6574833393096924,712.1793758869171,0.6594253480434418
defaultNamew276_94.jpg,720.9962582588196,715.4725384712219,0.6675891280174255,0.6624745726585388,718.2343983650208,0.6650318503379822
defaultNamew276_95.jpg,715.3046536445618,710.7812905311584,0.6623191237449646,0.6581308245658875,713.0429720878601,0.660224974155426
defaultNamew276_96.jpg,724.561493396759,719.2573499679565,0.6708902716636658,0.6659790277481079,721.9094216823578,0.6684346497058868
defaultNamew276_97.jpg,718.5730648040771,713.6223292350769,0.6653454303741455,0.6607614159584045,716.097697019577,0.663053423166275
defaultNamew276_98.jpg,713.1681132316589,708.8787460327148,0.6603408455848694,0.6563692092895508,711.0234296321869,0.6583550274372101
defaultNamew276_99.jpg,721.834716796875,716.9124341011047,0.668365478515625,0.6638078093528748,719.3735754489899,0.6660866439342499
testing_0.jpg,788.6560964584351,760.1592564582825,0.7302371263504028,0.7038511633872986,774.4076764583588,0.7170441448688507
testing_1.jpg,791.644549369812,762.5066184997559,0.7330042123794556,0.7060246467590332,777.0755839347839,0.7195144295692444
testing_10.jpg,788.9466762542725,760.3940892219543,0.730506181716919,0.7040686011314392,774.6703827381134,0.7172873914241791
testing_11.jpg,792.0164322853088,762.8091716766357,0.733348548412323,0.7063047885894775,777.4128019809723,0.7198266685009003
testing_12.jpg,789.8251104354858,761.0716795921326,0.7313195466995239,0.704695999622345,775.4483950138092,0.7180077731609344
testing_13.jpg,792.7200937271118,763.3441758155823,0.7340000867843628,0.7068001627922058,778.032134771347,0.7204001247882843
testing_14.jpg,791.2614011764526,762.2082495689392,0.7326494455337524,0.7057483792304993,776.7348253726959,0.7191989123821259
testing_15.jpg,789.0588784217834,760.4665088653564,0.7306100726127625,0.7041356563568115,774.76269364357,0.717372864484787
testing_16.jpg,792.0356798171997,762.8096866607666,0.7333663702011108,0.7063052654266357,777.4226832389832,0.7198358178138733
testing_17.jpg,789.9253392219543,761.1571669578552,0.7314123511314392,0.7047751545906067,775.5412530899048,0.718093752861023
testing_18.jpg,792.5969481468201,763.2363510131836,0.7338860630989075,0.706700325012207,777.9166495800018,0.7202931940555573
testing_19.jpg,791.2229061126709,762.1843028068542,0.7326138019561768,0.7057262063026428,776.7036044597626,0.7191700041294098
testing_2.jpg,789.5184373855591,760.8531975746155,0.731035590171814,0.7044937014579773,775.1858174800873,0.7177646458148956
testing_20.jpg,788.8327360153198,760.2936029434204,0.7304006814956665,0.7039755582809448,774.5631694793701,0.7171881198883057
testing_21.jpg,791.8688893318176,762.6877641677856,0.7332119345664978,0.7061923742294312,777.2783267498016,0.7197021543979645
testing_22.jpg,789.6660447120667,760.9388136863708,0.7311722636222839,0.7045729756355286,775.3024291992188,0.7178726196289062
testing_23.jpg,792.4860978126526,763.167986869812,0.7337834239006042,0.7066370248794556,777.8270423412323,0.7202102243900299
testing_24.jpg,791.1193299293518,762.0955967903137,0.7325178980827332,0.7056440711021423,776.6074633598328,0.7190809845924377
testing_25.jpg,788.8557171821594,760.302164554596,0.7304219603538513,0.7039834856987,774.5789408683777,0.7172027230262756
testing_26.jpg,791.9661569595337,762.7565145492554,0.7333019971847534,0.7062560319900513,777.3613357543945,0.7197790145874023
testing_27.jpg,789.9611949920654,761.1954689025879,0.7314455509185791,0.704810619354248,775.5783319473267,0.7181280851364136
testing_28.jpg,792.6059603691101,763.2512855529785,0.733894407749176,0.7067141532897949,777.9286229610443,0.7203042805194855
testing_29.jpg,791.3600206375122,762.2700476646423,0.7327407598495483,0.7058055996894836,776.8150341510773,0.719273179769516
testing_3.jpg,792.5730013847351,763.238410949707,0.733863890171051,0.7067022323608398,777.9057061672211,0.7202830612659454
testing_30.jpg,789.120032787323,760.509831905365,0.7306666970252991,0.7041757702827454,774.814932346344,0.7174212336540222
testing_31.jpg,792.1662926673889,762.9113960266113,0.7334873080253601,0.7063994407653809,777.5388443470001,0.7199433743953705
testing_32.jpg,790.1250243186951,761.3203525543213,0.7315972447395325,0.7049262523651123,775.7226884365082,0.7182617485523224
testing_33.jpg,792.6863622665405,763.3109593391418,0.7339688539505005,0.7067694067955017,777.9986608028412,0.7203691303730011
testing_34.jpg,791.5149021148682,762.4058747291565,0.7328841686248779,0.7059313654899597,776.9603884220123,0.7194077670574188
testing_35.jpg,789.2563104629517,760.6110906600952,0.7307928800582886,0.704269528388977,774.9337005615234,0.7175312042236328
testing_36.jpg,792.2348499298096,762.9544615745544,0.7335507869720459,0.7064393162727356,777.594655752182,0.7199950516223907
testing_37.jpg,790.2795839309692,761.4319109916687,0.7317403554916382,0.7050295472145081,775.855747461319,0.7183849513530731
testing_38.jpg,792.6958250999451,763.3143711090088,0.7339776158332825,0.7067725658416748,778.0050981044769,0.7203750908374786
testing_39.jpg,791.5407156944275,762.4199080467224,0.7329080700874329,0.7059443593025208,776.980311870575,0.7194262146949768
testing_4.jpg,791.0077714920044,762.0186710357666,0.7324146032333374,0.7055728435516357,776.5132212638855,0.7189937233924866
testing_40.jpg,789.2942261695862,760.6595635414124,0.7308279871940613,0.7043144106864929,774.9768948554993,0.7175711989402771
testing_41.jpg,792.1057176589966,762.8619575500488,0.7334312200546265,0.7063536643981934,777.4838376045227,0.7198924422264099
testing_42.jpg,790.1030731201172,761.2959551811218,0.7315769195556641,0.7049036622047424,775.6995141506195,0.7182402908802032
testing_43.jpg,792.4877715110779,763.1540822982788,0.7337849736213684,0.7066241502761841,777.8209269046783,0.7202045619487762
testing_44.jpg,791.4146089553833,762.320065498352,0.7327913045883179,0.7058519124984741,776.8673372268677,0.719321608543396
testing_45.jpg,789.2943549156189,760.6505513191223,0.7308281064033508,0.7043060660362244,774.9724531173706,0.7175670862197876
testing_46.jpg,792.1876001358032,762.9147434234619,0.7335070371627808,0.7064025402069092,777.5511717796326,0.719954788684845
testing_47.jpg,790.2244162559509,761.3879442214966,0.7316892743110657,0.7049888372421265,775.8061802387238,0.7183390557765961
testing_48.jpg,792.6289415359497,763.2683444023132,0.7339156866073608,0.7067299485206604,777.9486429691315,0.7203228175640106
testing_49.jpg,791.6323184967041,762.48286485672,0.7329928874969482,0.7060026526451111,777.057591676712,0.7194977700710297
testing_5.jpg,788.7250399589539,760.2081155776978,0.7303009629249573,0.7038964033126831,774.4665777683258,0.7170986831188202
testing_6.jpg,791.8539547920227,762.6741170883179,0.7331981062889099,0.7061797380447388,777.2640359401703,0.7196889221668243
testing_7.jpg,789.6986818313599,760.996105670929,0.7312024831771851,0.7046260237693787,775.3473937511444,0.7179142534732819
testing_8.jpg,792.6689171791077,763.3166241645813,0.7339527010917664,0.7067746520042419,777.9927706718445,0.7203636765480042
testing_9.jpg,791.1972856521606,762.16228723526,0.7325900793075562,0.7057058215141296,776.6797864437103,0.7191479504108429
