index,filename,widthPx,contactAngleDeg,tiltDeg,noiseSigma,blurSigma,xCenter,yBase,contactLeftX,contactLeftY,contactRightX,contactRightY
1,1.png,534,108,1.8729864507433,0.0251059900474586,0.2691031053189,1143,700,876.142648298962,691.773383066233,1409.85735170104,709.226616933767
2,2.png,578,106,0.58186871226745,0.024314757467512,0.387172745725174,1223,623,934.014902833876,620.565103769129,1511.98509716612,626.434896230871
3,3.png,557,112,1.24263172343232,0.00854221367526432,1.48395875479835,874,596,595.565496454176,590.46036133608,1152.43450354582,602.53963866392
4,4.png,564,98,-1.8551541000535,0.0260549336461432,0.135500587382004,1383,634,1101.147807301,643.629154986502,1664.852192699,625.370845013498
5,5.png,594,100,0.0778399178906679,0.0205003202984465,0.691732363604879,109,656,-187.999725914626,656.096506955688,405.999725914626,656.903493044312
6,6.png,554,112,1.53722626639383,0.0190547921935621,0.453047320040364,64,587,-212.900309436679,580.069075840033,340.900309436679,594.930924159967
7,7.png,583,109,-1.03216791545714,0.00744934935713331,0.348827840836266,720,645,428.547299033177,650.75100934522,1011.45270096682,640.24899065478
8,8.png,559,92,-0.401821542066648,0.00347491229410812,0.122562096731194,1023,649,743.506873393435,651.460147873625,1302.49312660657,647.539852126375
9,9.png,530,94,-1.08880211277097,0.0107606011261413,0.666346734329486,1303,583,1038.04784708165,588.535540083277,1567.95215291835,578.464459916723
10,10.png,531,115,1.46760770525509,0.0061720714953859,1.12980258070451,210,621,-55.4129065517002,614.700070899012,475.4129065517,628.299929100988
11,11.png,566,95,-0.00440110828072759,0.00497299231626109,1.16969900411514,1246,603,963.000000834902,603.521738313935,1528.9999991651,603.478261686065
12,12.png,575,106,1.98698802992479,0.0215400953833234,1.39338359258751,950,690,662.672865992425,680.531646926741,1237.32713400757,700.468353073259
13,13.png,550,101,0.508393388888329,0.0211252100652681,0.753918349851084,1056,693,781.010825659739,691.059918923122,1330.98917434026,695.940081076878
14,14.png,554,111,0.60964027861077,0.0157512672251176,0.329677971706259,583,621,306.015680059884,618.552711871632,859.984319940116,624.447288128368
15,15.png,566,115,-1.5440314504558,0.0253029501145509,1.05387837160238,739,643,456.102753630817,651.125483377063,1021.89724636918,635.874516622937
16,16.png,526,95,1.05182089531605,0.0202557295581427,0.304820799923339,689,565,426.044315114901,560.672186146058,951.955684885099,570.327813853942
17,17.png,588,107,-0.350259508078637,0.00738235916150914,0.679196453776703,1154,678,860.005493518409,680.297264211496,1447.99450648159,676.702735788504
18,18.png,532,90,1.74184413571721,0.00823940646013627,0.426089891741941,886,656,620.122911214176,648.414602126371,1151.87708878582,664.585397873629
19,19.png,538,103,-0.885019550837249,0.00423134981754334,0.752858515489971,26,598,-242.967909675114,602.654944644581,294.967909675114,594.345055355419
20,20.png,560,93,-1.33820222193579,0.00903551569691909,0.157196028849673,334,679,54.0763671391738,686.039095197147,613.923632860826,672.960904802853
21,21.png,558,115,0.237856275732796,0.00909632156543222,1.17998556628764,856,677,577.002404127788,676.341769657713,1134.99759587221,678.658230342287
22,22.png,579,90,-0.801515463366219,0.0170498286091274,0.518065514394558,555,635,265.528326312111,639.549707684835,844.471673687888,631.450292315165
23,23.png,532,95,1.49816526826274,0.00753800877180505,0.5259590277608,1365,589,1099.0909287207,582.545446715991,1630.9090712793,596.454553284009
24,24.png,554,101,-0.786494686802493,0.0202387493086741,1.15974986484774,313,697,36.0260969212639,701.302237937176,589.973903078736,693.697762062825
25,25.png,549,95,-1.97366616221341,0.00558095382773794,1.21445162707297,806,649,531.66284391479,658.95382415107,1080.33715608521,640.04617584893
26,26.png,568,106,-1.23188191027957,0.0266387960238957,1.17054697142406,754,629,470.065639385273,635.605641842266,1037.93436061473,623.394358157734
27,27.png,535,115,0.147972694977001,0.0203203377053508,0.899141907620123,6,555,-261.499107904289,554.809152397597,273.499107904289,556.190847602403
28,28.png,579,92,-0.00214860310157539,0.0103069513256545,1.47736451901649,174,562,-115.499999796443,562.510856307446,463.499999796443,562.489143692554
29,29.png,600,90,0.394743161860899,0.0269277172198694,1.14165987157056,148,611,-151.992880106339,609.433145988761,447.992880106339,613.566854011239
30,30.png,594,113,-0.943319817550744,0.0146622412952951,0.655201646315266,9,665,-287.959747830269,670.389597998129,305.959747830269,660.610402001871
31,31.png,579,109,0.0904284235287931,0.00799188164777512,0.450471593243395,960,562,670.500360564642,562.043089945444,1249.49963943536,562.956910054556
32,32.png,563,110,-0.926755380152879,0.00297070792942022,0.904562263693755,319,664,37.5368234013883,669.053045027092,600.463176598612,659.946954972908
33,33.png,595,115,-0.25472288850303,0.0262201803405305,1.13807421485559,420,681,122.50293999733,682.822607185822,717.49706000267,680.177392814178
34,34.png,538,96,0.113642676364772,0.0192427777019711,0.760028604956382,825,583,556.00052912683,582.966455292901,1093.99947087317,584.033544707099
35,35.png,554,106,-0.324396815744513,0.0212649472318645,0.937283685102342,1257,635,980.00443972953,637.068308148459,1533.99556027047,633.931691851541
36,36.png,533,110,1.71390515287809,0.0119010328994155,0.102460371559485,1337,628,1070.61922384877,620.529297579999,1603.38077615123,636.470702420001
37,37.png,562,101,-1.71573560404081,0.0137642916718804,0.511594900422309,1212,569,931.125979341263,577.913353611698,1492.87402065874,561.086646388302
38,38.png,563,109,0.946980365766281,0.0166854253363081,0.817166602132834,1297,695,1015.5384481282,690.847600842903,1578.4615518718,700.152399157097
39,39.png,578,108,0.517430704286678,0.0133403959168775,1.08115772026292,610,629,321.011784849018,626.890114207541,898.988215150982,632.109885792459
40,40.png,542,110,-1.99706373806645,0.00391377847388842,0.640411759350542,165,632,-105.835398452686,641.943883998375,435.835398452686,623.056116001625
41,41.png,556,93,-0.715724748024776,0.0134636305346131,0.345815120298482,37,597,-240.978310179562,600.97261712761,314.978310179562,594.02738287239
42,42.png,584,106,0.554777595784105,0.00789649807130128,0.0879747553141089,99,593,-192.98631193603,590.67269704574,390.98631193603,596.32730295426
43,43.png,558,104,0.304417381677898,0.0232135272712514,0.7227042237626,1158,583,879.003937919316,582.017656088822,1436.99606208068,584.982343911178
44,44.png,531,101,0.74411666884269,0.0155624705392419,0.88600553215373,319,628,53.5223905739891,625.051972527605,584.477609426011,631.948027472395
45,45.png,550,103,-0.331210050692326,0.0258003610389085,0.651863519244958,1350,624,1075.0045947643,626.089685268906,1624.9954052357,622.910314731094
46,46.png,595,112,1.01712579065119,0.0269610639641198,0.557059155884164,80,608,-217.453124098022,603.218999685022,377.453124098022,613.781000314978
47,47.png,560,110,1.20031735855435,0.00931691015144553,0.78103048452149,1010,600,730.061441111072,594.634571866418,1289.93855888893,606.365428133582
48,48.png,576,107,0.194150305455565,0.000277535079286112,0.135914544971321,864,697,576.00165345724,696.524095990317,1151.99834654276,698.475904009683
49,49.png,532,103,-0.733194594047321,0.0249302049499022,0.0293442706862633,981,657,715.021779051308,660.90381858636,1246.97822094869,654.09618141364
50,50.png,581,99,0.90047811094727,0.0166623518456631,1.07716708594477,776,667,485.535876350444,662.934600510863,1066.46412364956,672.065399489137
51,51.png,534,96,0.413704094342704,0.0214409383217031,0.348501304877607,605,695,338.006960072318,693.572143632165,871.993039927682,697.427856367835
52,52.png,564,95,-1.48597124973365,0.00259231303348838,0.322458189895156,404,686,122.094835364593,693.812875760205,685.905164635407,679.187124239795
53,53.png,594,107,-0.294919035341366,0.0283818076447182,0.425392126179845,1017,692,720.003934466386,694.02874378283,1313.99606553361,690.97125621717
54,54.png,563,92,0.50677080630743,0.0259731427501551,0.0510939482645454,536,630,254.511010916881,628.010215880135,817.488989083119,632.989784119865
55,55.png,582,99,0.721822933660045,0.0227902484298269,1.1545416397245,1212,688,921.023092626801,684.834024614236,1502.9769073732,692.165975385764
56,56.png,566,97,0.302755336171499,0.0269343566632486,1.40772436891069,1276,672,993.00395087944,671.004613042223,1558.99604912056,673.995386957777
57,57.png,567,106,0.722306125648772,0.00182843111253055,0.293840696527446,36,626,-247.477472414484,622.926117867752,319.477472414485,630.073882132248
58,58.png,576,98,1.83683706641601,0.00857872468193135,0.554704969490769,1243,627,955.147986227778,618.268631343258,1530.85201377222,636.731368656742
59,59.png,574,96,-0.32671540897576,0.0187505280998799,0.502483951444623,349,660,62.004665999575,662.136539637318,635.995334000425,658.863460362682
60,60.png,545,112,-1.20693745083415,0.0106487470309415,0.300278108258614,580,585,307.560456738423,591.239796810285,852.439543261577,579.760203189715
61,61.png,578,95,0.715627351368391,0.0122513107176717,0.752093519746747,378,634,89.02254191451,630.890468389268,666.97745808549,638.109531610732
62,62.png,544,111,1.12918235488094,0.0271041037470671,0.985983328220645,478,647,206.052821137905,642.139784617391,749.947178862095,652.860215382609
63,63.png,571,109,-0.660849885825596,0.0121611019132165,1.26091362645299,292,683,6.51899029346228,686.792885806662,577.481009706538,680.207114193338
64,64.png,552,113,-1.12389630305296,0.0212369024587784,0.494636103900228,1223,616,947.053097293105,621.913583514754,1498.9469027069,611.086416485246
65,65.png,542,104,-1.05232668675576,0.0221637357808176,0.695414371025812,1198,579,927.045707028746,584.477059417731,1468.95429297125,574.522940582269
66,66.png,567,95,-1.15612533751185,0.0265884108200323,0.26435901347781,361,668,77.5577129010602,674.220129729489,644.44228709894,662.779870270511
67,67.png,572,93,-0.0110871480090751,0.00675139005609623,0.891120230105327,1292,698,1006.00000535464,698.555343069555,1577.99999464536,698.444656930445
68,68.png,529,114,-1.26143885211298,0.0215429071549447,0.721541017617968,365,599,100.564101070074,605.322830679506,629.435898929926,593.677169320494
69,69.png,536,109,0.133992758404013,0.0268834025487942,0.944486249892113,1141,579,873.000732861641,578.873251802755,1408.99926713836,580.126748197245
70,70.png,552,90,0.821902987140481,0.0017331682709175,1.33205832872497,1276,580,1000.02839667507,576.540939724453,1551.97160332493,584.459060275547
71,71.png,541,115,-1.85696703557139,0.0198752524777272,0.773319768338591,456,597,185.642056915741,606.265421338906,726.357943084259,588.734578661094
72,72.png,554,113,-1.45746428377648,0.00190347681225858,1.24917206544384,1114,625,837.089614220601,632.545441611737,1390.9103857794,618.454558388263
73,73.png,577,98,-1.4120130697672,0.0159380599750808,1.4953357744612,874,670,585.587604418206,677.609154293623,1162.41239558179,663.390845706377
74,74.png,560,92,-0.562694387513735,0.0264464771386156,0.836627683883806,1006,616,726.013502819027,619.249799325206,1285.98649718097,613.750200674794
75,75.png,555,98,-1.87765615781655,0.0178404450446109,1.11509992600635,136,558,-141.35100181074,567.592403124516,413.35100181074,549.407596875484
76,76.png,569,108,1.71641943051454,0.0272808147980913,0.740546637103938,1394,668,1109.6276501635,659.97845973638,1678.3723498365,677.02154026362
77,77.png,593,104,0.12150369083168,0.00721138629390333,0.172631353605865,69,653,-227.499333303439,652.871230871877,365.499333303438,654.128769128123
78,78.png,542,92,0.750642345727017,0.00350280835332467,0.589833657641636,409,682,138.023257013204,678.949681666705,679.976742986796,686.050318333295
79,79.png,534,94,1.8603470711418,0.0253588306029792,0.522637809200611,918,664,651.140729710996,655.832251686833,1184.859270289,673.167748313167
80,80.png,576,113,1.51185959095985,0.0104094517167876,1.46757612148673,1191,557,903.100257055854,549.901446670945,1478.89974294415,565.098553329055
81,81.png,544,111,-1.80369830288017,0.0218470425045649,0.396350800266401,1073,655,801.134767623584,664.061274725015,1344.86523237642,646.938725274985
82,82.png,563,99,1.97115657891081,0.0117664368153483,0.451701511116392,448,640,166.666572211178,630.817417256153,729.333427788823,650.182582743847
83,83.png,549,98,1.26300627580351,0.0268935147533512,0.647089050542123,1082,578,807.566689969569,572.449516900151,1356.43331003043,584.550483099849
84,84.png,574,95,1.33243032930085,0.0212899044081961,0.602511335409429,450,683,163.077602566219,676.826331529712,736.922397433781,690.173668470288
85,85.png,582,108,-0.866852868133191,0.0222539367157541,1.13916662428314,1318,596,1027.0333042935,600.902498113989,1608.9666957065,592.097501886011
86,86.png,561,93,-1.9807169441866,0.00342431421715932,0.749806126964164,971,654,690.667594277907,664.194962715954,1251.33240572209,644.805037284046
87,87.png,582,99,0.00182295518183695,0.0261492705079646,0.0937067048425342,1146,624,855.000000147289,624.49074137812,1436.99999985271,624.50925862188
88,88.png,530,114,0.849968285666599,0.024728767756591,1.30660317791955,840,553,575.029158695576,549.56893673089,1104.97084130442,557.43106326911
89,89.png,591,96,-1.81380484548798,0.00881793812452097,0.163567681851766,1016,614,720.648056360929,623.853041677599,1311.35194363907,605.146958322401
90,90.png,593,101,1.0745723358396,0.0133739465319399,0.00721051367929754,211,641,-85.447855558691,635.939520285667,507.447855558691,647.060479714333
91,91.png,555,93,-0.7005645967828,0.0171166431678094,0.825289746524878,449,629,171.520743340149,632.892952032743,726.479256659851,626.107047967257
92,92.png,577,111,-1.03563572654511,0.00962505085765557,0.144733105043474,478,692,189.547127324056,697.714426621936,766.452872675944,687.285573378064
93,93.png,547,90,-1.7555378662851,0.000606814392383973,1.29093093840626,705,557,431.628371464678,565.878705863424,978.371628535322,549.121294136576
94,94.png,555,115,-0.874348027124222,0.0229677757220708,0.330098869861179,29,662,-248.467689180901,666.734555538798,306.467689180901,658.265444461202
95,95.png,538,107,0.0493270161015729,0.0205021199314967,0.726493338035371,863,639,594.000099688872,639.268412860337,1131.99990031113,639.731587139663
96,96.png,536,91,-0.73991990620157,0.0126295828067012,0.226948131589304,1393,594,1125.02234718996,597.960866137197,1660.97765281004,591.039133862803
97,97.png,573,115,-1.39648700075943,0.022722887769806,0.870676337933123,1138,661,851.585094533327,668.482257981241,1424.41490546667,654.517742018759
98,98.png,544,108,1.47364591125937,0.0128289094714475,0.175191218667297,738,659,466.089961355221,652.50493858536,1009.91003864478,666.49506141464
99,99.png,528,95,0.184246733769549,0.00133703758295324,0.661831314647405,1279,655,1015.00136498503,654.651053458088,1542.99863501497,656.348946541912
100,100.png,533,109,1.07216360262201,0.0286356025143717,1.25970436884021,1235,588,968.546658567343,583.513333841928,1501.45334143266,593.486666158072
101,101.png,573,98,1.45555703982299,0.0207767005504765,0.44873278767954,238,683,-48.4075547785999,676.222461560165,524.4075547786,690.777538439835
102,102.png,529,102,-1.32827820931494,0.0275986057269832,0.619602414550796,140,669,-124.428926277697,675.631308801916,404.428926277697,663.368691198084
103,103.png,545,91,-0.0971267795231885,0.0197620349895189,1.31790570830149,75,581,-197.499608466326,581.961936899521,347.499608466326,581.038063100479
104,104.png,573,114,-1.41307533576864,0.00866460618315865,0.263647164781324,713,663,426.587128048053,670.565180835433,999.412871951947,656.434819164567
105,105.png,580,97,0.990302416781355,0.0210042611692957,0.281561475496106,944,565,654.043315926045,560.487878609164,1233.95668407396,570.512121390836
106,106.png,573,100,0.563494511050834,0.00591740416967062,1.26959688613644,1003,580,716.513855597068,577.682365328441,1289.48614440293,583.317634671559
107,107.png,573,101,-0.73413294095074,0.0270665524817611,0.561477777689547,150,578,-136.476482408238,582.170834646554,436.476482408238,574.829165353446
108,108.png,582,92,1.91191578018396,0.0145199622325388,0.724284255168437,1121,568,830.161999973852,558.791357417716,1411.83800002615,578.208642582284
109,109.png,544,112,0.274660436132937,0.0189730455218134,1.07228987745945,1006,627,734.003125251862,626.196110723422,1277.99687474814,628.803889276578
110,110.png,573,107,-1.83462647595968,0.0276994272178194,0.299254079594643,84,677,-202.353138631089,686.672240518245,370.353138631089,668.327759481755
111,111.png,567,111,-1.98567750262282,0.00381094094534245,0.0616738877412048,777,583,493.670236140431,593.323182339791,1060.32976385957,573.676817660209
112,112.png,545,112,-1.64707525341175,0.00153504676778653,1.16301674646521,725,591,452.612586993614,599.332447617992,997.387413006386,583.667552382008
113,113.png,592,97,-0.213789961406199,0.0205559469581079,1.04280183489216,578,567,282.002060585144,568.604473702423,873.997939414856,566.395526297577
114,114.png,591,114,-0.147076136116741,0.0139582993135033,1.42404492913424,383,612,87.5009735682673,613.258536682148,678.499026431733,611.741463317852
115,115.png,551,108,-0.550801955836105,0.022232223552042,0.606411689944385,766,616,490.512730162443,619.148425466048,1041.48726983756,613.851574533952
116,116.png,599,112,1.33526763865329,0.0268136937790133,0.856446082356474,404,693,104.581327712567,686.520839188645,703.418672287433,700.479160811355
117,117.png,545,112,-1.2224665151897,0.0234863173086136,0.30790175098301,1272,658,999.562022421066,664.313636787773,1544.43797757893,652.686363212227
118,118.png,533,92,-1.60919759182172,0.0233538709379413,0.4210477118016,89,666,-177.394897716313,673.983880725623,355.394897716313,659.016119274377
119,119.png,553,97,0.201234435808687,0.0041250951912697,1.1808884385257,815,636,538.501705391247,635.528877736206,1091.49829460875,637.471122263794
120,120.png,571,93,0.800318358558449,0.0236922774429564,1.15655050922691,1138,692,852.527851548706,688.512211314226,1423.47214845129,696.487788685774
121,121.png,571,97,1.48960282297943,0.00600068307427216,0.1759018670538,510,629,224.596482236698,622.078271876958,795.403517763302,636.921728123042
122,122.png,590,92,-0.697307587360019,0.000604415557197236,0.900935385055745,785,666,490.021846917894,670.090153794696,1079.97815308211,662.909846205304
123,123.png,567,97,-0.424599606283509,0.0118012408437918,0.736387743646542,757,591,473.507784576475,593.600903201358,1040.49221542353,589.399096798642
124,124.png,543,110,0.453719685243274,0.00263139711133872,1.44816485061004,744,653,472.508512704306,651.350040471965,1015.49148729569,655.649959528035
125,125.png,543,100,0.634670034233537,0.0248695163265235,1.27985521913797,176,616,-95.4833434090656,613.492633804247,447.483343409066,619.507366195753
126,126.png,583,100,1.88564774644444,0.0011999952312758,1.21188475172965,193,615,-98.3421497653817,605.908244681715,484.342149765382,625.091755318285
127,127.png,600,114,0.914068570774433,0.0260953738476369,0.464130112656968,1269,651,969.038176344054,646.714151172532,1568.96182365595,656.285848827468
128,128.png,568,111,-1.91739014612466,0.00540320904392007,0.485134123366008,686,680,402.159009668145,690.002221184097,969.840990331856,670.997778815903
129,129.png,591,107,-0.605047514449625,0.0137278127738803,0.3513537160449,1269,686,973.516476203647,689.620443059941,1564.48352379635,683.379556940059
130,130.png,566,97,0.193672297069027,0.0225563980249314,0.0444885341453872,687,562,404.001616760792,561.543399772857,969.998383239208,563.456600227143
131,131.png,553,109,1.92173860765546,0.00901809490680593,0.484664422176742,293,686,16.6555133908403,677.227744572112,569.34448660916,695.772255427888
132,132.png,580,109,-0.900261061094771,0.02454028801921,0.673495153131081,1127,589,837.035797338175,594.056443206308,1416.96420266182,584.943556793692
133,133.png,586,104,0.335759113698598,0.00484799205587503,0.347344468295117,994,594,701.005030912184,592.782999933139,1286.99496908782,596.217000066861
134,134.png,586,90,0.62153176864833,0.0206590872259639,0.760478561126939,1280,576,987.017239106981,573.32166403535,1572.98276089302,579.67833596465
135,135.png,528,92,0.270736571949059,0.00671943779154712,0.727183493702321,462,638,198.002947282121,637.25254007149,725.997052717879,639.74745992851
136,136.png,564,104,-1.22332376689066,0.00375047910294661,0.499315001991974,1003,662,721.064274717441,668.520532318434,1284.93572528256,656.479467681566
137,137.png,582,96,1.41987475012749,0.00424928687907918,1.08554744466668,1116,561,825.089350209434,554.289324689701,1406.91064979057,568.710675310299
138,138.png,550,95,-1.59102674055396,0.0260926991333144,1.34292466502331,1184,615,909.106019190546,623.13539879323,1458.89398080945,607.86460120677
139,139.png,590,115,1.62822209725967,0.003659729434852,1.08982684544747,824,607,529.119109065449,599.117866521839,1118.88089093455,615.88213347816
140,140.png,576,115,-1.99345469742479,0.0262059559475355,0.0280843092475682,691,570,403.174295493389,580.518174747592,978.825704506611,560.481825252408
141,141.png,563,99,-0.893697299669478,0.00456770778225136,0.753891037395837,756,684,474.534243269586,688.890647808144,1037.46575673041,680.109352191856
142,142.png,545,103,0.3299365485891,0.0187021956198475,0.33715228535966,1261,675,988.504518048619,673.930823118836,1533.49548195138,677.069176881164
143,143.png,538,114,-0.941247622275041,0.0294533093807075,0.603317789382286,55,575,-213.963702640183,579.918898288378,323.963702640183,571.081101711622
144,144.png,559,108,1.6872938574705,0.00208848758896465,1.1675459296358,843,580,563.621187162307,572.270240744636,1122.37881283769,588.729759255364
145,145.png,574,93,1.9647773472271,0.0245736533152207,0.131760406716732,654,627,367.168729399994,617.660172461579,940.831270600006,637.339827538421
146,146.png,555,91,0.899325441652199,0.0029478411736079,0.986572670418147,311,669,33.534183188494,665.144486124026,588.465816811506,673.855513875974
147,147.png,551,91,1.51918360411151,0.0233033149073458,0.551542515377293,381,623,105.596837022653,616.196040657778,656.403162977347,630.803959342222
148,148.png,541,111,-0.290432693767756,0.00477562661076205,1.48652844651157,577,596,306.503475218255,597.871160457062,847.496524781745,595.128839542938
149,149.png,546,114,-0.630613808832245,0.0041234593637374,0.69297988013791,81,550,-191.983464780846,553.504655761402,353.983464780846,547.495344238598
150,150.png,560,98,-1.65736019523114,0.0108963765894717,1.24929152551993,37,581,-242.88286510393,589.598260382031,316.88286510393,573.401739617969
151,151.png,552,97,-1.78213519425537,0.00493241765591163,0.900915139220283,891,672,615.133499642067,681.083354837525,1166.86650035793,663.916645162475
152,152.png,557,95,0.892932048158259,0.0297393850905292,0.915928753633889,487,664,208.533820340042,660.15986341364,765.466179659958,668.84013658636
153,153.png,577,106,0.408374801269973,0.0199442931811382,1.22693829996208,1301,660,1012.50732801907,658.443738026783,1589.49267198093,662.556261973217
154,154.png,565,101,1.83272634921746,0.0118778805225455,0.616400612522881,1380,659,1097.64451116726,650.465182568407,1662.35548883274,668.534817431593
155,155.png,592,112,-1.98184930163689,0.0200760091995938,0.950729624136574,1140,636,844.177057531457,646.736537952512,1435.82294246854,626.263462047488
156,156.png,598,105,-1.0884020416041,0.0210778913905394,0.78014838549507,509,557,210.053946287616,563.17952196863,807.946053712384,551.82047803137
157,157.png,575,96,0.84818642550738,0.0264666031441559,1.36085411657968,312,573,24.5315019394669,569.244107282687,599.468498060533,577.755892717313
158,158.png,587,96,0.958960549018295,0.0161894422675956,0.68999002212379,1093,698,799.541107795639,693.587914273014,1386.45889220436,703.412085726986
159,159.png,592,92,0.270715944634604,0.0172135443561244,0.154021717766141,1278,633,982.003304024917,632.101439370546,1573.99669597508,634.898560629454
160,160.png,583,106,-1.91364057308106,0.020437454994048,0.168269314915532,289,640,-2.33742877917616,650.234094325538,580.337428779176,630.765905674462
161,161.png,555,103,-1.2040857075981,0.026282905192266,0.0790557009908502,1298,576,1020.56127545519,582.331305424283,1575.43872454481,570.668694575717
162,162.png,543,114,-0.324372757212394,0.0136600658445727,0.290119859251429,1248,599,976.504350930622,601.037054454795,1519.49564906938,597.962945545205
163,163.png,574,105,0.104859425542808,0.00723740358010166,0.986115957492564,962,663,675.000480641718,662.97474947393,1248.99951935828,664.02525052607
164,164.png,551,101,0.498710261848745,0.027760863929425,1.05951291478947,764,654,488.510436147538,652.102040788497,1039.48956385246,656.897959211503
165,165.png,583,101,-1.29479178376571,0.0177862893113143,0.0161318152354357,792,600,500.574429428776,607.086867027389,1083.42557057122,593.913132972611
166,166.png,536,115,1.13970714486225,0.0215787949436693,1.08539471208542,1345,641,1077.05301902723,636.169391443868,1612.94698097277,646.830608556132
167,167.png,551,97,-0.505080798366187,0.0214195980594322,0.4397443665939,382,673,106.510704471909,675.928590009945,657.48929552809,671.071409990055
168,168.png,538,110,-1.09466955953701,0.0210332287273179,0.552068128493576,731,617,462.049094166562,622.639090520045,999.950905833438,612.360909479955
169,169.png,592,101,-1.01510719046771,0.00873034750097464,0.867052869703367,158,630,-137.953545381416,635.743946621576,453.953545381416,625.256053378424
170,170.png,595,95,0.376393678602418,0.0291833137385634,0.542652060725159,868,679,570.5064194052,677.545644636886,1165.4935805948,681.454355363114
171,171.png,566,97,-1.56510351189623,0.0229225555626656,1.30205118776462,222,621,-60.8944227606581,629.229525917806,504.894422760658,613.770474082194
172,172.png,595,91,0.886595957716582,0.00274866673546853,0.437575955838421,269,612,-28.4643832295306,607.896663180374,566.464383229531,617.103336819626
173,173.png,567,101,1.26493625767925,0.00964443048761529,0.807879038995368,331,637,47.5690871766959,631.241593162105,614.430912823304,643.758406837895
174,174.png,565,114,-0.986305263140925,0.0173410142938591,1.2278105726496,367,574,84.5418557538533,579.362792307201,649.458144246147,569.637207692799
175,175.png,570,96,-0.899252899883559,0.0201485952387108,0.148021619280393,597,623,312.035101395157,627.97286967524,881.964898604843,619.02713032476
176,176.png,560,108,0.536078663324412,0.00402902866823823,0.334526034611919,918,683,638.01225565838,680.880263659888,1197.98774434162,686.119736340112
177,177.png,596,99,0.873644429383131,0.020042818148393,0.860018617864223,1296,626,998.03464192469,621.956280482631,1593.96535807531,631.043719517369
178,178.png,568,113,0.809668392598748,0.0115574967671444,0.754861246089223,1058,638,774.0283563432,634.486821851052,1341.9716436568,642.513178148948
179,179.png,528,99,1.45404754690479,0.00444266334729117,0.170399952062593,37,586,-226.914991456774,579.800948994749,300.914991456774,593.199051005251
180,180.png,539,107,0.639411619449172,0.0152725860565518,1.27212548371928,307,669,37.5167818583025,666.492486077461,576.483218141698,672.507513922539
181,181.png,543,100,-1.0216085280519,0.00539314227596029,0.560822792213714,519,699,247.543157083365,704.340705912708,790.456842916635,694.659294087292
182,182.png,532,99,1.45461595483169,0.0248332686708021,0.641672348001803,1313,582,1047.08571952244,575.74756058151,1578.91428047756,589.25243941849
183,183.png,596,112,-1.86933444867875,0.00913783635606839,0.341626995178033,554,688,256.158590255188,698.220835417966,851.841409744812,678.779164582034
184,184.png,594,104,-0.681001292384095,0.00144803919722969,0.888443887967058,724,699,427.020978380019,703.029974169706,1020.97902161998,695.970025830294
185,185.png,535,107,0.369290690568686,0.027214724044766,0.244554474814492,41,585,-226.49444372488,583.775883902698,308.49444372488,587.224116097302
186,186.png,533,94,1.00051165324554,0.0225806786510912,1.18182421345139,1374,628,1107.54063078563,623.846554193115,1640.45936921437,633.153445806885
187,187.png,556,112,-1.29736187796204,0.028286775307912,0.25863902586827,1189,559,911.071264500299,565.794281812661,1466.9287354997,553.205718187339
188,188.png,564,90,0.235484770341399,0.0285492328402466,0.936479311928822,816,632,534.002381764876,631.340987611233,1097.99761823512,633.659012388767
189,189.png,597,95,1.78610019267308,0.010036587635914,1.15391143603983,487,638,188.645025890079,629.196268282655,785.354974109921,647.803731717345
190,190.png,547,107,0.72636339314191,0.027745019855612,1.29930286411842,443,597,169.521977796667,594.032815010197,716.478022203333,600.967184989803
191,191.png,558,94,0.308862812741363,0.0266277445760146,1.27520016136594,1058,627,779.00405377029,625.996009511804,1336.99594622971,629.003990488196
192,192.png,569,112,-1.0921654326419,0.0121355189958787,1.33692049800027,971,611,686.551685737037,616.922777236661,1255.44831426296,606.077222763339
193,193.png,569,102,0.0371998270410119,0.0244356057376112,0.259120977535598,1021,648,736.500059963757,648.315285695743,1305.49994003624,648.684714304257
194,194.png,532,104,-0.551956195520293,0.00143949319074744,0.653658971605968,787,616,521.012342758809,619.062458847086,1052.98765724119,613.937541152914
195,195.png,594,100,-1.44643958730724,0.0290755160380447,0.847678790393692,978,667,681.09463651136,674.997008181856,1274.90536348864,660.002991818144
196,196.png,571,106,1.35617589653731,0.00886546541464798,0.883874430970559,919,663,633.579972858297,656.742921753479,1204.4200271417,670.257078246521
197,197.png,584,108,0.736792318089735,0.00906110730273762,0.238930028369325,669,644,377.024143030585,640.745143547896,960.975856969415,648.254856452104
198,198.png,552,95,-0.58352075975677,0.0143174473876456,1.38790495561847,392,602,116.014313396127,605.310834358085,667.985686603873,599.689165641915
199,199.png,536,99,-1.96437110611839,0.0015350331437258,1.1079534802018,531,615,263.157494019622,624.686511315578,798.842505980378,606.313488684422
200,200.png,539,104,-0.439388003054764,0.00692621341511623,1.41462948039446,849,654,579.507924607669,656.566712542671,1118.49207539233,652.433287457329
201,201.png,584,113,-1.17475293956256,0.00167197542647928,0.230981651012189,1113,624,821.061374145347,630.486546090792,1404.93862585465,618.513453909208
202,202.png,526,110,-0.447931281962252,0.00818864974598429,0.644150682046885,1254,652,991.008037131281,654.556080362764,1516.99196286872,650.443919637236
203,203.png,559,115,-0.789268074844194,0.000747430037947919,0.53885009458115,1129,663,849.526518487906,667.350082013327,1408.47348151209,659.649917986673
204,204.png,594,107,0.346288717018589,0.00785505719273699,1.36434892381281,841,574,544.00542446048,572.704979080752,1137.99457553952,576.295020919248
205,205.png,584,100,-1.50870622995501,0.0106011549031119,0.455822062698762,407,687,115.101225950716,695.188023707381,698.898774049284,679.811976292619
206,206.png,555,114,-0.814961151824189,0.0144290034363595,1.00723292338077,1269,606,991.528070763088,610.446959025158,1546.47192923691,602.553040974842
207,207.png,581,107,0.282669560274978,0.0299863718390031,1.05139934514064,1359,582,1068.50353531472,581.066819845217,1649.49646468528,583.933180154783
208,208.png,577,92,1.46275258716565,0.00743239057989494,0.481624525909207,263,604,-25.4059868253471,597.135438689391,551.405986825347,611.864561310609
209,209.png,561,105,-1.57287045036019,0.0278479607559229,0.93168972942098,52,663,-228.394314297622,671.199253831787,332.394314297622,655.800746168213
210,210.png,534,100,0.823111494854401,0.0150734804590622,1.02318403438763,663,555,396.027551539125,551.664408415206,929.972448460875,559.335591584794
211,211.png,588,100,0.00862863421376581,0.0296838317172495,1.49561833629177,473,663,179.000003333928,663.455724165535,766.999996666072,663.544275834465
212,212.png,564,108,1.79435476826554,0.0024818624914869,0.780670095102258,316,620,34.1382786013631,611.669937135152,597.861721398637,629.330062864848
213,213.png,591,115,-0.504115528836782,0.0245348940558493,0.966723446534533,1142,693,846.511437722998,696.099916050612,1437.488562277,690.900083949388
214,214.png,543,92,-0.531892228278758,0.0232086486356248,1.05568654306152,163,578,-108.488301269298,581.020371780335,434.488301269298,575.979628219665
215,215.png,549,111,-0.871050051437377,0.026378097435323,0.542908160911668,173,660,-101.468279140584,664.672978026103,447.468279140584,656.327021973897
216,216.png,541,113,-1.07916163857333,0.0128426452149997,1.32802578063552,1044,640,773.547979107795,645.594545644369,1314.4520208922,635.40545435563
217,217.png,540,102,-1.86732292211241,0.00730543050989549,0.81378194109357,909,551,639.143380113194,560.297994275268,1178.85661988681,542.702005724732
218,218.png,561,100,0.343399188181813,0.00549061517508002,0.0612875244784546,1121,614,840.505037961373,612.818848326603,1401.49496203863,616.181151673397
219,219.png,533,109,1.27295571444387,0.00271956221205278,1.26652897920726,491,592,224.565770429598,586.579585046087,757.434229570402,598.420414953913
220,220.png,599,111,0.798182513916939,0.0166110126794963,0.296762555411944,254,612,-45.4709384374542,608.32782653878,553.470938437454,616.67217346122
221,221.png,559,107,0.181640607934477,0.00356486489574504,0.00949369411088191,1239,557,959.501404533433,556.613923131704,1518.49859546657,558.386076868296
222,222.png,576,113,1.36621545624292,0.0118410991327641,0.0302151658127383,930,664,642.08187193184,657.633302851707,1217.91812806816,671.366697148293
223,223.png,565,110,0.608708638255963,0.00500029242589127,1.4509192112904,234,617,-48.4840574408619,614.49878495475,516.484057440862,620.50121504525
224,224.png,563,101,-1.84002762491963,0.000178442248982072,0.61704858667142,783,573,501.645149150803,582.538689264833,1064.3548508492,564.461310735167
225,225.png,535,103,0.219689529740521,0.0135259013688621,1.45928232446202,352,643,84.501966376667,642.474325758241,619.498033623333,644.525674241759
226,226.png,566,92,1.67420457367612,0.0218133550061695,1.14706812472113,367,692,84.1208084526247,684.231808571194,649.879191547375,700.768191428806
227,227.png,550,96,-0.0164645263981913,0.00193219634124846,0.023228425718461,1065,652,790.000011354184,652.579024052656,1339.99998864582,652.420975947344
228,228.png,590,100,-0.954280835457335,0.0042163378885228,0.879179545015345,167,626,-127.959084381532,631.413098900739,461.959084381532,621.586901099261
229,229.png,536,115,-1.18476242570187,0.0213738706311801,1.08971088440787,60,557,-207.942706335137,563.041310477025,327.942706335137,551.958689522975
230,230.png,596,102,0.0627656050269336,0.00304969241080553,0.576102406927819,448,661,150.000178806952,661.173551058804,745.999821193048,661.826448941196
231,231.png,539,104,-0.188744109778061,0.0216318313530974,0.385110129101165,452,678,182.501462277949,679.387786954269,721.498537722051,677.612213045731
232,232.png,528,93,0.523051769623156,0.0274319655926426,0.783388845956702,415,651,151.01100056526,649.08998393261,678.98899943474,653.91001606739
233,233.png,534,114,-0.786951626795102,0.00198705077630264,0.585195036214477,518,566,251.025184031186,570.167102182631,784.974815968814,562.832897817369
234,234.png,580,110,0.520974533761066,0.0205405110243745,0.285301924293458,691,554,401.011988165629,551.863147264495,980.988011834371,557.136852735505
235,235.png,556,97,1.59014126503709,0.0199458507478316,0.647858426208432,305,628,27.1070565084467,620.785600632559,582.892943491553,636.214399367441
236,236.png,558,112,1.26210846009194,0.0153269791947614,0.360232015649609,1332,657,1053.06768691764,651.354699476642,1610.93231308236,663.645300523358
237,237.png,557,94,1.85105658999166,0.020606933824509,0.201389448523547,315,695,36.6453287561528,686.504056651482,593.354671243847,704.495943348518
238,238.png,597,114,-0.810247169515293,0.00669544263060933,1.21874371885894,1367,589,1068.52984673863,593.721091344308,1665.47015326137,585.278908655692
239,239.png,587,103,-1.89280841796879,0.0200922341491994,1.42980841317473,159,565,-134.33985747767,575.194225857707,452.33985747767,555.805774142293
240,240.png,536,110,0.490468471249717,0.00702323345353125,0.489583631222941,437,657,169.009819267045,655.205870378916,704.990180732955,659.794129621084
241,241.png,589,91,-1.73680285786154,0.0274588166763608,0.529570010581254,260,559,-34.364706219195,568.425790300417,554.364706219195,550.574209699583
242,242.png,563,100,1.08101798042941,0.0207490261779914,1.08024081762381,1200,629,918.550102118594,624.189163667919,1481.44989788141,634.810836332081
243,243.png,556,112,-0.729542413528881,0.00985142464244548,1.11649778198468,746,563,468.022535373429,567.039655319898,1023.97746462657,559.960344680102
244,244.png,591,97,1.89626826451533,0.000425274221925034,0.998654144752019,985,635,689.661823703392,625.721880457173,1280.33817629661,645.278119542827
245,245.png,594,109,-0.325911105253733,0.00194061896664947,0.917072371653658,1237,552,940.004804833424,554.189392780752,1533.99519516658,550.810607219248
246,246.png,555,108,0.225913274093207,0.0162908045509702,0.420522866300729,777,698,499.502157101912,697.405839633316,1054.49784289809,699.594160366684
247,247.png,550,109,-0.813748849482973,0.00853769438114718,1.22109470699501,1307,671,1032.02773517485,675.405582789926,1581.97226482515,667.594417210074
248,248.png,587,109,1.68001087855905,0.0242660635960014,1.42439380591181,580,613,286.62616123069,604.895307921886,873.37383876931,622.104692078114
249,249.png,541,115,0.5794296833721,0.0102518468246882,0.0340828801003971,1195,640,924.513832153095,637.764492095433,1465.48616784691,643.235507904567
250,250.png,559,94,-0.757527588436929,0.00979505055451427,0.112256273698165,943,587,663.524428518729,591.195259830756,1222.47557148127,583.804740169244
251,251.png,358,115,0.0432204626612718,0.000888146287470786,1.17823283109826,397,661,218.000050927994,661.364973264202,575.999949072006,661.635026735798
252,252.png,361,122,-0.735175185894173,0.0248623656185914,0.844500786337115,325,638,144.51485859233,640.815973025218,505.48514140767,636.184026974782
253,253.png,375,133,-1.45201864720484,0.0224515073863384,1.21754543956626,1305,665,1117.56020702325,670.251211301548,1492.43979297675,660.748788698452
254,254.png,398,115,-1.47833632325052,0.0272833618643284,0.283266373450529,666,606,467.066236933421,611.633995731404,864.933763066579,601.366004268596
255,255.png,358,134,0.715809432306908,0.0284723831942597,0.27569432069308,1183,657,1004.01396905269,655.263769750677,1361.98603094731,659.736230249323
256,256.png,388,126,-0.09130043034247,0.0230074838318227,0.143517524761082,9,619,-184.999753695681,619.809137534057,202.999753695681,619.190862465943
257,257.png,370,135,1.7102429855481,0.0292886499178964,0.689232476135525,1139,638,954.082409989271,632.978686331685,1323.91759001073,644.021313668315
258,258.png,357,127,-0.0569552669285569,0.0225679318013806,0.112159677265214,725,629,546.500088192308,629.677439133542,903.499911807692,629.322560866458
259,259.png,352,127,1.31995819222454,0.0114125374133539,0.0849836203691458,14,640,-161.953297669708,636.445738149169,189.953297669708,644.554261850831
260,260.png,355,129,0.416085858548937,0.00103682525955783,0.266485011256372,191,674,13.5046804444993,673.210994223949,368.495319555501,675.789005776051
261,261.png,389,129,-1.81367662220752,0.00303006187160507,1.46974845730144,189,587,-5.40256212792542,593.655797113136,383.402562127925,581.344202886864
262,262.png,400,120,-1.64033838819231,0.00311933193431547,1.26424887728419,939,609,739.081958116383,615.225078988136,1138.91804188362,603.774921011864
263,263.png,355,115,-1.38023858744902,0.0257268075136902,1.17981080536139,990,635,812.551500378898,639.77550958597,1167.4484996211,631.22449041403
264,264.png,395,134,1.23020598250394,0.00795265763026038,0.437291452901844,821,601,623.545522994715,597.259774702974,1018.45447700528,605.740225297026
265,265.png,361,127,1.72853876617693,0.00932599094219793,1.02508981678957,768,640,587.582134809467,635.055376956043,948.417865190533,645.944623043957
266,266.png,395,126,0.773460903937253,0.00261251911579667,0.69193389717918,159,609,-38.4820045804295,606.833941693209,356.482004580429,612.166058306791
267,267.png,366,134,-1.27226403524077,0.02647681318545,0.830661757648689,1322,648,1139.04511411949,652.563217007532,1504.95488588051,644.436782992468
268,268.png,367,130,1.17298212947129,0.0139603691368212,0.995934854145362,1225,695,1041.53845284089,691.743576969451,1408.46154715911,699.256423030549
269,269.png,358,119,0.738988781568764,0.00709074910717233,0.555718116398072,286,571,107.014888379867,569.19136006952,464.985111620133,573.80863993048
270,270.png,361,121,1.26728104289424,0.0172359969271332,1.35971815643378,358,585,177.544149939937,581.507985583672,538.455850060063,589.492014416328
271,271.png,389,115,-0.899315381607693,0.0153981643296864,0.06085145000382,158,604,-36.4760415083964,607.552749453278,352.476041508396,601.447250546722
272,272.png,381,120,-1.10788121473718,0.00160535782273173,0.419541808837914,908,612,717.535611690074,616.183311787759,1098.46438830993,608.816688212241
273,273.png,399,117,-1.9994884327775,0.0180169253399223,1.08519250383937,730,615,530.621467853181,622.460669434747,929.378532146819,608.539330565253
274,274.png,381,134,1.19499887244386,0.0290761107541028,0.974400597103432,838,626,647.541432292812,622.527093390683,1028.45856770719,630.472906609317
275,275.png,354,118,0.14951501170927,0.0111517521455399,0.228730907225211,841,600,664.000602653049,600.038113849533,1017.99939734695,600.961886150467
276,276.png,359,118,0.279656935163774,0.0133904138129334,0.103633195646118,556,647,376.502138156638,646.623875772848,735.497861843362,648.376124227152
277,277.png,374,117,1.34519187742367,0.0231075547941878,1.44245670377395,27,616,-159.948463506132,612.110012221374,213.948463506132,620.889987778626
278,278.png,386,119,-0.737133959517981,0.0194705286507508,0.382069623474545,1179,611,986.0159723529,613.982956524659,1371.9840276471,609.017043475341
279,279.png,400,135,-1.89551414950553,0.0138437220166997,0.420608630104285,874,597,674.109438261536,604.115385694055,1073.89056173846,590.884614305945
280,280.png,392,130,1.09953895868197,0.00351188916509229,0.237856547355409,634,619,438.036090153236,615.738878150174,829.963909846764,623.261121849826
281,281.png,388,117,-1.78114087348886,0.0084909228172916,0.293300061899482,601,639,407.093732032465,645.529862593989,794.906267967535,633.470137406011
282,282.png,367,118,-1.23179588418097,0.0269327771481764,0.167594733186067,1267,588,1083.54240544037,592.444743134382,1450.45759455963,584.555256865618
283,283.png,384,119,-1.43422323030744,0.00944411071853414,0.271354360160448,454,587,262.060150161246,592.305626273095,645.939849838754,582.694373726905
284,284.png,358,122,1.20822939560885,0.0251861566599026,1.32107531973237,33,698,-145.960202071074,694.725602739474,211.960202071074,702.274397260526
285,285.png,384,120,0.596016322695415,0.00833914725812851,0.566724650253368,1257,569,1065.01038815352,567.50276615335,1448.98961184648,571.49723384665
286,286.png,369,135,-0.276415213021498,0.0240945389600671,1.04189013456111,844,581,659.50214705985,582.390090149904,1028.49785294015,580.609909850096
287,287.png,363,116,0.559085648048759,0.0190826021297987,1.13363599960169,1107,641,925.508640813084,639.728971912768,1288.49135918692,643.271028087232
288,288.png,391,131,1.86227512048343,0.0058419940112918,0.845045572105255,1075,619,879.603257343977,613.146815017968,1270.39674265602,625.853184982032
289,289.png,394,127,-0.788240013986647,0.00382162626800528,0.789199914031961,30,686,-166.981357632249,689.210119066779,226.981357632249,683.789880933221
290,290.png,371,134,1.06752904313613,0.00328047430225263,0.378860037084683,494,643,308.532197005979,640.043983135018,679.467802994021,646.956016864982
291,291.png,383,116,-1.72601913973788,0.00130254813418403,0.526819290910769,698,603,506.586886417078,609.268010791542,889.413113582922,597.731989208457
292,292.png,353,128,0.398044043474705,0.016678284508826,0.619958419709136,1265,578,1088.5042592189,577.273832747359,1441.4957407811,579.726167252641
293,293.png,384,129,1.23914101003799,0.00864964081741916,0.780561272869527,788,609,596.044900430114,605.347922313445,979.955099569886,613.652077686555
294,294.png,390,115,1.48166051613365,0.00693644481109954,0.162196316837491,498,642,303.065197743362,637.457890405262,692.934802256638,647.542109594738
295,295.png,369,135,0.436470203777125,0.0140369107464651,1.24419946710519,1069,571,884.505353381731,570.094521718426,1253.49464661827,572.905478281574
296,296.png,377,131,-1.08599373840702,0.0246827979340202,0.926080942640877,238,591,49.5338592812132,595.072646437371,426.466140718787,587.927353562629
297,297.png,386,117,-0.45791734139044,0.0172722031103375,0.0307924457130328,172,653,-20.9938361236489,655.042471483742,364.993836123649,651.957528516258
298,298.png,362,134,1.83547933519839,0.00610980391611046,1.37819961609552,1217,639,1036.09286780301,633.702628159138,1397.90713219699,645.297371840862
299,299.png,359,124,-1.94726462855956,0.00653939275950045,1.27809907905206,1281,601,1101.6036566906,607.599344818589,1460.3963433094,595.400655181411
300,300.png,368,133,1.93286525506836,0.0102437654028896,0.817789914894394,242,662,58.1046898394286,656.293962540618,425.895310160571,668.706037459382
301,301.png,382,118,-1.588842880494,0.00377091766261168,0.577356842831427,1040,626,849.07343315381,631.79585425852,1230.92656684619,621.20414574148
302,302.png,375,131,0.502851174414928,0.00671803936799528,1.46419863527302,46,631,-141.492778919916,629.854444504905,233.492778919916,633.145555495095
303,303.png,375,122,-1.84500083634655,0.0254111867224336,1.12240466806491,315,589,127.597203436334,595.536707721713,502.402796563666,583.463292278287
304,304.png,364,131,-1.99713621169229,0.00136699244780963,1.12503080005455,672,643,490.11055223524,649.842617112084,853.88944776476,637.157382887916
305,305.png,373,125,-1.57604339883577,0.0144571807618114,0.525346931286552,513,666,326.570552520932,671.629435899712,699.429447479068,661.370564100288
306,306.png,389,132,-0.354570416467753,0.0280966358770256,0.516796883656443,449,609,254.503724328274,610.703640240339,643.496275671725,608.296359759661
307,307.png,395,117,0.182763423217257,0.021468240814047,0.390714373888951,104,645,-93.4989952221813,644.870010929602,301.498995222181,646.129989070398
308,308.png,368,122,-0.865349368897384,0.0121809298404626,0.840874812780947,846,624,662.020985400868,627.278882353111,1029.97901459913,621.721117646889
309,309.png,379,134,0.150897244293565,0.00368606643550523,0.765294051577706,570,645,380.500657198132,645.000923192246,759.499342801868,645.999076807754
310,310.png,358,130,-1.94410186675306,0.00553263488409441,0.241657581713101,462,637,283.103032476172,643.572479788215,640.896967523828,631.427520211785
311,311.png,397,120,1.74962851923446,0.0189691082434572,0.627702245167979,1331,560,1132.59254292041,554.439391514865,1529.40745707959,566.560608485135
312,312.png,386,134,1.81116759609749,0.000223561155714957,1.00297348329184,93,587,-99.9035808800029,581.400124290432,285.903580880003,593.599875709568
313,313.png,362,135,-0.953511143352884,0.0108737368027784,1.08348071579629,1064,682,883.025063679986,685.512046474869,1244.97493632001,679.48795352513
314,314.png,354,130,-1.68497660496154,0.0192687498044079,1.47078348165915,165,563,-11.9234659922269,568.704534685956,341.923465992227,558.295465314044
315,315.png,384,120,1.87079350407746,0.0272199517365015,0.729122054604887,846,552,654.102338510144,546.23202467104,1037.89766148986,558.76797532896
316,316.png,374,131,-1.44496073077212,0.0216958965690864,0.753842138464938,958,596,771.059464177609,601.215513380032,1144.94053582239,591.784486619968
317,317.png,371,134,-1.41805242175626,0.0124371791289306,0.174579698846241,78,651,-107.443189180201,656.090597638241,263.443189180201,646.909402361759
318,318.png,369,115,1.56267113060727,0.00488071211459036,0.151604953448522,122,665,-62.4313833728442,660.468615779035,306.431383372844,670.531384220965
319,319.png,385,117,-1.986098749377,0.0156467868344489,1.16248354619116,208,615,15.6156414854819,622.171476520035,400.384358514518,608.828523479965
320,320.png,395,118,0.280882132880933,0.00732548972417708,1.05043285001104,363,572,165.50237322655,571.53179606742,560.49762677345,573.46820393258
321,321.png,375,121,-1.9146587110362,0.0170154588215393,0.612265092650345,1202,687,1014.60468111512,693.764539890133,1389.39531888488,681.235460109867
322,322.png,394,115,-0.877268151909925,0.0100330429278496,0.109079533890491,345,571,148.023091237467,574.516192029146,541.976908762533,568.483807970854
323,323.png,388,127,-1.74263732506392,0.0140176758752841,0.237393266492401,588,689,394.089723666802,695.399553574876,781.910276333198,683.600446425124
324,324.png,367,116,-0.99212846179308,0.00398965633663322,0.882813519721427,736,586,552.527509694902,589.677310379195,919.472490305098,583.322689620805
325,325.png,388,121,-1.71880891577604,0.012586750217022,0.708647496391481,124,597,-69.9127130949038,603.318908847331,317.912713094904,591.681091152669
326,326.png,387,125,-1.99228112902627,0.00363544890798179,0.595500016475187,1229,604,1035.61696695738,611.227000166342,1422.38303304262,597.772999833658
327,327.png,365,131,0.667778162665783,4.99250265073303e-05,1.37375372187732,1227,586,1044.51239501675,584.373023865472,1409.48760498325,588.626976134528
328,328.png,373,132,0.933579934928314,0.0240414199234883,0.366902120093305,813,568,626.524756941193,565.461295315623,999.475243058807,571.538704684377
329,329.png,382,131,-0.517086063060149,0.0166442124444675,0.384596372180298,1253,664,1062.00777823077,666.223723775269,1443.99222176923,662.776276224731
330,330.png,364,131,0.587274092811406,0.00929411339927219,0.652695647660018,1045,665,863.009560354815,663.634556955552,1226.99043964519,667.365443044448
331,331.png,377,121,0.895762428695461,0.00498547718959342,0.756902805964122,495,686,306.523036311025,683.553110354131,683.476963688975,689.446889645869
332,332.png,379,126,-1.33509100517898,0.0219867351015736,0.37711296716241,740,619,550.551444155572,623.915278978786,929.448555844428,615.084721021214
333,333.png,399,127,1.77528370638177,0.00910480220198231,0.228566965754174,345,618,145.595756536303,612.319572128822,544.404243463697,624.680427871178
334,334.png,362,115,-0.220349955420843,0.00422106221591215,0.377775031663395,459,567,278.001338531861,568.196093917474,639.998661468139,566.803906082526
335,335.png,381,122,-0.40197794889759,0.00886220786960773,0.567584675442479,1174,682,983.504688375609,683.836506313499,1364.49531162439,681.163493686501
336,336.png,396,128,0.636078015426949,0.0118256200479385,0.58851193936097,512,653,314.012201303785,651.301917329331,709.987798696215,655.698082670669
337,337.png,375,130,0.0633854096074793,0.0241361409203427,0.896357915061389,307,570,119.500114737285,570.292571774428,494.499885262715,570.707428225572
338,338.png,363,116,1.11005841298048,3.14673085698436e-07,0.814711815455825,73,644,-108.465937270209,640.98380736527,254.465937270209,648.01619263473
339,339.png,386,127,1.08065056998401,0.00640021624198288,1.12087119168722,446,653,253.034327308084,649.860060088935,638.965672691916,657.139939911065
340,340.png,377,132,1.95192350635706,0.00452227192501515,0.847357013530019,67,602,-121.390624593861,596.07951986727,255.390624593861,608.92048013273
341,341.png,353,135,0.0563635955314643,0.0223107239438155,0.0493627917171273,1367,606,1190.50008540175,606.326371626474,1543.49991459825,606.673628373527
342,342.png,357,128,1.71788772030909,0.00601610330392321,1.02133094008906,1015,670,836.580226893419,665.148872586444,1193.41977310658,675.851127413556
343,343.png,355,129,-1.77050698461893,0.0164462047844857,1.12059119505424,882,623,704.584739096082,628.984085921531,1059.41526090392,618.015914078469
344,344.png,360,124,-0.580081195056713,0.029533901996808,1.48370714801357,467,639,287.009225100552,641.322347688125,646.990774899447,637.677652311875
345,345.png,355,134,0.219041092210708,0.020880859584566,0.903187217406607,661,619,483.5012971009,618.821421237452,838.4987028991,620.178578762548
346,346.png,369,133,-0.723684536890689,0.0185091080628807,1.17707079836133,1221,570,1036.51471681811,572.830298113768,1405.48528318189,568.169701886232
347,347.png,375,132,0.661145375125399,0.0166677972714587,0.393807332977062,615,700,427.512482889359,698.336454833572,802.487517110641,702.663545166428
348,348.png,366,126,0.880815814078584,0.0268639471679128,0.548270683598094,790,554,607.021624072196,551.686826911955,972.978375927804,557.313173088045
349,349.png,353,118,1.32965810381693,0.0219126389760107,0.281523490137892,287,657,110.547525853787,653.40434771006,463.452474146213,661.59565228994
350,350.png,386,125,-1.04623730912451,0.0164060612804821,0.381473763885396,683,696,490.032175876554,700.024039310598,875.967824123446,692.975960689402
351,351.png,389,119,-1.71083422650761,0.00177439913415048,1.34493167765183,1338,564,1143.58670176467,570.306846757268,1532.41329823533,558.693153242732
352,352.png,356,135,0.71933009610411,0.00433511453851501,0.577378627461185,1118,686,940.014027991682,684.265325917695,1295.98597200832,688.734674082305
353,353.png,395,133,-0.6018969938968,0.0246059698250254,0.36494020099347,677,666,479.510897633403,668.574715989191,874.489102366597,664.425284010809
354,354.png,394,126,-0.86392060960266,0.00467030292370835,0.421767106879722,1116,632,919.022393934658,635.470304490638,1312.97760606534,629.529695509362
355,355.png,385,135,0.754356440163821,0.0279251196715741,1.20726729740903,334,563,141.516684085417,560.965617525545,526.483315914583,566.034382474455
356,356.png,353,121,1.69535268865907,0.0170255141447881,0.340354466473659,567,668,390.577260565209,663.278217706185,743.422739434791,673.721782293815
357,357.png,399,131,1.35860221631754,0.00344268475461832,0.328361290164465,174,695,-25.4439169107658,690.7698829516,373.443916910766,700.2301170484
358,358.png,379,117,1.30805612547284,0.0170633097152643,0.635474460015156,335,637,145.549381906011,633.174112367883,524.450618093989,641.825887632117
359,359.png,397,135,0.407448930755126,0.019786545656127,0.591846310829037,732,595,533.505019145496,594.088413810594,930.494980854504,596.911586189406
360,360.png,392,131,0.512408004641487,0.00417837114133043,0.523599817893459,446,630,250.00783808064,628.747154834186,641.99216191936,632.252845165815
361,361.png,391,130,-1.76475041290746,0.0209846251986944,0.306794379458106,374,655,178.592726475206,661.520585819203,569.407273524794,649.479414180797
362,362.png,352,126,0.536713837664973,0.0206873417267964,0.564689768223116,681,632,505.00772182254,630.85135755621,856.99227817746,634.14864244379
363,363.png,350,122,0.0692464033539797,0.0239545436292812,0.141546917303851,895,618,720.000127807747,618.288498948093,1069.99987219225,618.711501051907
364,364.png,397,120,-1.86969257218192,0.0115368437867766,1.45807414724028,1397,628,1198.60567861597,634.976360287254,1595.39432138403,622.023639712746
365,365.png,357,116,-0.146391807256586,0.00567416756069561,0.427563300320541,574,637,395.500582634595,637.956070401457,752.499417365405,637.043929598543
366,366.png,383,119,-1.91131649034715,0.00725403038674935,0.849923422675774,526,615,334.606541414205,621.887018910867,717.393458585794,609.112981089133
367,367.png,367,115,1.04898139557953,0.0181361148397352,0.861735148552556,1036,676,852.530752770601,673.140636804729,1219.4692472294,679.859363195271
368,368.png,387,117,-0.474039176658491,0.019626153031912,0.262376386487332,1175,635,981.506622648447,637.100912580222,1368.49337735155,633.899087419778
369,369.png,365,133,-0.0237596551199601,0.00412627696220741,1.03631257369015,820,652,637.500015691623,652.575679866335,1002.49998430838,652.424320133665
370,370.png,393,131,1.93213136500935,0.00326338086062741,0.826878472155323,1196,678,999.611717044879,671.874872232231,1392.38828295512,685.125127767769
371,371.png,357,125,0.271569080932437,0.00921225279017231,0.930157636322645,581,564,402.50200503885,563.653953400127,759.49799496115,565.346046599873
372,372.png,373,120,1.41614968912185,0.0278855039937228,1.0674435074893,940,590,753.556963909645,585.890846779461,1126.44303609036,595.109153220539
373,373.png,356,135,1.88005541753726,0.0187684681990708,0.762782506754822,699,693,521.095817994388,687.660306094153,876.904182005612,699.339693905847
374,374.png,380,122,-1.9788308543404,0.00771492403746782,0.533484930416637,902,670,712.113305898082,677.060747140746,1091.88669410192,663.939252859254
375,375.png,374,116,-0.355923923699072,0.0156246880899054,0.412181516336159,276,618,89.0036081061862,619.661644823168,462.996391893814,617.338355176832
376,376.png,354,129,-1.31395327911762,0.0226587878252007,1.1923750862925,53,592,-123.953458666931,596.558751755254,229.953458666931,588.441248244746
377,377.png,370,127,1.49982260296147,0.0180643837957639,1.18905567084575,1142,591,957.063379886513,586.657837156831,1326.93662011349,596.342162843169
378,378.png,354,126,-1.70258286218256,0.0161775703362667,0.0442961262007837,1136,653,959.078141647452,658.758900748333,1312.92185835255,648.241099251667
379,379.png,369,134,-1.5868666827449,0.00274298366216562,0.694486366303001,806,559,621.570757785522,564.609267676836,990.429242214478,554.390732323164
380,380.png,377,128,0.806080465750444,0.0104508551975255,0.939124352115167,1109,695,920.518654590682,692.848126569093,1297.48134540932,698.151873430907
381,381.png,365,131,-1.79496915072819,0.0264796988438144,0.0575588223730911,346,557,163.589550098122,563.216447025427,528.410449901878,551.783552974573
382,382.png,374,128,-0.360241959993002,0.029618244168246,0.949226005176299,373,563,186.003696183373,564.675737606687,559.996303816627,562.324262393313
383,383.png,386,123,0.499525100113858,0.0241361319363892,0.694344289828383,7,688,-185.992665104537,686.81737828132,199.992665104537,690.18262171868
384,384.png,375,121,-1.13383459115494,0.00355909634509998,1.44907528455914,121,601,-66.4632877296029,605.210222851543,308.463287729603,597.789777148457
385,385.png,394,122,0.0711624300387643,0.0282133154247046,0.125001947698943,1398,636,1201.00015194711,636.255322377451,1594.99984805289,636.744677622549
386,386.png,387,124,-0.23634097021971,0.00681175517672775,0.189557086020271,273,692,79.5016462019856,693.298171321479,466.498353798014,691.701828678521
387,387.png,387,116,-0.206522691122499,0.0236322604731912,0.558703148710207,422,615,228.501257015954,616.197469421617,615.498742984046,614.802530578383
388,388.png,360,128,0.602141125255181,0.000776536883536356,0.0187354674549231,1241,697,1061.0099400788,695.608352685842,1420.9900599212,699.391647314158
389,389.png,364,121,-1.60110947537681,0.0210121605187583,0.424871164277628,260,649,78.0710574995347,654.585261120375,441.928942500465,644.414738879625
390,390.png,397,130,-1.28747054181254,0.0198372307695824,0.910446125656019,150,656,-48.4498880181958,660.960038740364,348.449888018196,652.039961259636
391,391.png,375,133,0.428184385151817,0.0261806051065798,1.22329293483138,546,613,358.505235831258,612.098782919153,733.494764168742,614.901217080847
392,392.png,380,135,1.28878001786942,0.00828772770669827,1.47559338852694,69,675,-120.951936253881,671.22660399662,258.95193625388,679.77339600338
393,393.png,379,117,1.39885881652351,0.00065666159764479,0.479264556703536,1073,681,883.556475508475,676.87387546332,1262.44352449153,686.12612453668
394,394.png,389,117,1.82568111576351,0.0202267978068313,1.43363241806056,305,625,110.5987318889,619.303472198396,499.4012681111,631.696527801604
395,395.png,364,116,-0.201139996595262,0.00533823930274928,0.11784322588094,9,578,-172.998878517352,579.1389197337,190.998878517352,577.8610802663
396,396.png,397,130,-0.545109925046757,0.0222978435756994,0.511664130158809,1256,665,1057.50898359477,667.388493161058,1454.49101640523,663.611506838942
397,397.png,389,126,-0.197266496615642,0.0105667966407716,1.02402514389076,818,665,623.501152791006,666.169652426678,1012.49884720899,664.830347573322
398,398.png,371,126,-1.1907501781814,4.95927514685801e-05,1.1249060934681,443,699,257.540058467653,703.354878314335,628.459941532347,695.645121685665
399,399.png,364,127,0.903418688128979,0.0120618472714469,0.724089452968495,533,566,351.022623785263,563.63041013381,714.977376214737,569.36958986619
400,400.png,354,121,0.778204099336131,0.0114833233257727,0.605709331791177,918,584,741.016325946081,582.096020304562,1094.98367405392,586.903979695438
401,401.png,387,121,1.02448853016184,0.00621031815132483,1.24755126922738,160,554,-33.4690679759693,551.040269300978,353.469067975969,557.959730699022
402,402.png,372,121,0.299911079458194,0.0184994401811771,0.963003824854282,1376,659,1190.00254813077,658.526399387258,1561.99745186923,660.473600612742
403,403.png,353,122,0.301476403714895,0.0292026933962142,1.31129753337254,252,600,75.5024432904596,599.571304375712,428.49755670954,601.428695624288
404,404.png,394,133,-0.439903766150695,0.0229312239505676,1.0029701146266,570,619,373.005806363122,621.012505654916,766.994193636878,617.987494345084
405,405.png,387,126,1.33211520044653,0.0270379005188893,0.238021371736993,1318,644,1124.55229614949,640.001569721892,1511.44770385051,648.998430278108
406,406.png,355,128,-1.07323276292569,0.0153746003047862,0.224779051448817,435,653,257.531138539773,656.824637124657,612.468861460227,650.175362875343
407,407.png,357,122,-1.75297690632991,0.0268645885484904,0.534875481411289,1009,600,830.583537499549,605.960394566808,1187.41646250045,595.039605433192
408,408.png,379,119,1.10175009737056,0.0256148381171401,0.207453313413372,408,559,218.535033761317,555.85629746349,597.464966238683,563.14370253651
409,409.png,358,131,-1.87962427264088,0.0247031569261988,0.379930988911553,669,601,490.09631211282,607.371154943145,847.90368788718,595.628845056855
410,410.png,391,135,-1.09465040248399,0.0267786525305158,0.0386145706789613,276,670,80.5356787124287,674.234849875043,471.464321287571,666.765150124957
411,411.png,385,130,-1.48663586969057,0.0245541052445372,1.27738997439714,363,554,170.564794825228,559.494177544248,555.435205174772,549.505822455752
412,412.png,400,129,-1.22590370091828,0.00329154127948828,0.0949865264137688,538,647,338.045777374366,651.778884688613,737.954222625634,643.221115311387
413,413.png,400,120,0.503641335379892,0.0178137546969592,1.00691123245474,987,697,787.007726711063,695.741982729532,1186.99227328894,699.258017270468
414,414.png,393,119,0.829208008807647,0.00201878880961258,1.38576592174318,1214,603,1017.52057816712,600.656270719845,1410.47942183288,606.343729280155
415,415.png,387,121,-1.13413225221521,0.0216275645467814,0.882564341047725,236,648,42.5379069576896,652.329955050446,429.46209304231,644.670044949554
416,416.png,372,131,-1.15978028401675,0.0294172763619863,0.475638403417619,491,590,305.038104327212,594.264752021468,676.961895672788,586.735247978532
417,417.png,368,135,-0.885940339461067,0.0153228621673608,1.49999703824025,462,589,278.021995957059,592.34500059328,645.97800404294,586.65499940672
418,418.png,400,115,-1.0744346639956,0.000635223529219301,0.451826524513926,92,604,-107.964835695586,608.250264688982,291.964835695586,600.749735311018
419,419.png,378,135,0.0539929280881295,0.0089109644302344,1.06801254685263,189,645,8.39189946191254e-05,645.321895050822,377.999916081005,645.678104949178
420,420.png,370,117,-1.50018214025188,0.00668989456174881,0.312229845338689,388,582,203.063410275256,587.343323340616,572.936589724744,577.656676659384
421,421.png,385,135,0.0498561985293393,0.0150051906457856,0.507361688206212,672,580,479.500072877551,580.332495218892,864.499927122449,580.667504781108
422,422.png,354,125,0.442923648484313,0.0294589471382652,0.168209230768765,1201,609,1024.0052887566,608.131719376053,1377.9947112434,610.868280623947
423,423.png,396,125,-1.91060976429577,0.0244114879641058,0.300238217223096,1282,655,1084.11007626147,662.101369763817,1479.88992373853,648.898630236183
424,424.png,360,132,1.29530169230565,0.0131997974292828,1.37650674872162,949,696,769.045996058057,692.431036340419,1128.95400394194,700.56896365958
425,425.png,387,116,1.88254852577183,0.00867917070214922,0.669072907493927,588,571,394.60443810841,565.143378205669,781.39556189159,577.856621794331
426,426.png,365,131,0.363409934346272,0.0214445102503828,1.08690801014409,641,635,458.503670960765,634.342465031572,823.496329039235,636.657534968428
427,427.png,394,133,0.563938219070734,0.0283956756466274,0.0982064047857498,1129,653,932.009542243979,651.561043302842,1325.99045775602,655.438956697158
428,428.png,350,119,-1.80305387411908,0.0210544751944258,1.28523166397794,841,584,666.086645169179,590.006205755994,1015.91335483082,578.993794244006
429,429.png,392,125,-0.617676350852518,0.00708704934577417,0.725158035218781,184,582,-11.9886106601505,584.612934334981,379.988610660151,580.387065665019
430,430.png,381,126,1.70148714874094,0.0177689028958044,1.29622773855688,364,659,173.58399339762,653.843638130184,554.41600660238,665.156361869816
431,431.png,397,130,1.84904986683586,0.0111751467486262,0.662890268351729,988,579,789.60335816856,573.095118267501,1186.39664183144,585.904881732499
432,432.png,351,120,-0.423050923278105,0.0154870356129963,1.47865647921854,112,652,-63.4952160659754,653.795815556558,287.495216065975,651.204184443442
433,433.png,398,121,0.841437692587886,0.0165822888352847,0.791955380188352,110,555,-88.9785407798372,552.577619270754,308.978540779837,558.422380729246
434,434.png,397,133,-0.88415519797725,0.007390115483675,1.23314978365627,547,550,348.523633804649,553.563015163029,745.476366195351,547.436984836971
435,435.png,381,118,0.485566825534613,0.00829583238716487,1.29914543685087,722,618,531.506840929825,616.885581384791,912.493159070175,620.114418615209
436,436.png,358,120,-0.189522230875819,0.026943294387947,0.565688531256473,908,680,729.000979259276,681.09209278155,1086.99902074072,679.907907218451
437,437.png,400,118,0.226830197008989,0.0277068705842321,0.285082414412592,868,587,668.001567313621,586.708215312147,1067.99843268638,588.291784687853
438,438.png,398,128,-1.9064895584333,0.00527683494395643,1.16377270414656,665,667,466.110155606753,674.120407633223,863.889844393247,660.879592366777
439,439.png,391,124,1.98956437565389,0.00396337217593817,1.48915411255161,1015,612,819.617853871581,605.712734405301,1210.38214612842,619.287265594699
440,440.png,353,117,1.03041140571705,0.00430688737224449,1.29062073144081,722,670,545.528541648843,667.325982448701,898.471458351157,673.674017551299
441,441.png,350,132,-1.32968093851052,0.0232205217122987,0.135001976304279,612,600,437.047123569773,604.560914772505,786.952876430227,596.439085227495
442,442.png,397,124,1.5936982206168,0.00893840739282885,1.06902975066964,375,657,176.576783768844,651.979378614331,573.423216231156,663.020621385669
443,443.png,352,123,-0.81505298683277,0.0212539225607034,0.0345692666483656,353,666,177.0178074515,669.003578603232,528.9821925485,663.996421396768
444,444.png,372,120,-0.277128137538736,0.0286781834485733,0.498099527419389,945,630,759.002175695348,631.399641003892,1130.99782430465,629.600358996108
445,445.png,373,133,0.119356707810965,0.0197198205152113,0.794639796691236,890,561,703.50040466634,561.111489535599,1076.49959533366,561.888510464401
446,446.png,374,130,0.528079154092637,0.0198875713124192,1.3711827162265,178,686,-8.99205742508502,684.776497770904,364.992057425085,688.223502229097
447,447.png,391,118,-1.92947919887671,0.00942983363204731,0.00593382611063237,21,573,-174.389156390455,580.082367737103,216.389156390455,566.917632262897
448,448.png,379,128,-0.872238902951338,0.0224167277031908,0.279882938129494,56,654,-133.478041813365,657.384730589287,245.478041813365,651.615269410713
449,449.png,396,130,1.82857128086174,0.0219641806557524,0.753680849927518,368,627,170.100827002537,621.18198394111,565.899172997463,633.81801605889
450,450.png,391,131,-0.56613482948068,0.0156003388617137,1.27521402580364,998,579,802.509543500842,581.431687798452,1193.49045649916,577.568312201548
451,451.png,351,126,1.85535670870094,0.0198649520651206,1.08909271821063,237,685,61.5920065503474,679.817937525278,412.407993449653,691.182062474722
452,452.png,391,133,-0.0665262770364574,0.0171561364125068,0.104956125008574,1247,699,1051.50013178255,699.726995502091,1442.49986821745,699.273004497908
453,453.png,393,129,-0.751497716076541,0.0133957925286474,0.0893718349456532,991,589,794.516901933873,592.077241613922,1187.48309806613,586.922758386078
454,454.png,399,121,-0.144552648816259,0.0100989672891641,1.29222912703679,49,632,-150.499365079254,633.003321939081,248.499365079254,631.996678060919
455,455.png,351,130,-1.16992224834243,0.021945332022746,0.711332172875943,983,678,807.536584807218,682.083284650352,1158.46341519278,674.916715349648
456,456.png,350,127,-1.15243509844975,0.0244452737266959,0.921298032516568,1306,619,1131.03539819357,623.019675370837,1480.96460180643,615.980324629163
457,457.png,374,120,1.27566458835082,0.0230316307875716,1.20978709401093,712,688,525.04634697627,684.336873640765,898.953653023729,692.663126359235
458,458.png,376,116,-1.09508832896987,0.0174089763615882,0.255600605499525,1140,628,952.034337420654,632.093005859658,1327.96566257935,624.906994140342
459,459.png,373,121,1.05351817528348,0.0158531609264014,0.947102059393663,122,569,-64.4684735257397,566.070950426063,308.46847352574,572.929049573937
460,460.png,399,133,-1.63690252065026,0.00981928398915608,0.537360847319394,1179,595,979.581411120981,601.198807726263,1378.41858887902,589.801192273737
461,461.png,398,123,1.26758196073966,0.020958422768973,0.194829411773158,322,607,123.048698120745,603.097786857801,520.951301879255,611.902213142199
462,462.png,353,115,-0.041742232225483,0.0170670390506524,0.859752324663635,1039,575,862.500046840419,575.628587190866,1215.49995315958,575.371412809134
463,463.png,355,123,-1.80274973221873,0.00950382129886071,0.619255921240185,1362,608,1184.58785331379,614.083924085385,1539.41214668621,602.916075914615
464,464.png,395,119,0.567695742652348,0.0128872755702037,0.57900013158382,661,561,463.509694369329,559.543170445771,858.490305630671,563.456829554229
465,465.png,353,125,1.40052594297584,0.0206820836065187,1.31900814515944,1113,602,936.552726645351,598.186100869315,1289.44727335465,606.813899130685
466,466.png,358,121,-1.44742528194823,0.0298893299193246,1.37936903490985,1231,569,1052.05711457926,574.021477336064,1409.94288542074,564.978522663936
467,467.png,398,117,1.60799918763763,0.025876442519468,0.727119727216266,464,565,265.078364787489,559.915821960165,662.921635212511,571.084178039835
468,468.png,361,126,-1.00392062523921,0.00270032282812271,1.1333043794153,33,687,-147.472292994674,690.662508694753,213.472292994674,684.337491305247
469,469.png,380,127,-1.83365740198378,0.0048776354867153,1.14392410361485,955,609,765.097292119473,615.579600286476,1144.90270788053,603.420399713524
470,470.png,361,118,-0.186740914297387,0.00694221446528541,0.654132031957446,1148,568,967.500958695134,569.088292464842,1328.49904130487,567.911707535158
471,471.png,369,124,-0.456283919373132,0.0286482469289895,0.917838394705845,327,557,142.505850448242,558.969279133927,511.494149551758,556.030720866073
472,472.png,382,116,1.05674804934904,0.0165490468861963,1.43905718108003,93,700,-97.9675145636098,696.977446750227,283.96751456361,704.022553249773
473,473.png,382,121,-0.417976074096129,0.0194970052683578,1.08822159757139,784,640,593.005082285121,641.893343850775,974.994917714879,639.106656149225
474,474.png,382,132,1.12044546078647,0.0137643838849591,0.829828510515805,1377,693,1186.03651957457,689.765144740891,1567.96348042543,697.234855259109
475,475.png,366,123,1.93530532863765,0.0290648248620177,0.709606548509551,991,636,808.104383900852,630.319901965746,1173.89561609915,642.680098034254
476,476.png,381,119,-1.50573789297758,0.0224953832747927,1.29279214898217,162,678,-28.4342200583459,683.505779736413,352.434220058346,673.494220263587
477,477.png,375,132,1.66334453693783,0.0168248110618415,0.950263567682813,1034,580,846.579005975923,575.057482289694,1221.42099402408,585.942517710306
478,478.png,382,121,1.46946146579799,0.00416704485952657,0.345068266723231,1113,672,922.062813169068,667.60197130573,1303.93718683093,677.39802869427
479,479.png,354,128,-1.88716164183029,0.0144679266763159,1.20996454254514,971,671,794.096001262477,677.328827555738,1147.90399873752,665.671172444262
480,480.png,367,126,1.0310611152698,0.00341934336287278,0.372310355215542,559,610,375.529711043491,607.198020258228,742.470288956509,613.801979741772
481,481.png,383,122,-0.41131065299238,0.0106981820226859,0.0906807842860418,208,688,16.5049343683751,689.87471405742,399.495065631625,687.12528594258
482,482.png,372,135,1.3766471725143,0.00296256601227472,0.014336824115844,1016,660,830.053686128276,656.031403182389,1201.94631387172,664.968596817611
483,483.png,393,126,-0.802049003834805,0.0168988257219309,1.17624262987402,1227,674,1030.51925227293,677.250594956041,1423.48074772707,671.749405043959
484,484.png,372,130,-0.788750225677482,0.0194739230557734,0.0174158656268695,695,652,509.017624216459,655.060448771129,880.982375783541,649.939551228871
485,485.png,380,133,1.70920542109327,0.0105992094596206,1.27987253952437,278,673,88.0845346301155,667.832900800215,467.915465369884,679.167099199785
486,486.png,390,116,-1.70420153866193,0.00789329121512949,1.49673761421525,107,637,-87.9137479872554,643.299210770501,301.913747987255,631.700789229499
487,487.png,351,126,1.8161501610224,0.000467704510995957,0.0717063185925803,82,679,-93.4118405232257,673.937967614761,257.411840523226,685.062032385239
488,488.png,377,121,0.94221187774815,0.00343278405081269,0.842419321023773,827,665,638.525487278025,662.400313852306,1015.47451272197,668.599686147694
489,489.png,363,126,-1.04219423726239,0.00781914339418871,0.446584656150984,698,574,516.530025256715,577.801252288371,879.469974743285,571.198747711629
490,490.png,350,128,-0.795539370544435,0.0144792450619665,1.24263203479259,882,651,707.016868604881,653.929758662619,1056.98313139512,649.070241337381
491,491.png,366,135,-0.374935971870747,0.0259057137206773,0.499855802825091,365,565,182.00391821712,566.697519149599,547.99608178288,564.302480850401
492,492.png,389,134,1.84543849968661,0.0227688977788577,0.60400736102479,1137,639,942.600880204221,633.236436906489,1331.39911979578,645.763563093512
493,493.png,387,131,0.967951032123495,0.0201669733003922,0.734690183332175,377,638,183.527612272722,635.23117955435,570.472387727278,641.76882044565
494,494.png,367,131,-1.72362042042291,0.0234437060925939,0.0781753123560872,1012,652,828.583025465077,658.019370657555,1195.41697453492,646.980629342445
495,495.png,377,117,-1.108550899405,0.00475283472655402,0.640166863991977,22,626,-166.464719573752,630.146844661767,210.464719573752,622.853155338233
496,496.png,359,124,0.0473471741060973,0.017295839417411,0.409694688387168,1397,616,1217.50006128826,616.351667664582,1576.49993871174,616.648332335418
497,497.png,350,122,0.399118200449027,0.018358114459981,0.191523386740284,90,650,-84.9957541553717,649.280972685831,264.995754155372,651.719027314169
498,498.png,369,119,0.987768830790304,0.00643168711872317,0.627706035800063,1104,599,919.527417066736,596.319411071832,1288.47258293326,602.680588928168
499,499.png,383,135,-0.904248014237033,0.0235872870050514,0.949064217145853,1103,660,911.523848421062,663.522147666764,1294.47615157894,657.477852333235
500,500.png,373,118,-1.10267886228888,0.0106593194800425,1.44630549527855,320,614,133.534537291007,618.089041198045,506.465462708993,610.910958801955
501,501.png,323,138,-1.27801166689858,0.0244165820146176,1.38136225454529,237,696,75.5401743534999,700.102041393683,398.4598256465,692.897958606317
502,502.png,311,138,-0.226482816432525,0.0177539170433885,0.754271848933098,1156,567,1000.50121485678,568.114669815818,1311.49878514322,566.885330184181
503,503.png,293,144,0.771184418228131,0.0130720945641915,0.0855271715809571,1166,560,1019.51327004207,558.52821242693,1312.48672995793,562.47178757307
504,504.png,299,135,-0.000622405888337063,0.0150422501240018,0.745351915813167,352,598,202.500000008821,598.501624023289,501.499999991179,598.498375976711
505,505.png,304,145,0.0216793985175396,0.00127708377666428,0.125761842136872,138,685,-13.9999891191511,685.442486715007,289.999989119151,685.557513284993
506,506.png,272,145,0.0895890714995016,0.00632497205771958,1.282633616635,1028,561,892.000166254585,561.287347185733,1163.99983374542,561.712652814267
507,507.png,315,137,-1.13072445963621,0.00170875260290743,0.132403234102495,1275,625,1117.53066936443,628.608039444135,1432.46933063557,622.391960555865
508,508.png,252,142,-1.04234873824316,0.0173375311976768,1.17065192196255,315,550,189.020850160223,552.792118157313,440.979149839777,548.207881842687
509,509.png,293,144,0.581624492030252,0.0177638111173885,0.371411551925718,665,550,518.507548210574,549.012865600338,811.492451789426,551.987134399662
510,510.png,283,138,0.560131072498129,0.00718498858097372,1.1366834728981,83,660,-58.4932382820539,659.11669943327,224.493238282054,661.88330056673
511,511.png,265,137,-0.0483434321899479,0.0213101850741877,1.23467665059321,337,581,204.500047164535,581.611797135139,469.499952835465,581.388202864861
512,512.png,268,145,-1.92702886018926,0.0246336047720941,0.547840935306478,794,654,660.075781820944,659.005972162438,927.924218179056,649.994027837562
513,513.png,315,140,-1.12138207930312,0.0221950485891081,1.30795727282363,354,671,196.530164675462,674.582363194491,511.469835324538,668.417636805509
514,514.png,281,138,0.19292135404464,0.0250252370507706,0.361211520722401,172,563,31.5007964550243,563.026921541938,312.499203544976,563.973078458062
515,515.png,320,137,-1.75051384747015,0.00452836201166212,1.42454348626913,598,635,438.074669293273,640.387596376942,757.925330706727,630.612403623058
516,516.png,315,137,-1.61423462368968,0.0289469132564176,0.199932180790925,1221,676,1063.56250429872,680.93677217241,1378.43749570128,672.06322782759
517,517.png,282,136,-1.54763465301577,0.0270588943172021,1.36212575219065,454,555,313.051434478087,559.308133048494,594.948565521913,551.691866951506
518,518.png,251,135,1.88225974513612,0.00450357479017224,0.884146229316289,901,657,775.567715566333,653.377861992657,1026.43228443367,661.622138007343
519,519.png,309,137,0.359446654458476,0.0292193177286768,1.37167954099408,256,681,101.503040329759,680.530746342811,410.496959670241,682.469253657189
520,520.png,272,145,1.01070812715694,0.0247607394485456,1.38762133321706,1177,658,1041.02115942695,656.101059315028,1312.97884057305,660.898940684972
521,521.png,281,142,1.75771103219845,0.0108154897884961,1.09070416133273,1020,635,879.566109208871,631.190438854685,1160.43389079113,639.809561145315
522,522.png,252,141,0.237813747309267,0.0273856623386207,0.581576479816517,1103,588,977.001085346909,587.977021756598,1228.99891465309,589.022978243402
523,523.png,297,138,-1.3695420614912,0.00788497110241767,0.85960613075635,1120,559,971.542421035439,563.049260201944,1268.45757896456,555.950739798056
524,524.png,300,137,-0.354431383241089,0.0251499623795599,0.304214027084875,310,676,160.002869980547,677.427893273591,459.997130019453,675.572106726409
525,525.png,262,139,-0.949174568973922,0.0220727169446094,1.48252371495824,523,608,392.0179753887,610.670075741697,653.9820246113,606.329924258303
526,526.png,250,145,-0.191125260714956,0.0275280753504085,0.397076673943454,956,653,831.000695457398,653.916969862107,1080.9993045426,653.083030137893
527,527.png,315,140,-1.40724115667703,0.0286201002458238,1.40898428143535,712,696,554.547502943551,700.367967255405,869.452497056449,692.632032744595
528,528.png,289,138,0.560308540382881,0.0261403782821836,1.3059726242465,1321,676,1176.50690945209,675.086923953313,1465.49309054791,677.913076046687
529,529.png,299,136,-1.92192032810656,0.00211753754961939,0.921938950757164,1224,663,1074.5840999951,668.513863353328,1373.4159000049,658.486136646672
530,530.png,281,142,0.940837858161351,0.0205537770856683,0.984266583382445,856,699,715.518941783755,697.192992751662,996.481058216245,701.807007248338
531,531.png,296,145,-0.8371998501894,0.0192684123689176,0.110428084696816,1026,597,878.015799269663,599.66248334172,1173.98420073034,595.33751665828
532,532.png,297,140,0.914837335551905,0.00984473036707841,0.595687972655482,35,560,-113.481070910391,558.129012588904,183.481070910391,562.870987411096
533,533.png,307,142,-0.490522876115353,0.0133593796113311,0.0712835900806758,240,596,86.5056253428765,597.8141341707,393.494374657123,595.185865829301
534,534.png,318,142,1.1292979487506,0.00633415253201431,0.762128898105324,1086,565,927.030883384091,562.366318082893,1244.96911661591,568.633681917107
535,535.png,288,145,-1.86641299614743,0.00955597347258481,0.444187119744376,1181,649,1037.07639489306,654.189977933929,1324.92360510694,644.810022066071
536,536.png,294,145,-0.876557203342578,0.0176290162400968,0.82250636424282,1188,664,1041.01720260153,666.748837237095,1334.98279739847,662.251162762905
537,537.png,252,137,-1.36643963344477,0.00185020334844736,1.27047375999255,739,593,613.03583072539,596.504672853624,864.96416927461,590.495327146376
538,538.png,255,137,-1.02987889360818,0.0190595915564784,0.802584514444305,1278,583,1150.52059660057,585.791660734991,1405.47940339943,581.208339265009
539,539.png,262,145,1.23691306274312,0.015259957230408,0.354998067930072,661,679,530.030525129862,676.672164743079,791.969474870138,682.327835256921
540,540.png,282,140,-1.78233129439302,0.0163320815100668,1.23538944075369,651,560,510.068215912909,564.885457106126,791.931784087091,556.114542893874
541,541.png,254,137,-0.901026832994041,0.00367896558023577,0.503410692760449,1260,657,1133.01570344579,659.497105062801,1386.98429655421,655.502894937199
542,542.png,292,144,1.75618386614454,0.0278532165503485,1.3979617333486,677,631,531.068577801725,627.025626838448,822.931422198275,635.974373161552
543,543.png,263,143,1.29327772308588,0.0144300624570647,0.416557315388921,1105,654,973.533497750753,651.532040035861,1236.46650224925,657.467959964139
544,544.png,254,138,-1.64727698016893,0.00279882706242604,1.16287450128988,457,677,330.052484589404,681.15079869023,583.947515410596,673.84920130977
545,545.png,305,142,-1.493373695821,0.00273896353208004,0.0513673659886789,1376,684,1223.55179728442,688.47435388313,1528.44820271558,680.52564611687
546,546.png,294,137,0.566262346170789,0.000482969163984755,0.969899698090519,158,593,11.0071791645427,592.047201722479,304.992820835457,594.952798277521
547,547.png,264,143,-1.41447054019289,0.0105445015193547,0.685802141687532,472,680,340.040222070875,683.758375192646,603.959777929125,677.241624807354
548,548.png,285,135,-1.79620366127044,0.0251976191781321,0.150559259406058,1231,587,1088.57001888479,591.966595965824,1373.42998111521,583.033404034176
549,549.png,272,142,1.44180962310182,0.00300574930335742,1.3946046325081,452,567,316.043058269292,564.078012970084,587.956941730708,570.921987029916
550,550.png,299,137,0.675632518478073,0.00341298363475788,0.260353670929664,909,608,759.510393982663,606.737135064355,1058.48960601734,610.262864935645
551,551.png,256,137,1.28006958400219,0.0208494109331546,1.38155736255358,284,601,156.03194359576,598.640534993862,411.96805640424,604.359465006138
552,552.png,306,141,-1.17328377787369,0.0249217554821732,0.0669175876601199,324,698,171.03207798841,701.632863778745,476.96792201159,695.367136221255
553,553.png,263,139,-0.797254377155758,0.0052796068136849,0.303816565368723,811,585,679.512730261055,587.329725825874,942.487269738945,583.670274174126
554,554.png,305,136,-1.28893467678188,0.0200432219401838,0.706521086837209,452,654,299.538586739516,657.93037412187,604.461413260484,651.06962587813
555,555.png,267,135,-0.362405020605807,0.0218166140089595,0.345975235061306,1229,693,1095.50267050237,694.344403341057,1362.49732949763,692.655596658943
556,556.png,265,136,-1.05513647926627,0.0220629615293596,1.43953337321958,21,601,-111.477532972318,603.939929828596,153.477532972318,599.060070171404
557,557.png,293,137,0.949037363391967,0.025809936428908,1.18199039021135,419,623,272.520096436559,621.073510345138,565.479903563441,625.926489654862
558,558.png,311,139,0.674817361803846,0.0140655315849204,1.42218368273511,535,622,379.510785061052,620.668596803135,690.489214938948,624.331403196865
559,559.png,319,136,1.46974220000673,0.0186053324748695,0.699067084185705,91,608,-68.4475260278521,604.40898012747,250.447526027852,612.59101987253
560,560.png,251,145,0.234739334275211,0.00281870245778063,1.35056032314032,145,608,19.5010532697103,607.985831167893,270.49894673029,609.014168832107
561,561.png,310,140,-1.13043145038939,0.0206944424462707,0.5117613497689,1195,605,1040.030166909,608.557912972722,1349.969833091,602.442087027278
562,562.png,283,137,-0.217599005817324,0.019059320936526,0.128588351451978,142,596,0.501020456440372,597.037390110895,283.49897954356,595.962609889105
563,563.png,311,145,-1.03676369662076,0.0257060712748884,0.438136552838015,225,595,69.5254567434548,598.31360963331,380.474543256545,592.68639036669
564,564.png,293,139,1.1015539981927,0.0105890138079418,1.02265042546208,706,593,559.527074507736,590.683601992328,852.472925492264,596.316398007672
565,565.png,323,145,0.849098640120949,0.0125472569005672,0.718488489655192,581,613,419.517733955263,611.106727542313,742.482266044737,615.893272457687
566,566.png,286,143,1.71748105889525,0.0070125547852966,0.139170485426176,424,595,281.064240981811,591.214116906152,566.935759018189,599.785883093848
567,567.png,305,138,-1.45554200436818,0.0158061740269446,1.20199630495517,487,698,334.549206300268,702.373693369618,639.450793699732,694.626306630382
568,568.png,277,140,-1.1402294621392,0.0199662848063373,0.736810243656266,393,648,254.527424877515,651.256073102758,531.472575122485,645.743926897242
569,569.png,276,136,-0.138114384233886,0.00773737786269157,1.43995555205195,60,559,-77.999599058105,559.832655681232,197.999599058105,559.167344318768
570,570.png,298,138,1.00316976910834,0.0212995028310839,1.15356066619054,349,588,200.022837511841,585.891349587082,497.977162488159,591.108650412918
571,571.png,257,140,1.53048308295327,0.0103162090839429,0.315412369972667,711,595,582.545841530681,592.067920172969,839.454158469319,598.932079827031
572,572.png,309,144,-1.15255854977852,0.0173378792922076,1.26502379317134,251,659,96.5312582436332,662.607703365007,405.468741756367,656.392296634993
573,573.png,269,140,1.19761940349879,0.0284548708637939,0.254560773059032,1234,585,1099.52938115463,582.688831676232,1368.47061884537,588.311168323768
574,574.png,296,136,-0.641674855221047,0.0215432901838385,0.531766208226639,247,582,99.0092813672669,584.157467516191,394.990718632733,580.842532483809
575,575.png,324,142,-1.33563128725336,0.0207547537038531,0.540173392781731,1340,585,1178.04401424485,589.276066481997,1501.95598575515,581.723933518003
576,576.png,275,135,0.301282674159292,0.0256856535713352,0.0137098382038409,785,673,647.501900967762,672.776976818551,922.498099032238,674.223023181449
577,577.png,286,144,-1.45448451694321,0.00487232798737504,1.35960995402131,935,674,792.046073972563,678.129742875488,1077.95392602744,670.870257124512
578,578.png,278,143,1.14994366203887,0.00446670999354149,0.53572863223808,1393,637,1254.02799484641,634.710415157878,1531.97200515359,640.289584842122
579,579.png,293,144,-0.629008793029286,0.0214454396432486,1.26478088032886,1206,667,1059.5088281852,669.108284902525,1352.4911718148,665.891715097475
580,580.png,295,144,0.624365864568242,0.0114602838602712,0.34888600836388,950,616,802.508757714125,614.892688900882,1097.49124228587,618.107311099118
581,581.png,269,140,0.0940031920368618,0.0298034980900515,0.604478883674201,1397,557,1262.50018102232,557.279330628465,1531.49981897768,557.720669371535
582,582.png,314,144,-0.173870112919524,0.00557237427242033,1.21520522982717,922,672,765.000722892853,672.976432401546,1078.99927710715,672.023567598454
583,583.png,318,144,-1.44899612591947,0.0124729863950231,1.07043666869063,836,672,677.050843233819,676.520642152687,994.949156766181,668.479357847313
584,584.png,279,142,-1.81856322601792,0.00513332714272854,1.49233783283857,1075,679,935.570261804043,683.926974882101,1214.42973819596,675.073025117899
585,585.png,289,141,1.96929412788626,0.00178603067479485,0.575380071346814,818,563,673.585343608899,558.534416505568,962.414656391101,568.465583494432
586,586.png,267,139,1.42382163094662,0.0100394902438598,1.23083261503577,993,696,859.54121875108,693.18281632212,1126.45878124892,699.81718367788
587,587.png,269,136,-1.78938219398434,0.00693382840968468,1.07683361423462,278,631,143.56558702731,635.699834364375,412.43441297269,627.300165635625
588,588.png,254,137,1.39838970935596,0.00971764239273804,1.30087811102555,790,579,663.037823641696,576.400681629314,916.962176358304,582.599318370686
589,589.png,251,136,1.95513709334106,0.00486959878994455,0.922955613133323,964,592,838.573060182695,588.218321816606,1089.42693981731,596.781678183394
590,590.png,307,143,0.0559555617800207,0.0222456278090981,0.971932408713403,383,550,229.500073201437,550.350090574893,536.499926798563,550.649909425107
591,591.png,309,137,-0.825404216024591,0.0050739427865573,0.137379634781252,127,699,-27.48396831843,701.725653295172,281.48396831843,697.274346704828
592,592.png,279,142,1.47047485870774,0.0159933418854169,0.641920028624688,1379,598,1239.54593992862,594.920177433631,1518.45406007138,602.079822566369
593,593.png,286,142,0.576854207272936,0.014496733146443,0.238249435716528,695,627,552.007247516912,626.060299576174,837.992752483088,628.939700423826
594,594.png,318,144,1.74071833511389,0.0111580745128534,0.369217448553503,1240,564,1081.07337455256,559.670121752156,1398.92662544744,569.329878247844
595,595.png,287,144,1.47518706234999,0.00770218883251037,0.968171453596543,892,578,748.5475605468,574.805732152907,1035.4524394532,582.194267847093
596,596.png,273,145,-1.48208518634412,0.013810887726966,1.18016950270693,141,599,4.54566458420661,603.030488101403,277.454335415793,595.969511898597
597,597.png,311,145,0.854017298789338,0.0292857553643803,0.132303292111764,791,552,635.517273503317,550.18229398808,946.482726496683,554.81770601192
598,598.png,285,141,1.79667733245998,0.0240949867567694,0.092875653809409,1083,654,940.570055815554,650.032226548323,1225.42994418445,658.967773451677
599,599.png,313,138,0.647444916460713,0.0252984411063374,0.296888074356982,321,572,164.509991716674,570.731580512283,477.490008283326,574.268419487717
600,600.png,304,141,0.611219735436731,0.0113672918414581,0.76393495776498,741,571,589.008648861568,569.878525635729,892.991351138432,573.121474364271
601,601.png,254,140,1.90451796710832,0.0194287774469148,0.076424887561126,557,674,430.070154998635,670.279283481511,683.929845001365,678.720716518489
602,602.png,260,135,0.725797995148557,0.00803431857248245,0.618917188424163,919,674,789.010430228258,672.853260628536,1048.98956977174,676.146739371464
603,603.png,320,142,-1.54230790564838,0.00512867694282688,1.13456066916147,136,637,-23.9420356904062,641.806416051523,295.942035690406,633.193583948477
604,604.png,300,140,1.34434046775322,0.0257649671836436,0.804198507329684,666,559,516.04128712277,555.980847800303,815.95871287723,563.019152199697
605,605.png,303,145,-1.46533795085863,0.0201742038082568,0.556381032709287,1066,618,914.549543797903,622.37418587276,1217.4504562021,614.62581412724
606,606.png,252,139,1.31918835866333,0.00484439843276581,1.21757301047358,103,606,-22.9666043639458,603.599209587517,228.966604363946,609.400790412483
607,607.png,299,138,0.878373396190913,0.00378124956797813,1.25201299395871,201,647,51.5175677350717,645.208178854898,350.482432264928,649.791821145102
608,608.png,295,135,-0.618545063084948,0.00497139351447373,0.994031719851641,259,628,111.50859518506,630.092327138294,406.49140481494,626.907672861706
609,609.png,272,139,-0.0266665504042058,0.00283479685737204,0.733134262838229,434,678,298.000014729816,678.563296995954,569.999985270184,678.436703004046
610,610.png,302,140,1.53451535809185,0.00432429545903809,0.529266671792557,1277,636,1126.05415246193,632.456349296283,1427.94584753807,640.543650703717
611,611.png,253,143,1.2526801819006,0.013949126821391,0.0566519669263804,708,669,581.530232800529,666.734501037497,834.469767199471,672.265498962503
612,612.png,251,138,0.141895684513045,0.0109144254619673,0.00965697713408376,841,622,715.500384863405,622.189193683126,966.499615136595,622.810806316874
613,613.png,262,144,-0.258965813122367,0.0222875823223739,0.131311229748177,286,564,155.001338074106,565.092092581724,416.998661925894,563.907907418276
614,614.png,321,138,1.89859000901561,0.0202748889483214,0.518117545494448,1022,551,861.588109435517,546.182541440856,1182.41189056448,556.817458559144
615,615.png,267,143,0.781620306272319,0.0149040512972135,1.08065522669147,690,578,556.512421983197,576.678869799325,823.487578016803,580.321130200675
616,616.png,298,140,1.94586288953358,0.0101836648377573,0.987127756397392,1303,564,1154.08591989462,559.440677281704,1451.91408010538,569.559322718296
617,617.png,295,143,-0.526062359395191,0.000802090819796994,0.316835612006634,271,576,123.506217104479,577.854255208189,418.493782895521,575.145744791811
618,618.png,250,142,1.42982775809141,0.0024763859824414,1.39184914074128,731,563,606.038920612118,560.38092349958,855.961079387882,566.61907650042
619,619.png,300,145,1.19352133164171,0.00892638759619852,0.566607392029183,1052,551,902.032543230722,548.37559443179,1201.96745676928,554.62440556821
620,620.png,257,142,-0.558886536551754,0.0263165589160712,1.12389322684283,512,634,383.506113243841,635.753421834622,640.493886756159,633.246578165378
621,621.png,322,144,1.09167570988003,0.0178845496035729,1.37619066687416,940,574,779.029222998211,571.432598585042,1100.97077700179,577.567401414958
622,622.png,252,144,1.41377478709765,0.0216908399752182,1.49049054167561,707,559,581.038356035671,556.391262345631,832.961643964329,562.608737654369
623,623.png,258,144,0.47455734295863,0.00742098632474846,0.567474061091077,285,692,156.004424756364,691.431558348158,413.995575243636,693.568441651842
624,624.png,252,137,-1.22545241299733,0.0246017414441732,0.879169061891664,1116,660,990.028818517206,663.194705146925,1241.97118148279,657.805294853075
625,625.png,258,136,-0.186705075492656,0.0239932456510551,0.297211623810967,309,642,180.000684898656,642.92036101644,437.999315101344,642.07963898356
626,626.png,272,143,-1.05285911361495,0.0147828695031201,1.36351139512599,1039,621,903.022961060802,623.998976055893,1174.9770389392,619.001023944107
627,627.png,307,137,1.52747815518787,0.0162235007471409,0.251384127236821,185,623,31.5545453098345,619.40824793904,338.445454690165,627.59175206096
628,628.png,306,144,-0.560085367056096,0.0157788913542235,1.35523008341879,1163,680,1010.00731006375,681.995602243834,1315.99268993625,679.004397756166
629,629.png,273,136,-1.46008184327279,0.0139571005577613,0.196976002401641,445,584,308.544318830248,587.978085177074,581.455681169752,581.021914822926
630,630.png,254,137,-0.998147480089528,0.0116545721524845,0.286759125236635,6,584,-120.9807288822,586.712350005146,132.9807288822,582.287649994854
631,631.png,271,142,-1.66429699738713,0.0218719312268841,0.801967067418298,171,680,35.5571603865825,684.435377676163,306.442839613418,676.564622323837
632,632.png,276,143,-0.278567129707399,0.0112997251266632,0.943827207950218,1178,611,1040.00163103285,612.170941433653,1315.99836896715,610.829058566347
633,633.png,263,140,0.696106689767414,0.00251944946192616,0.0420117600482299,1007,612,875.509705027385,610.902399294333,1138.49029497261,614.097600705667
634,634.png,284,137,-0.976505164869562,0.00686524525645301,0.533633919854797,1254,684,1112.0206229914,686.920021539206,1395.9793770086,682.079978460794
635,635.png,272,139,-1.7102328067713,0.00530554295994105,1.06073620615839,838,569,702.060581757523,573.558887519612,973.939418242477,565.441112480388
636,636.png,292,135,0.382990594072977,0.00653711859917178,1.4354030249308,1229,652,1083.00326176144,651.524078024573,1374.99673823856,653.475921975427
637,637.png,273,144,-0.482391445074115,0.0145783066759369,1.05143416131322,286,695,149.50483786806,696.649223466283,422.49516213194,694.350776533717
638,638.png,295,142,1.06233524868983,0.00961821166688567,0.533792450146176,979,621,831.525352891721,618.765322635391,1126.47464710828,624.234677364609
639,639.png,283,139,-1.38923486047373,0.0138379075831078,0.722845660395496,978,655,836.541592138216,658.930575055159,1119.45840786178,652.069424944841
640,640.png,285,139,-0.108783535409417,0.0190440842417999,0.764889908525041,1315,553,1172.50025684186,553.770554735692,1457.49974315814,553.229445264308
641,641.png,267,141,1.34736843646876,0.0283328545578077,1.45787646397928,927,661,793.536911248054,658.360901277407,1060.46308875195,664.639098722593
642,642.png,284,135,0.268731335249509,0.0209771718157719,0.234970708006261,838,559,696.001561884474,558.833987424196,979.998438115526,560.166012575804
643,643.png,259,144,0.976807210074189,0.0192644905523074,1.09690851479339,660,552,530.518819223588,550.292325942054,789.481180776412,554.707674057946
644,644.png,282,138,1.16960439806913,0.0209163824821322,0.442179331368651,869,631,728.029376953533,628.621903773157,1009.97062304647,634.378096226843
645,645.png,317,143,-1.21054068967296,0.0232163133322984,0.94102092720007,744,595,585.535375015141,598.848526303906,902.464624984859,592.151473696094
646,646.png,310,138,1.25441232279631,0.0230120085718139,0.138004315837272,39,583,-115.962853344904,580.10675918837,193.962853344904,586.89324081163
647,647.png,255,142,0.464514867546455,0.0270773633325361,1.02184752777892,1025,565,897.504190171351,564.466328806151,1152.49580982865,566.533671193849
648,648.png,283,141,1.74511394317687,0.00917209929684954,0.262928130997043,411,598,269.565628908575,594.190861574168,552.434371091425,602.809138425832
649,649.png,284,144,-0.871142797020532,0.00300028542061443,0.0618935870577305,1198,665,1056.01641282797,667.658928846402,1339.98358717203,663.341071153598
650,650.png,255,142,0.490138920814995,0.0276981996992178,0.108296690160811,296,631,168.504665204182,630.409309712971,423.495334795818,632.590690287029
651,651.png,312,144,0.366911627413127,0.0199162656671425,0.908862601000102,369,576,213.003198680061,575.501011537824,524.996801319939,577.498988462176
652,652.png,276,143,-0.216631370502178,0.0250789403145878,1.45973002613914,29,590,-108.999013616036,591.021767190465,166.999013616036,589.978232809535
653,653.png,316,141,-1.29878808482036,0.00571553628255567,0.814209839722636,1289,658,1131.04059194124,662.081257562096,1446.95940805876,654.918742437904
654,654.png,286,143,-0.228941389889489,0.00386734100339041,0.0367662842577625,178,697,35.001141586513,698.071395169305,320.998858413487,696.928604830695
655,655.png,290,136,-1.84039279388802,0.0289013402873196,1.02222500879831,940,585,795.074795668695,590.156731635964,1084.92520433131,580.843268364036
656,656.png,303,135,-0.426500590263476,0.00904151155211442,0.702080406625451,1305,554,1153.50419734474,555.627731278806,1456.49580265526,553.372268721194
657,657.png,306,139,0.00364222443631412,0.0152912632156826,0.950897809119402,549,656,396.000000309136,656.490273972305,701.999999690864,656.509726027695
658,658.png,284,140,-0.4463749600327,0.0137563373247633,1.32926411168177,484,663,342.004309337771,664.606270019686,625.995690662229,662.393729980314
659,659.png,252,138,-0.101749717037121,0.0182459664124474,0.2103233422881,979,564,853.000198683403,564.723759196872,1104.9998013166,564.276240803128
660,660.png,297,140,-0.10950901786117,0.0160414304404029,1.20949560873936,426,570,277.500271238185,570.783826826157,574.499728761815,570.216173173843
661,661.png,323,137,1.88703365632817,0.00785481919160317,0.906999698615172,631,660,469.587582492604,655.181967053698,792.412417507396,665.818032946302
662,662.png,277,145,-1.56217814945522,0.0072019545094458,0.169235184070139,243,662,104.551476466325,666.275755731693,381.448523533675,658.724244268307
663,663.png,255,135,1.64044568489046,0.0266334651840353,1.46975456071643,9,653,-118.447744865789,649.85002347613,136.447744865789,657.14997652387
664,664.png,323,143,1.3261098295281,0.0271159411108433,0.268729365611359,114,600,-47.4567449451361,596.762419001374,275.456744945136,604.237580998626
665,665.png,312,141,-1.30199420550031,0.00746268013270853,1.01157867364532,486,634,330.040276224418,638.04465228817,641.959723775582,630.95534771183
666,666.png,297,142,-1.62543546185056,0.0141811469619793,1.49922044547494,422,673,273.559753249324,677.712261221515,570.440246750676,669.287738778485
667,667.png,304,143,-1.50350398107526,0.00792521503632128,1.24674250564776,477,630,325.052330221261,634.488188662959,628.947669778739,626.511811337041
668,668.png,250,136,-0.0352496028478204,0.0158211584617422,0.467316639181114,1034,554,909.000023656103,554.576902698863,1158.9999763439,554.423097301137
669,669.png,258,145,-1.56380044141551,0.00672299069757732,1.39131647836577,726,693,597.04804521624,697.020420066854,854.95195478376,689.979579933146
670,670.png,300,136,1.89142555530811,0.0271276772173544,0.97944761691708,802,585,652.081725025239,580.549158799572,951.918274974761,590.450841200428
671,671.png,281,139,0.136497254361491,0.0288759242719036,1.28683262470805,877,651,736.500398702253,651.165283442163,1017.49960129775,651.834716557837
672,672.png,301,141,0.0810683800693277,0.0297815403958555,0.283031579690888,210,563,59.5001506482728,563.287056093255,360.499849351727,563.712943906745
673,673.png,295,137,-1.56843079443382,0.00296155733941556,1.07242675890963,1101,678,953.555261206305,682.537202256383,1248.4447387937,674.462797743617
674,674.png,309,138,-1.41742023167299,0.0150000405780307,0.611166822838639,1380,682,1225.54727465073,686.321731568769,1534.45272534927,678.678268431232
675,675.png,321,142,1.57321168542906,0.0129120914679076,0.185648270210869,1175,589,1014.56049880798,585.093589073243,1335.43950119202,593.906410926757
676,676.png,286,143,-1.26633709741033,0.0287606353134292,1.06379974079527,428,576,285.034925429647,579.660293197382,570.965074570353,573.339706802618
677,677.png,270,136,-0.428071807057153,0.0203840385865868,0.533519872979478,139,587,4.00376781646696,588.508611049729,273.996232183533,586.491388950271
678,678.png,322,140,-0.00585265894170828,0.020882788674644,0.433735779684109,1020,624,859.000000839957,624.516445855105,1180.99999916004,624.483554144895
679,679.png,300,139,0.0554856227431171,0.0288932855018411,1.36966176207838,56,635,-93.9999296641251,635.354739002046,205.999929664125,635.645260997953
680,680.png,283,145,-1.49941919571791,0.0137273069278374,1.17477466271639,900,557,758.548450975587,561.202604298894,1041.45154902441,553.797395701106
681,681.png,280,139,-1.15566100832847,0.0132689277932107,0.713075142721189,599,639,459.028477310626,642.323621082616,738.971522689374,636.676378917384
682,682.png,316,135,1.74491758314852,0.0118685515360051,1.19997123143521,1325,618,1167.0732652604,613.68892377038,1482.9267347396,623.31107622962
683,683.png,320,141,1.91693075478542,0.0157550234950309,0.79247358198676,715,681,555.089539994079,676.147918097155,874.910460005921,686.852081902845
684,684.png,255,144,1.1684119103819,0.0207155721028116,0.19078888702028,594,673,466.526510127991,670.900119262185,721.473489872009,676.099880737815
685,685.png,279,139,1.11888408449324,0.00744845908251032,0.675756023896692,1069,554,929.526598389297,551.775987676307,1208.4734016107,557.224012323693
686,686.png,294,141,1.2718987574833,0.0161850800873068,0.959160626012003,662,663,515.036218405414,660.237041309063,808.963781594586,666.762958690937
687,687.png,254,136,-0.211483743378829,0.0251508883134101,0.718341190542334,1008,648,881.000865131142,648.968767065398,1134.99913486886,648.031232934602
688,688.png,283,138,-0.622948151291111,0.0191232493679758,0.334180276406523,938,559,796.508363358314,561.038427917444,1079.49163664169,557.961572082556
689,689.png,320,145,-0.921632048099759,0.00199347447887516,0.644884509031078,963,617,803.020699053842,620.07357121107,1122.97930094616,614.92642878893
690,690.png,314,135,-0.468422157277999,0.029009374167103,0.748932104824547,1225,552,1068.00524682806,553.783540604078,1381.99475317194,551.216459395922
691,691.png,276,140,-1.37724809782849,0.00922607036264491,0.610755260006044,859,568,721.039866423589,571.816857485447,996.960133576411,565.183142514553
692,692.png,279,141,-0.656343959734182,0.0103312712222585,0.77512785453061,520,682,380.509152867672,684.097988205689,659.490847132328,680.902011794311
693,693.png,275,137,0.750931679303565,0.0224660608380945,1.43256453435307,45,560,-92.4881907566172,558.69794493091,182.488190756617,562.30205506909
694,694.png,304,139,0.82076663678072,0.0287725271986345,0.904718868161613,925,678,773.015595535436,676.322662278852,1076.98440446456,680.677337721148
695,695.png,317,145,-1.27030320033162,0.00371776457166006,0.698663189025519,27,589,-131.461046095016,593.013811388375,185.461046095016,585.986188611625
696,696.png,288,144,-1.24136104603225,0.0198779717808886,0.56728400611252,681,638,537.033796090877,641.619636516778,824.966203909123,635.380363483222
697,697.png,271,142,-1.46833903323329,0.0153452695473058,1.27202433702866,629,560,493.544493129476,563.972125926507,764.455506870524,557.027874073493
698,698.png,310,140,-0.651457523973924,0.0132531855300823,1.41986234294089,37,590,-117.989981009437,592.262324230786,191.989981009437,588.737675769214
699,699.png,323,138,-1.45265655841379,0.0271713210818561,0.425935348420797,843,618,681.551903889123,622.594174174733,1004.44809611088,614.405825825267
700,700.png,315,138,0.848866577230551,0.0232313813128619,0.725476791647351,789,559,631.517285272169,557.166641486495,946.482714727831,561.833358513505
701,701.png,277,141,0.466632962040881,0.0117928151940976,0.160229207260505,43,598,-95.4954067198025,597.37202947003,181.495406719803,599.62797052997
702,702.png,323,138,1.47579981926155,0.01972208904672,0.774155110867755,722,617,560.553570803528,613.340613060988,883.446429196472,621.659386939011
703,703.png,281,145,-1.24554083737442,0.00100553882021111,0.634174811080202,1190,697,1049.53319708138,700.554059236955,1330.46680291862,694.445940763045
704,704.png,289,136,-1.39589900822068,0.0282945574899832,0.943852955932458,908,566,763.542882401855,570.020110117005,1052.45711759814,562.979889882995
705,705.png,312,135,-0.385835127168777,0.0266231805858711,0.115636508648101,1177,624,1021.00353713165,625.550510621072,1332.99646286835,623.449489378928
706,706.png,282,135,-1.71936417853289,0.00538065861470316,0.566359353240239,261,624,120.063481475123,628.730572784758,401.936518524876,620.269427215242
707,707.png,320,140,0.848416071325153,0.022609149996325,0.0196506492810751,1126,659,966.017541008537,657.130861961594,1285.98245899146,661.869138038406
708,708.png,288,144,0.494289305059311,0.0018509569409678,0.234875943869695,856,552,712.005358546029,551.257730889769,999.994641453971,553.742269110231
709,709.png,262,142,-1.51672508085342,0.00944041958356462,0.031741791357831,1258,679,1127.04589701175,682.967406890266,1388.95410298825,676.032593109734
710,710.png,296,136,1.54364127308798,0.00870064378802143,0.768091060612394,485,668,337.053709727545,664.513122196686,632.946290272455,672.486877803314
711,711.png,296,142,-1.48856107685612,0.0197727202890401,1.20711274631197,30,649,-117.950054617416,653.344650660805,177.950054617416,645.655349339195
712,712.png,288,145,1.61432846750504,0.0252428201502389,0.790003477599549,940,562,796.057153431633,558.443286823597,1083.94284656837,566.556713176403
713,713.png,305,140,0.468126507481686,0.0179229802660494,0.975041342687646,567,633,414.505090009987,632.254035659525,719.494909990013,634.745964340475
714,714.png,260,142,0.242776331960306,0.0268317408246876,0.60183401250673,830,617,700.001167024929,616.949159624304,959.998832975071,618.050840375696
715,715.png,265,138,1.97482548391802,0.0210648909339672,0.219887927136939,1254,665,1121.57869643671,660.93399927741,1386.42130356329,670.066000722589
716,716.png,301,135,-0.352280238227311,0.0179258969655291,0.389041299491018,28,637,-122.497155300254,638.425335901868,178.497155300254,636.574664098132
717,717.png,288,143,-0.293088300027587,0.0174477144877219,1.48747482751828,1375,640,1231.00188401019,641.236608027712,1518.99811598981,639.763391972288
718,718.png,255,139,1.23760401665916,0.00156551483618225,1.30900275601808,715,655,587.529742773158,652.746180375781,842.470257226842,658.253819624219
719,719.png,250,138,1.01508260160808,0.0230319394388462,1.48572210548176,937,627,812.019616709517,625.285549150688,1061.98038329048,629.714450849312
720,720.png,271,139,-0.578596920954062,0.0104960742230863,0.609093928323253,1200,569,1064.50690895844,570.868312831247,1335.49309104156,568.131687168753
721,721.png,316,142,0.0184722255756187,0.0109129609737925,1.17500788021842,918,578,760.000008211458,578.449060618161,1075.99999178854,578.550939381839
722,722.png,301,136,-1.72915491935721,0.00642604324131883,0.363470322655008,1161,589,1010.56853242278,594.041317271823,1311.43146757722,584.958682728177
723,723.png,280,139,-1.75232060771319,0.0190761019708863,1.10721094159771,811,639,671.065470560606,643.781059515514,950.934529439394,635.218940484486
724,724.png,294,140,-1.20009719961492,0.00168638655449514,0.622815853207699,484,665,337.032244752001,668.578785046793,630.967755247999,662.421214953207
725,725.png,257,137,1.73344036622894,0.0084903346304389,1.33819784109176,722,639,593.558804769468,635.612922980901,850.441195230532,643.387077019099
726,726.png,315,136,-1.85745867437402,0.00591011619533682,0.962638279397284,1301,553,1143.58275716058,558.605061883603,1458.41724283942,548.394938116397
727,727.png,272,138,0.0834195626268603,0.00844013670407638,0.648429860668002,245,672,109.000144144936,672.301991410092,380.999855855064,672.698008589908
728,728.png,284,137,-1.80200411975382,0.0218415869406336,0.14422382495104,1266,644,1124.07022453041,648.965292280817,1407.92977546959,640.034707719183
729,729.png,252,138,-1.90578915284605,0.00191722252798113,1.24983956237911,1362,641,1236.06969553313,645.690276468337,1487.93030446687,637.309723531663
730,730.png,273,140,-1.45005106752378,0.0251000716754475,1.40415535151624,642,675,505.54371201281,678.954195819149,778.45628798719,672.045804180851
731,731.png,317,145,-1.62386993693918,0.006028567653461,0.192677562955458,239,552,80.5636542518722,556.991586131835,397.436345748128,548.008413868165
732,732.png,259,135,-0.709516312693133,0.00698187752537986,0.0331533178763722,480,616,350.509929187866,618.10360876413,609.490070812134,614.89639123587
733,733.png,259,138,1.70015259638767,0.00464908866476405,0.171028260346557,964,671,834.557008346844,667.657876644229,1093.44299165316,675.342123355771
734,734.png,267,139,-1.16018725160666,0.000436184068087607,0.384535972773045,195,552,61.5273682698874,555.203068448585,328.472631730113,549.796931551415
735,735.png,269,145,-1.78773523353673,0.00977650320029184,1.44642709329098,156,683,21.5654663591041,687.695970061241,290.434533640896,679.304029938759
736,736.png,314,136,-0.0218855691283779,0.00529493531494823,0.852268793865767,607,644,450.000011453549,644.559970111216,763.999988546451,644.440029888784
737,737.png,288,137,-0.388277763755782,0.014024954272272,0.809396242921097,432,649,288.003306515851,650.475840987006,575.996693484149,648.524159012994
738,738.png,321,135,1.30638366927303,0.0111089665881831,0.935479241422811,320,628,159.541717900787,624.840805311366,480.458282099213,632.159194688634
739,739.png,294,135,-0.451094434853081,0.0230668310776106,1.19509636425535,1227,686,1080.00455590615,687.657331263097,1373.99544409385,685.342668736903
740,740.png,291,144,-0.64223003083803,0.0164517287691653,1.08132628658035,1085,594,939.509140383224,596.130879508578,1230.49085961678,592.869120491422
741,741.png,254,138,-0.543535185081669,0.00668361319046306,0.0746773348575204,763,631,636.005714530161,632.704764709364,889.994285469839,630.295235290636
742,742.png,301,143,1.78531865351096,0.00575738014375392,1.08947888206129,1225,681,1074.57305628524,676.811225678755,1375.42694371476,686.188774321245
743,743.png,277,138,1.37181444295235,0.0224512457926787,0.152154508835916,138,552,-0.460304204640579,549.184255806249,276.460304204641,555.81574419375
744,744.png,282,140,0.392953474212068,0.0124088001982894,1.29886079888174,1037,555,896.003316075543,554.532982778494,1177.99668392446,556.467017221506
745,745.png,277,139,-1.43909715135121,0.0184714222245645,1.45059190842978,60,617,-78.4563150434452,620.978336468811,198.456315043445,614.021663531189
746,746.png,292,136,-0.696246012660052,0.0258330863514027,0.822850964973042,980,629,834.010779477073,631.274116993909,1125.98922052293,627.725883006091
747,747.png,281,142,-1.3993534735081,0.0105121768094487,0.417051087641893,1080,687,939.541901959807,690.931136099243,1220.45809804019,684.068863900757
748,748.png,313,138,-0.131556094272846,0.0276550589176256,1.06268285647573,277,572,120.500412535031,572.859337299155,433.499587464969,572.140662700845
749,749.png,279,144,-0.961234087511441,0.00942291331245109,0.00134525981050893,1205,698,1065.51963121085,700.840239826132,1344.48036878915,696.159760173868
750,750.png,304,135,-1.90390900123988,0.0222403292540172,1.25330747171863,255,690,103.08391135595,695.549951593153,406.91608864405,685.450048406847
751,751.png,612,114,0.818338261448927,0.0246599673470365,0.323336201443454,1114,643,808.031210771014,639.129643292797,1419.96878922899,647.870356707203
752,752.png,625,100,0.271503504927685,0.0179072501710662,0.208070281978799,830,624,517.503508527051,623.019183638221,1142.49649147295,625.980816361779
753,753.png,638,93,-1.61688287868569,0.0062806520822312,0.435488655149823,1036,645,717.127011699015,654.500962837387,1354.87298830098,636.499037162613
754,754.png,621,107,-0.653406745969156,0.00317126106656526,0.793145073773823,549,570,238.520190583271,574.04089600969,859.479809416729,566.95910399031
755,755.png,620,103,1.70665514271196,0.00770958791600058,0.294264988537533,868,645,558.137513669102,636.267472456919,1177.8624863309,654.732527543081
756,756.png,583,112,1.94896692784071,0.00397590742899837,1.23071452172012,199,682,-92.3313717390186,672.58628018039,490.331371739019,692.41371981961
757,757.png,642,91,-1.65686014681909,0.0272848461399307,1.13022572119151,1387,689,1066.13420577708,698.781276727783,1707.86579422292,680.218723272217
758,758.png,690,90,1.55519360851501,0.0115770061226359,0.0336542532794766,1330,668,985.127082601252,659.136728943578,1674.87291739875,677.863271056422
759,759.png,698,114,1.43806134487434,0.00644878089171196,0.191967476937832,781,614,432.109921385224,605.741401700305,1129.89007861478,623.258598299695
760,760.png,585,96,-0.799961710782187,0.0131668098955842,0.508693851730543,1296,634,1003.52850899816,638.583742298424,1588.47149100184,630.416257701576
761,761.png,648,111,0.746857380625305,0.0156970005991642,0.501920835434725,131,608,-192.972474263088,604.276740612655,454.972474263088,612.723259387345
762,762.png,670,115,-1.73781766919244,0.0175603741480636,0.882889145720597,1323,686,988.15407943223,696.659206618751,1657.84592056777,676.340793381249
763,763.png,635,98,1.3203816410595,0.00299872989550502,1.04408383131373,1239,569,921.584304004268,562.18385787827,1556.41569599573,576.81614212173
764,764.png,683,112,-0.643269656515114,0.0066008278127207,0.171607534023724,1173,611,831.521522713146,615.33399919816,1514.47847728685,607.66600080184
765,765.png,675,100,-0.136056273032651,0.00709216581544014,0.999477624962572,931,616,593.500951558412,617.301436848989,1268.49904844159,615.698563151011
766,766.png,576,90,0.9075787081966,0.0224757399113027,1.07558951531424,1058,647,770.036130730637,642.938202611144,1345.96386926936,652.061797388856
767,767.png,649,109,-1.8211024288191,0.00083542868453696,0.447532447761306,22,646,-302.336102765424,656.812247230167,346.336102765424,636.187752769833
768,768.png,652,100,1.37093273279987,0.0074009002172097,0.968835507618314,583,602,257.093315526609,594.700447733264,908.906684473391,610.299552266736
769,769.png,595,98,-0.44337503892946,0.016397460294158,0.604698907272892,1295,674,997.508907421868,676.802137413209,1592.49109257813,672.197862586791
770,770.png,605,97,-1.11565604036711,0.0151005625904981,0.980416354948026,1048,667,745.557345195635,673.389868834519,1350.44265480436,661.610131165481
771,771.png,608,113,1.45874572611944,0.0190927435730997,0.451227121215413,143,690,-160.901477810023,682.761021715755,446.901477810023,698.238978284245
772,772.png,689,101,-0.537239025175065,0.0224916670383844,0.478463147952349,47,552,-297.484855815616,555.73018787286,391.484855815616,549.26981212714
773,773.png,604,101,-1.18654645358153,0.00255567982716087,0.200451307396192,131,694,-170.935243159334,700.753713961609,432.935243159334,688.246286038391
774,774.png,635,102,-1.36851160138978,0.0148825339897004,1.32614529112469,468,588,150.590561746429,596.082777034323,785.409438253571,580.917222965677
775,775.png,626,92,1.20004897597732,0.00858459208827106,0.668865155190799,954,585,641.06865167563,578.944755085275,1266.93134832437,592.055244914725
776,776.png,694,103,-1.10402671113339,0.00120032373027689,0.759082703021838,1362,572,1015.06441691747,579.185894942458,1708.93558308253,565.814105057542
777,777.png,694,109,-0.356220355973609,0.0105303634429665,0.833505605377171,591,565,244.006706412799,567.657360773377,937.993293587201,563.342639226623
778,778.png,663,98,-0.271365963554261,0.000255905866686591,0.0430875302977205,1140,559,808.503718075547,561.070054223239,1471.49628192445,557.929945776761
779,779.png,647,112,-0.0450317173890964,0.015073520764947,0.218016655157301,31,554,-292.499900083774,554.754255360506,354.499900083774,554.245744639494
780,780.png,662,103,0.269423365728534,0.0106818978678423,1.38286766011858,603,671,272.003659505864,669.943536222709,933.996340494136,673.056463777291
781,781.png,674,108,0.460162467223836,0.0240000497418849,1.25951860429982,445,573,108.010868627182,570.793464097054,781.989131372817,576.206535902946
782,782.png,700,112,-1.40992780607932,0.0106091464163544,0.773208842588476,580,628,230.10596553118,637.111889637704,929.89403446882,619.888110362296
783,783.png,620,114,1.17634462571097,0.0145871310788216,0.99907172672169,1358,631,1048.06533416172,625.135810207792,1667.93466583828,637.864189792208
784,784.png,659,95,-1.03967158048712,0.00973522875004069,0.724807349385595,1290,650,960.554245109123,656.478677477513,1619.44575489088,644.521322522487
785,785.png,614,113,-1.01715704039102,0.00868931945954192,0.690144109849667,611,567,304.048375751857,572.949804714573,917.951624248143,562.050195285427
786,786.png,639,104,-0.26088091353743,0.00968315738774231,0.825507323916032,1077,561,757.503311917156,562.954752244895,1396.49668808284,560.045247755105
787,787.png,583,113,0.797810205615885,0.00308957277740787,1.4140356534116,722,582,430.528258913272,578.441164222188,1013.47174108673,586.558835777812
788,788.png,665,91,-0.812247186535967,0.0123027012985355,0.234223887731602,684,605,351.533410697878,610.21349104319,1016.46658930212,600.78650895681
789,789.png,628,110,1.11299179928939,0.0241833300969014,0.853290748547029,934,647,620.059241310856,641.400816965825,1247.94075868914,653.599183034175
790,790.png,660,113,1.86238977509196,0.0137009360917081,1.48776113052993,1249,593,919.174317744505,582.775293724436,1578.8256822555,604.224706275564
791,791.png,698,112,-0.621009424014143,0.000336021226198735,0.0988797928888787,250,634,-98.9795005458782,638.282617975613,598.979500545878,630.717382024387
792,792.png,576,95,1.02647613226625,0.0184901787600461,0.354915884099996,705,645,417.046217167174,640.340644200509,992.953782832826,650.659355799491
793,793.png,591,91,0.877870489495917,0.0294689837347019,1.28914685081531,1221,630,925.534684435346,625.972605795918,1516.46531556465,635.027394204082
794,794.png,654,114,1.3188687731632,0.00841463327868609,0.593239487238507,1295,601,968.086627640816,593.973581678796,1621.91337235918,609.026418321204
795,795.png,694,95,0.360526541452866,0.0169082439185105,1.42521191324461,1130,614,783.006869533822,612.316560217935,1476.99313046618,616.683439782065
796,796.png,614,107,-1.08737284151627,0.0215489028112748,0.603478694856933,226,666,-80.9447150344429,672.325968797091,532.944715034443,660.674031202909
797,797.png,634,103,0.551583640539897,0.00750699364931944,0.876707557567715,551,628,234.014689377825,625.448303789181,867.985310622175,631.551696210819
798,798.png,699,108,-0.799051888406438,0.00413924486651939,0.124536185334347,51,690,-298.466012842423,695.373999181297,400.466012842423,685.626000818703
799,799.png,661,114,0.22001978093104,0.000536218860441731,0.0631941333591118,215,655,-115.497563204267,654.230860117426,545.497563204267,656.769139882574
800,800.png,577,95,-1.15330695307233,0.0218314698769315,1.08998712478456,1196,562,907.558444778058,568.306825393232,1484.44155522194,556.693174606768
801,801.png,620,90,-1.21000018771961,0.026693496862628,1.067057941405,878,666,568.069125958733,673.046244420765,1187.93087404127,659.953755579235
802,802.png,597,104,1.11342337692534,0.00222120685173253,1.43120541571493,629,681,330.556360661066,675.699643275403,927.443639338934,687.300356724597
803,803.png,667,103,0.700083445162178,0.0146627204103119,0.00635297524982265,1065,560,731.524895152476,556.425144550691,1398.47510484752,564.574855449309
804,804.png,645,102,-0.0501534274242257,0.00417280090926309,0.0420261830297987,1042,627,719.500123553674,627.782297900757,1364.49987644633,627.217702099243
805,805.png,596,90,-0.397422741389761,0.00843269194130195,1.16776494309568,410,695,112.007168770742,697.567011362121,707.992831229258,693.432988637879
806,806.png,610,103,-0.754919291152856,0.0022581533659309,1.1552700199214,735,695,430.026473986488,699.518511028422,1039.97352601351,691.481488971578
807,807.png,644,94,1.97926576679785,0.0225973953301274,0.0162518794633268,1218,586,896.19210808769,575.37881737605,1539.80789191231,597.62118262395
808,808.png,698,99,0.247576497406842,0.0249049717787315,1.19575235842821,476,653,127.003258129332,651.991966957246,824.996741870668,655.008033042754
809,809.png,623,112,0.805017722024937,0.0223607967122826,0.887490087824582,523,558,211.530745851731,554.123503647756,834.469254148269,562.876496352244
810,810.png,692,109,-0.341341466552719,0.0198743009934796,1.2192971072207,346,562,0.00614013124065593,564.561294039508,691.993859868759,560.438705960492
811,811.png,578,110,-0.814922412127245,0.00607020413672864,0.320015306535906,591,570,302.029231276767,574.610331313145,879.970768723233,566.389668686855
812,812.png,674,98,1.52854738396155,0.00451023959183828,0.57006612804902,1332,669,995.119918639926,660.510518211263,1668.88008136007,678.489481788737
813,813.png,666,102,-0.955338414939633,0.00935750535685648,0.682994302800912,1122,684,789.046288530552,690.052118399259,1454.95371146945,678.947881600741
814,814.png,649,93,1.43352421170588,0.00296485503806734,1.3901545248956,51,666,-273.39843902765,658.381948729887,375.39843902765,674.618051270113
815,815.png,605,109,1.51850357757869,0.0254511758102482,1.39013218280198,330,668,27.6062322393608,660.483815151542,632.393767760639,676.516184848458
816,816.png,662,114,-0.778179434392628,0.00732330959315918,0.210790678082072,45,550,-285.969471493705,554.995435371312,375.969471493705,546.004564628688
817,817.png,636,110,1.57139964131969,0.00214447901206094,0.317021526462876,862,619,544.119590845407,610.779594292204,1179.88040915459,628.220405707796
818,818.png,596,107,-0.41026284012343,0.0239519694335153,0.126794558130407,1107,576,809.007639474971,578.633792098879,1404.99236052503,574.366207901122
819,819.png,644,91,0.467022904570012,0.00512701138544399,0.916082413986821,518,620,196.010696817042,617.875378931462,839.989303182958,623.124621068538
820,820.png,575,105,-1.03796077649469,0.0221460072529824,0.0889794818788361,223,553,-64.452824925391,558.70801712867,510.452824925391,548.29198287133
821,821.png,612,99,1.36476111942217,0.0252554771418785,0.404602341620103,1271,600,965.086803835418,593.211899261833,1576.91319616458,607.788100738167
822,822.png,627,108,0.345443541579241,0.0246556202379469,0.757422872742145,1341,625,1027.50569790395,623.609880080117,1654.49430209605,627.390119919883
823,823.png,670,97,1.95118023515121,0.0157450607626263,1.15464121217821,591,601,256.194232701647,590.093940918924,925.805767298353,612.906059081076
824,824.png,621,107,1.50588986471785,0.0261811999638578,1.13792125175211,503,671,192.607237767527,663.340149897494,813.392762232473,679.659850102506
825,825.png,637,107,-1.78812412235833,0.0262476931735646,0.790810906548756,123,657,-195.344906266608,667.43834262361,441.344906266609,647.56165737639
826,826.png,575,111,1.61265514558577,0.0285514996096897,0.0287499756587029,759,594,471.613871995357,586.409052558624,1046.38612800464,602.590947441376
827,827.png,675,96,0.755208464436185,0.00947722052021146,0.84463319140336,46,577,-291.470682567978,573.051583753413,383.470682567978,581.948416246587
828,828.png,610,91,-1.34934737287066,0.00591222869825656,1.35472786672614,723,623,418.084576954308,630.682255137971,1027.91542304569,616.317744862029
829,829.png,642,115,0.259412666139252,0.0227854942305184,1.34809547842402,1225,646,904.00329011732,645.046643713746,1545.99670988268,647.953356286254
830,830.png,662,90,-0.202346612067174,0.00813381451506156,0.746825157506261,1065,689,734.002064163796,690.668962006239,1395.9979358362,688.331037993761
831,831.png,683,96,0.954928502100588,0.0123115597424374,0.851039282749441,776,629,434.547429342762,623.808603724596,1117.45257065724,635.191396275404
832,832.png,605,91,0.36194049402909,0.00170243525890168,0.203016886420306,729,605,426.506035635774,603.589104080738,1031.49396436423,607.410895919262
833,833.png,657,95,-0.954128381152113,0.00254362393345309,0.24405482886695,67,667,-261.454452587946,672.970153119687,395.454452587946,662.029846880313
834,834.png,654,98,-0.802773600507627,0.017420761631701,0.542950711998911,428,552,101.032096047328,557.081460989287,754.967903952672,547.918539010713
835,835.png,662,93,0.19679517994411,0.0110004960712801,0.895945936752767,1089,612,758.001952455843,611.363108643655,1419.99804754416,613.636891356345
836,836.png,605,91,-0.948554845760521,0.00300329880795335,0.913559469191728,1122,566,819.541453871149,571.507781307298,1424.45854612885,561.492218692702
837,837.png,610,105,1.27893103917012,0.0169587982592344,0.67588164731426,201,577,-103.924019735379,570.692490292467,505.924019735379,584.307509707533
838,838.png,592,98,-1.68085732651135,0.00140886151174013,0.851349697833122,676,605,380.127364092677,614.182356895016,971.872635907323,596.817643104984
839,839.png,610,102,-1.69708474659395,0.0294020351060003,0.703211901429907,1233,686,928.133782678601,695.532692629631,1537.8662173214,677.467307370369
840,840.png,611,103,-1.52138645075877,0.0109098366980127,0.32967872035452,499,553,193.607693508248,561.611050218553,804.392306491752,545.388949781447
841,841.png,700,114,1.07076342716704,0.00172418108645152,0.68241351567714,1302,604,952.061117728099,597.959459174308,1651.9388822719,611.040540825692
842,842.png,670,106,1.01153722010543,0.00336580961983197,0.0300344853055952,379,699,44.0522061901952,693.585997806519,713.947793809805,705.414002193481
843,843.png,601,110,0.29208698003747,0.00743569329904368,0.530623719041662,1154,565,853.503904744953,563.968093844402,1454.49609525505,567.031906155598
844,844.png,630,98,0.810811483948737,0.00730160829843548,1.03302244554541,685,635,370.031540445843,631.042479828261,999.968459554157,639.957520171738
845,845.png,603,108,-0.446281701276441,0.0043844400497428,0.318571525057551,170,637,-131.490854066901,639.848385405022,471.490854066901,635.151614594978
846,846.png,581,98,0.93411949462498,0.017954001697505,0.401694583974481,42,585,-248.461392993574,580.764054452138,332.461392993574,590.235945547862
847,847.png,656,114,-1.57554347533729,0.00626819270981017,1.29181370022984,184,660,-143.875997054959,669.518345481115,511.875997054959,651.481654518885
848,848.png,694,98,-1.7385877495097,0.0214922984631419,1.37640667787021,434,649,87.159740162113,660.027780183258,780.840259837887,638.972219816742
849,849.png,587,105,-1.85190163457173,0.029522518192254,0.158517078585666,486,671,192.653296015219,680.98479105016,779.346703984781,662.01520894984
850,850.png,678,111,-1.03629740644019,0.0250350281436799,0.291411766615912,710,615,371.055447429941,621.631091508259,1048.94455257006,609.368908491741
851,851.png,582,110,0.80027591025858,0.018458760294842,0.772042718679852,1146,587,855.028385082189,583.435604335098,1436.97161491781,591.564395664902
852,852.png,669,113,-0.532489630225987,0.0259955763476573,0.0727279403449941,1044,569,709.514445748351,572.608696988617,1378.48555425165,566.391303011382
853,853.png,625,109,-0.452862436789303,0.0228213128217512,1.36796959852751,564,637,251.509761242417,639.96995571395,876.490238757583,635.03004428605
854,854.png,616,109,0.213682634292407,0.0217619529659527,0.448275930183795,529,676,221.002141970132,675.351327281799,836.997858029868,677.648672718201
855,855.png,669,115,-1.7610064046034,0.00208809136339816,0.892064703066094,1074,565,739.657982340575,575.779359290573,1408.34201765942,555.220640709427
856,856.png,597,105,-1.97008372168057,0.0165308842660417,0.140815253772957,428,648,129.676439432059,658.761735236594,726.323560567941,638.238264763406
857,857.png,652,115,-1.39214038648788,0.0138775338664879,0.00792424236538875,464,617,138.096224804814,625.420183932577,789.903775195186,609.579816067423
858,858.png,660,101,0.552275267407472,0.0280033586225965,0.189322825895557,632,671,302.015330153592,668.319172064162,961.984669846408,674.680827935838
859,859.png,619,108,0.729748373555219,0.0192111412430349,0.996039880064163,722,630,412.525103009671,626.558156164238,1031.47489699033,634.441843835762
860,860.png,700,94,1.87660503347265,0.00627352042639156,0.721924218476267,253,687,-96.8122846822301,676.038521674828,602.81228468223,698.961478325172
861,861.png,578,108,1.45266767808243,0.00413271199457162,0.508557386823061,1374,622,1085.09288206557,615.173526986141,1662.90711793443,629.826473013859
862,862.png,575,95,-1.88461119039154,0.0261675734591271,0.729448863888117,122,652,-165.344486905624,661.954937595962,409.344486905624,643.045062404038
863,863.png,687,90,-0.678591987066364,0.00899975741342472,0.197304421643847,501,628,157.524091500963,632.568203628252,844.475908499037,624.431796371748
864,864.png,650,103,1.95216010852495,0.0174467926727761,0.124943265919983,1359,637,1034.18862400178,626.428865363308,1683.81137599822,648.571134636692
865,865.png,658,104,-1.87144711786199,0.0116573913084593,1.49256174467009,1001,597,672.175483846448,608.244188028079,1329.82451615355,586.755811971921
866,866.png,610,104,-0.116698989162891,0.00998193985736752,0.757115361594806,1152,595,847.000632642869,596.121217956847,1456.99936735713,594.878782043153
867,867.png,581,90,-0.181874267120056,0.0225245203064969,1.13279073613427,1160,662,869.5014635684,663.422133991698,1450.4985364316,661.577866008301
868,868.png,588,110,1.60263310822151,0.00611441024409973,0.612115217068156,628,693,334.115003742875,685.277532307792,921.884996257125,701.722467692208
869,869.png,655,92,-0.486705819134991,0.0170728283825932,0.888098705054199,344,650,16.5118158919214,653.281954275904,671.488184108079,647.718045724096
870,870.png,590,110,-1.05104506643287,0.00540042219971595,0.249515539529856,248,636,-46.9503662312705,641.911234613234,542.95036623127,631.088765386766
871,871.png,628,93,0.191762264292303,0.00772582514042936,1.10230879439098,355,599,41.0017586534989,598.449080733607,668.998241346501,600.550919266393
872,872.png,595,91,1.13815936783922,0.0143998522636816,1.20542219072249,453,663,155.558695334629,657.590661715372,750.441304665371,669.409338284628
873,873.png,637,102,1.4134599563876,0.0044741874254302,0.610971799382633,50,566,-268.403087640061,558.643551611854,368.403087640061,574.356448388146
874,874.png,652,92,-0.326618332037038,0.00794516981853168,0.884304019313265,34,556,-291.994703093868,558.358374219872,359.994703093868,554.641625780128
875,875.png,620,93,-1.62973727803607,0.0295147671394469,1.03213027638712,240,648,-69.8746014973311,657.316538258874,549.874601497331,639.683461741126
876,876.png,612,99,0.495109888638363,0.00516881355346823,0.0538254112781598,479,593,173.011424748918,590.855795807229,784.988575251082,596.144204192771
877,877.png,605,90,0.341844723950416,0.0136294969772521,0.032426834022642,727,676,424.505384019113,674.695200128639,1029.49461598089,678.304799871361
878,878.png,600,105,0.0904375282764365,0.00117766260069818,1.41404398649365,896,577,596.00037371736,577.026470405892,1195.99962628264,577.973529594108
879,879.png,700,102,-1.5168018854827,0.0273305712291663,1.29190410922521,575,567,225.122638022644,576.764533219028,924.877361977356,558.235466780972
880,880.png,638,99,-0.984523060598439,0.00555922584821729,0.00132106194198167,763,561,444.047093017938,566.981161162776,1081.95290698206,556.018838837224
881,881.png,692,106,0.745371056471592,0.01451970926647,1.04617844792669,277,698,-68.970722110818,693.998950997915,622.970722110818,703.001049002085
882,882.png,655,95,-0.135298771814819,0.0141689375900873,0.070742987900721,1155,659,827.500913110949,660.273360742536,1482.49908688905,658.726639257464
883,883.png,602,107,0.569931053864761,0.00368939367357826,0.303838562479742,542,636,241.014891289138,633.505950182385,842.985108710862,639.494049817615
884,884.png,584,113,1.75638387959437,0.0280523617629828,0.991083938492079,394,604,102.137186844347,595.550234814918,685.862813155653,613.449765185082
885,885.png,609,96,-0.385725112232967,0.000895044358216205,0.435385080233249,819,602,514.506900272222,604.549931259667,1123.49309972778,600.450068740333
886,886.png,614,100,0.0384131206066902,0.00777597612332643,1.44452551290517,532,662,225.00006899574,662.294176338239,838.99993100426,662.705823661761
887,887.png,632,99,-0.413071953361652,0.00953643457326904,0.945275166035305,253,687,-62.9917877652038,689.778171404973,568.991787765204,685.221828595027
888,888.png,629,93,1.03565998608299,0.00208927007110493,0.286999413412459,1343,604,1028.55137690741,598.815509242355,1657.44862309259,610.184490757645
889,889.png,660,104,-1.3223939409173,0.00533489060250949,0.765304439777687,1390,566,1060.08789033137,574.115766146171,1719.91210966863,558.884233853829
890,890.png,629,113,0.114205292035678,0.0146016219319191,0.962818179360981,442,639,127.500624766454,638.873120657986,756.499375233546,640.126879342014
891,891.png,692,103,1.59338625487992,0.0114940920004995,1.36304328973013,1199,667,853.133787328356,657.879036837539,1544.86621267164,677.120963162461
892,892.png,674,97,-0.923202926709575,0.00742374144161037,0.690068740140493,345,660,8.04374612497995,665.929822696278,681.95625387502,655.070177303722
893,893.png,582,95,0.672123961889901,0.00871032497752002,1.48465194323924,231,581,-59.9799778133508,578.086422442379,521.979977813351,584.913577557621
894,894.png,576,106,0.621931549038446,0.0216815441053898,0.0974700155013822,451,656,163.016966729624,653.373892453337,738.983033270376,659.626107546663
895,895.png,576,113,-0.354338055954811,0.0223418835353555,0.470496667366607,167,649,-120.994492538887,651.281085980161,454.994492538887,647.718914019839
896,896.png,627,90,0.24123810825779,0.00475802024110959,0.665932186488099,73,642,-240.497221224434,641.180043728656,386.497221224434,643.819956271344
897,897.png,592,90,-1.80677392695058,0.0240128828017132,0.558227371577906,277,562,-18.8528405719804,571.832562643261,572.85284057198,553.167437356739
898,898.png,648,103,-0.121379214470883,0.0282559949095099,0.480188422161682,911,566,587.000727039878,567.186382773861,1234.99927296012,565.813617226139
899,899.png,589,108,-0.282132944224483,0.0195240461205112,0.0529543526897223,1391,652,1096.50357039909,653.950155962694,1685.49642960091,651.049844037306
900,900.png,604,101,-1.69822506231443,0.00653304142700773,0.254106625044475,500,657,198.132644845979,666.449854318136,801.867355154021,648.550145681864
901,901.png,648,97,1.79404856803264,0.0271967108805124,1.16699805116193,1297,662,973.158819073411,652.356552061942,1620.84118092659,672.643447938058
902,902.png,605,99,1.7220208461571,0.0196107293156776,1.28036423502311,1306,675,1003.63661369437,666.409751279804,1608.36338630563,684.590248720196
903,903.png,638,111,-0.793000604183095,0.0275267262699708,1.06937687761478,152,576,-166.969446882783,580.914969455326,470.969446882783,572.085030544674
904,904.png,650,111,0.881371638121551,0.0271429423637281,0.83017949680247,244,638,-80.9615481111066,633.500775136787,568.961548111107,643.499224863213
905,905.png,691,111,1.73009955003939,0.0266471312934135,1.22889580235688,800,570,454.657500515073,560.068890303377,1145.34249948493,580.931109696623
906,906.png,579,99,-1.82595194732298,0.00207369968287939,0.695286043796831,152,606,-137.353000709353,615.724477247693,441.353000709353,597.275522752307
907,907.png,643,103,0.0545059955727245,0.00593542487491153,1.17926620861204,55,603,-266.499854523033,603.194154175361,376.499854523033,603.805845824639
908,908.png,632,102,-1.91037771862514,0.00355361003452758,0.74151007017273,117,665,-198.824365400073,676.034240344775,432.824365400073,654.965759655225
909,909.png,642,96,1.41624264423112,0.010819817972136,0.754107467211123,144,603,-176.901942008381,595.566298767285,464.901942008381,611.433701232715
910,910.png,672,109,1.0353011102127,0.00572609081145582,0.787917401142461,866,558,530.054851127572,552.429007570242,1201.94514887243,564.570992429758
911,911.png,576,95,-0.326147902125824,0.0268959071196744,0.61088105188281,328,612,40.0046660053596,614.139389311755,615.99533399464,610.860610688245
912,912.png,605,90,1.21670301779723,0.0153445980319782,0.59381298383408,1082,673,779.568202919997,667.076751992975,1384.43179708,679.923248007025
913,913.png,600,95,-1.55247071752607,0.0172054481120485,0.372663013109553,619,683,319.110120013999,691.627723050255,918.889879986001,675.372276949745
914,914.png,605,95,-0.0193259076521661,0.0041221997799969,1.36328554799548,369,597,66.5000172079809,597.602033465704,671.499982792019,597.397966534296
915,915.png,650,94,-1.7082607280388,0.0255677433663023,0.4605661583058,850,587,525.14443892343,597.188366096877,1174.85556107657,577.811633903123
916,916.png,684,106,0.616539824564303,0.0261001266085859,0.984841046178775,947,664,605.019800170224,660.81992875253,1288.98019982978,668.18007124747
917,917.png,607,103,-0.380035571400995,0.0263600690026823,1.4973184249054,577,550,273.506676215394,552.513061889829,880.493323784606,548.486938110171
918,918.png,695,101,1.39638530527293,0.0200743043025806,1.42187080363698,1139,676,791.603197361031,668.031734757281,1486.39680263897,684.968265242719
919,919.png,674,101,1.51322624685984,0.0274757885598735,0.141850077429588,799,578,462.117526858295,569.60060170974,1135.8824731417,587.39939829026
920,920.png,648,90,-0.289791552899317,0.0271220740110543,1.30193163512736,599,576,275.004144195818,578.138725637723,922.995855804182,574.861274362277
921,921.png,680,96,1.78809545778503,0.0283147271194941,0.316469812535233,1231,595,891.165557861427,584.890950260986,1570.83444213857,606.109049739014
922,922.png,589,109,-1.33171220447884,0.0254105024581804,0.959805539577833,683,623,388.57954469974,630.344377311907,977.42045530026,616.655622688093
923,923.png,611,91,1.81030214700319,0.0139487630663386,1.02141869765139,477,578,171.652476163999,568.849109511419,782.347523836001,588.150890488581
924,924.png,628,93,1.12430973715596,0.0219362944241013,1.00229847923396,1211,644,897.060452239692,638.338802709456,1524.93954776031,650.661197290544
925,925.png,589,110,1.120117419261,0.0260439633733363,1.31016370933564,1191,648,896.556276011387,642.742969192595,1485.44372398861,654.257030807405
926,926.png,699,112,1.93907975127016,0.00319645888487275,1.20494580645407,647,614,297.700134430365,602.67401534608,996.299865569635,626.32598465392
927,927.png,596,109,-0.259689205390393,0.0153627866378484,0.319350467299622,441,687,143.003060892344,688.850660012022,738.996939107656,686.149339987978
928,928.png,691,107,0.824901357415467,0.0123150176062586,1.37576444027977,1066,666,720.535807114582,661.525923801686,1411.46419288542,671.474076198314
929,929.png,592,105,1.54181213141217,0.0143481754847898,0.374380436929677,1029,668,733.107165047356,660.535690633356,1324.89283495264,676.464309366644
930,930.png,604,98,0.839194420855212,0.0105205801188524,0.977484024114205,924,700,622.032392845105,696.076853026717,1225.96760715489,704.923146973283
931,931.png,634,97,-1.41079478601895,0.00177240515112985,0.782523103719311,1319,681,1002.09609255723,689.304706753192,1635.90390744277,673.695293246808
932,932.png,678,98,-1.73373813319284,0.00169317740166759,0.130929341438433,881,558,542.155188059473,568.756384401379,1219.84481194053,548.243615598621
933,933.png,627,101,-1.69918707753433,0.00461173182533608,1.12367236434068,368,617,54.6378519288848,626.795921485065,681.362148071115,608.204078514935
934,934.png,587,101,-0.867630330024608,8.23203654898641e-05,0.908572882237739,648,688,354.533650691786,692.944302387219,941.466349308214,684.055697612781
935,935.png,692,113,0.95731929818615,0.0165719829335389,0.0661412870375322,911,572,565.048295243748,566.719171664635,1256.95170475625,578.280828335365
936,936.png,682,103,0.859570586137857,0.0293419138982519,1.40233022320012,128,597,-212.96162626566,592.384395023445,468.96162626566,602.615604976555
937,937.png,623,109,-0.604283409398916,0.0196479268990268,0.439955096017553,609,600,297.517324475953,603.785247080733,920.482675524047,597.214752919267
938,938.png,653,91,-1.71908592535087,0.0222725599749091,1.44478663635551,258,551,-68.3530496874804,561.294741430021,584.35304968748,541.705258569979
939,939.png,580,111,0.718351295142278,0.00860514631710299,0.751725486140674,15,653,-274.97720756071,649.864192621628,304.977207560711,657.135807378372
940,940.png,693,100,-1.4555898107733,0.0161694906008359,0.982002738488241,263,553,-83.3881894885637,562.301828380226,609.388189488564,544.698171619774
941,941.png,640,109,0.895498336382698,0.0232131660329581,0.470507303992075,1183,629,863.039083679553,624.498797406616,1502.96091632045,634.501202593384
942,942.png,611,110,-0.0527746102450419,0.0192636654307689,0.837093181571727,606,619,300.500129594328,619.781393172187,911.499870405672,619.218606827813
943,943.png,678,100,1.90829847343385,0.0279408556806283,0.182049812670637,684,685,345.188008245399,674.21132234138,1022.8119917546,696.78867765862
944,944.png,582,109,0.608263280092167,0.0107822534314786,0.0470786977345455,1190,685,899.01639822529,682.410744714781,1480.98360177471,688.58925528522
945,945.png,699,110,-0.35047068307985,0.0269990233541136,1.34676877083778,645,566,295.506538437181,568.637831807733,994.493461562819,564.362168192267
946,946.png,664,109,0.713244201614592,0.0210041626307139,1.09273241336232,877,650,545.025723716482,646.367218124042,1208.97427628352,654.632781875958
947,947.png,656,105,-1.78400669208178,0.0133248535394978,0.997389429423048,1111,657,783.158985110799,667.711217185958,1438.8410148892,647.288782814042
948,948.png,618,114,-1.8779206456916,0.0150346737806182,0.716016313479904,1047,586,738.165958237141,596.625939384409,1355.83404176286,576.374060615591
949,949.png,698,112,0.790166307194482,0.00153194398126669,0.700313041901371,476,630,127.033187940126,625.687092275064,824.966812059874,635.312907724936
950,950.png,662,94,0.716228019879539,0.025864079199821,0.17799619914801,579,642,248.025861260706,638.362429966463,909.974138739294,646.637570033537
951,951.png,640,104,0.0444096813627115,0.0234253663069454,0.348608946244316,554,649,234.000096123596,649.251969573782,873.999903876404,649.748030426218
952,952.png,678,90,1.15559818598771,0.0279252656226302,0.223716473193326,1252,626,913.068948277102,619.663174858881,1590.9310517229,633.336825141119
953,953.png,591,90,-0.873757576133753,0.00476988189576342,0.225241471156799,985,693,689.534360202679,698.006184545673,1280.46563979732,688.993815454327
954,954.png,690,100,1.52895630595635,0.0111410547188393,0.895489033508909,1399,639,1054.12283106329,630.29465664938,1743.87716893671,648.70534335062
955,955.png,587,91,-1.67548333412952,0.0139319446708805,0.617225863233736,1248,621,954.625482199077,630.081509487029,1541.37451780092,612.918490512971
956,956.png,635,107,-1.30361915285719,0.00603109411911725,1.33622059397353,969,568,651.582177173373,575.723278480324,1286.41782282663,561.276721519676
957,957.png,646,112,-0.575633903976799,0.0290970949955085,0.203238392092937,326,599,3.01630107852397,602.74503174119,648.983698921476,596.25496825881
958,958.png,657,96,-1.48849420986793,0.0255025964667598,1.18334096182795,419,677,90.6108485423417,686.033182578567,747.389151457658,668.966817421433
959,959.png,582,94,-0.107961829648698,0.0133015915976284,0.604413001073318,1231,605,940.000516604366,606.048327889132,1521.99948339563,604.951672110868
960,960.png,625,94,-0.878422616456307,0.0283751559351789,0.605496103511562,714,615,401.536725969751,620.290864462449,1026.46327403025,610.709135537551
961,961.png,623,92,-1.37391099269765,0.0268178789276045,0.70233896207082,1007,571,695.589552801591,578.968826928436,1318.41044719841,564.031173071564
962,962.png,693,100,-1.95637753322958,0.0263442937850624,0.92852683779759,90,696,-256.298028023063,708.32902309313,436.298028023063,684.67097690687
963,963.png,576,91,-0.446716920824011,0.0133875523074039,0.816666585209881,1306,629,1018.00875346165,631.74542140535,1593.99124653835,627.25457859465
964,964.png,687,90,1.4491494875305,0.00233757359520154,0.735051692281891,743,633,399.609863822197,624.812976586332,1086.3901361778,642.187023413668
965,965.png,590,105,0.734544986027919,0.0274738381197869,1.10610178185824,86,644,-208.97575748883,640.718136188235,380.97575748883,648.281863811765
966,966.png,602,100,0.276438416937205,0.0283162868271068,0.297277659860146,1280,680,979.003503379522,679.047752707406,1580.99649662048,681.952247292594
967,967.png,687,104,1.29580107651483,0.0231532560547581,1.36487965328767,398,652,54.5878435022566,644.732067870443,741.412156497743,660.267932129557
968,968.png,683,103,1.19821883045697,0.0179226226392384,0.249730907228414,1144,679,802.574674427229,672.358777588708,1485.42532557277,686.641222411292
969,969.png,604,93,-0.197791242023133,0.000269147372834796,0.865359393453472,520,637,218.001799473131,638.542534667624,821.998200526869,636.457465332376
970,970.png,676,101,0.862437731756246,0.00669520008305912,0.501345949574126,54,575,-283.961709702806,570.412488353209,391.961709702806,580.587511646791
971,971.png,658,111,-1.07591478627764,0.000537217734637957,0.409933187711036,1396,633,1067.05800475913,639.677682976353,1724.94199524087,627.322317023647
972,972.png,583,90,-0.573592165888586,0.015598144730523,1.17728759594216,443,595,151.514607170337,598.418178702084,734.485392829663,592.581821297916
973,973.png,591,95,0.229847633259562,0.0109897982120128,0.908111164730592,104,576,-191.497622274504,575.314575976908,399.497622274504,577.685424023092
974,974.png,600,106,-0.994257019217274,0.018122295174666,1.00470294415258,1140,696,840.045168162928,701.705656307707,1439.95483183707,691.294343692293
975,975.png,678,109,0.818553607248585,0.0262815994469586,1.16882249745206,1395,658,1056.03459483825,653.657056315353,1733.96540516175,663.342943684647
976,976.png,640,93,-1.79800289985589,0.026567449434299,1.28463161805978,90,588,-229.842449475562,598.540294491317,409.842449475562,578.459705508683
977,977.png,652,100,0.916129012705233,0.00787660885563241,1.02238314642995,1292,692,966.041672193469,687.2876556551,1617.95832780653,697.7123443449
978,978.png,686,103,-1.45449060755805,0.0175983137390167,0.408594840159211,1288,677,945.110514020523,686.2063427873,1630.88948597948,668.7936572127
979,979.png,615,97,0.526065212302609,0.00367085085513929,0.117237136326504,393,638,85.5129612227977,635.67670688251,700.487038777202,641.32329311749
980,980.png,613,90,-0.696523891182723,0.0222460403788213,0.323707980622222,324,661,17.5226475853509,665.225916921649,630.477352414649,657.774083078351
981,981.png,635,93,1.34127863853996,0.0115485091274588,0.907437052821383,407,696,89.586993469467,689.068090067298,724.413006530533,703.931909932702
982,982.png,651,98,-0.654759005602849,0.00145775556066756,0.0188887836019243,136,676,-189.47874632834,680.219635537505,461.47874632834,672.780364462495
983,983.png,681,90,1.54752469511322,0.0123152125041311,0.751235109857645,352,596,11.6241911447051,587.30441703296,692.375808855295,605.695582967039
984,984.png,578,98,0.276257783024884,0.0112751700060182,0.516102536355439,1019,670,730.003359315435,669.10656071657,1307.99664068456,671.89343928343
985,985.png,589,107,-1.68104871666228,0.0190981709340444,0.0320054871533415,1201,675,906.626747523645,684.139341785818,1495.37325247635,666.860658214182
986,986.png,665,111,1.89191623629355,0.00189346078841049,0.948741706109389,693,557,360.681251135911,546.52278936129,1025.31874886409,568.47721063871
987,987.png,626,97,-1.5548343939407,0.00545160621843818,1.27930469013987,702,578,389.115241977776,586.992832117403,1014.88475802222,570.007167882597
988,988.png,645,115,1.90236492340934,0.020405457108691,0.316649576348676,1048,552,725.677746975633,541.794150883949,1370.32225302437,563.205849116051
989,989.png,609,90,0.746402484781518,0.00327004526139012,0.797825843633751,1143,601,838.525837592687,597.533335612211,1447.47416240731,605.466664387789
990,990.png,638,109,0.827364875052527,0.0100017904365831,0.867341126163819,382,626,63.0332584522657,621.893723149783,700.966741547734,631.106276850217
991,991.png,681,115,-1.65073348716727,0.00483465131850155,1.15467580493925,1242,672,901.641307670799,682.308697974563,1582.3586923292,662.691302025437
992,992.png,607,106,-0.783788611584283,0.0257869333475719,0.460851893971096,239,651,-64.4716028627741,655.651657006388,542.471602862774,647.348342993612
993,993.png,623,94,-0.0646368872032279,0.00473838778056736,0.175124180647381,318,643,6.50019821823803,643.851411330192,629.499801781762,643.148588669808
994,994.png,665,115,-0.534126712220075,0.0142415761829911,0.925290136052546,94,638,-238.485552196044,641.599609796666,426.485552196044,635.400390203334
995,995.png,681,96,1.73964977040283,0.013148779814482,0.666452787627523,381,686,40.6569394547567,676.163117554268,721.343060545243,696.836882445732
996,996.png,643,94,1.61072408363637,0.0184323779999937,0.180085839857119,1228,693,906.62703383789,684.463041431583,1549.37296616211,702.536958568417
997,997.png,632,99,1.83945153215852,0.0291406596022511,0.924724735332051,337,682,21.1628362970165,672.356725180948,652.837163702984,692.643274819052
998,998.png,644,108,1.71902385388012,0.0253830078455112,0.480002205018561,576,600,254.144914498938,590.840603688423,897.855085501062,610.159396311577
999,999.png,668,102,-0.953516348458777,0.0182626872747369,1.22055430814289,393,589,59.0462506105466,595.058171347316,726.953749389453,583.941828652684
1000,1000.png,668,112,0.567237751689921,0.0267395289883424,0.774980371692681,942,624,608.01636808656,621.193398435298,1275.98363191344,627.806601564702
1001,1001.png,428,119,0.612424069029867,0.0238630457825897,1.06289044492928,761,620,547.012224718837,618.212636841562,974.987775281163,622.787363158438
1002,1002.png,422,128,1.68898607809488,0.0114973657413782,1.19751773576531,433,685,222.091670137964,679.280965122581,643.908329862036,691.719034877419
1003,1003.png,493,121,1.69153271926521,0.0118861035915223,0.735050570639956,87,615,-159.392583518102,608.223683124349,333.392583518102,622.776316875651
1004,1004.png,552,124,0.237585658771016,0.0217353235231665,0.35178740496941,201,699,-74.9976271316512,698.355527327525,476.997627131651,700.644472672475
1005,1005.png,482,132,-0.721923066758599,0.0144581808511559,0.443306118008481,789,576,548.019130127894,579.536503858564,1029.98086987211,573.463496141436
1006,1006.png,496,124,-0.746482985586658,0.00665374719114455,0.272855776680486,454,625,206.021047964563,628.730997896412,701.978952035437,622.269002103588
1007,1007.png,497,117,-0.722389481034004,0.00620773605744293,0.506616682818345,658,648,409.51975095986,651.633023611432,906.48024904014,645.366976388568
1008,1008.png,499,129,1.69623200243618,0.00584935106513066,0.739449021759288,1246,572,996.609328672543,565.114673003838,1495.39067132746,579.885326996162
1009,1009.png,562,128,0.564957713215641,0.0241178042408434,1.10870223481096,163,675,-117.986339725537,672.729280301937,443.986339725537,678.270719698063
1010,1010.png,433,115,-1.74853962860912,0.0295298757549568,0.0530186096594679,1086,693,869.600809136075,700.106072466941,1302.39919086393,686.893927533059
1011,1011.png,477,125,1.05834000761839,0.0282310712552998,1.45256429399477,775,633,536.540686581518,629.094793536516,1013.45931341848,637.905206463484
1012,1012.png,517,124,1.83243662778457,0.00630918771350343,0.00351465183908745,634,580,375.632192311485,572.23404874013,892.367807688515,588.76595125987
1013,1013.png,494,115,0.847677971651362,0.0117225309535957,1.38701067439322,216,566,-30.9729681626339,562.845824725246,462.972968162634,570.154175274754
1014,1014.png,464,122,1.99352113120086,0.0106695924520541,0.812476289031654,822,575,590.140414060461,567.429534837108,1053.85958593954,583.570465162892
1015,1015.png,438,127,-1.78955321631061,0.00920037763869727,1.28181280496409,125,622,-93.8931873270095,629.339045388263,343.89318732701,615.660954611737
1016,1016.png,511,126,0.838066258842402,0.0211760114906743,0.0673970306526061,519,613,263.527331572102,609.762930783443,774.472668427898,617.237069216557
1017,1017.png,549,121,1.62400245078569,0.0273263671128417,0.779541233369365,101,675,-173.389741679474,667.720561648067,375.389741679474,683.279438351933
1018,1018.png,527,129,-1.95741034835046,0.0243336938693409,0.614059691559204,228,564,-35.3462458386108,572.500266813265,491.346245838611,554.499733186734
1019,1019.png,524,134,-1.16192449630682,0.0117483568450395,1.09617846052266,165,634,-96.9461275207374,639.812840755151,426.946127520737,629.187159244849
1020,1020.png,427,115,-1.82557987331847,0.0222671915751762,1.10394600856761,817,587,603.608364630634,594.301467076122,1030.39163536937,580.698532923878
1021,1021.png,437,135,-1.20158409864097,0.0231128972881084,0.626755969868246,1356,555,1137.54804725804,560.081958448392,1574.45195274196,550.918041551608
1022,1022.png,429,121,-0.748277698910689,0.0221035645457432,1.16370111845288,261,607,46.5182924327591,610.301270968785,475.481707567241,604.698729031215
1023,1023.png,544,122,-1.34133979957376,0.0208056901482015,1.22127787410188,875,590,603.07453348534,596.867154842214,1146.92546651466,584.132845157786
1024,1024.png,437,135,-1.06067737443709,0.0217861017572813,0.262300989435448,685,600,466.537439529959,604.544709244647,903.462560470041,596.455290755353
1025,1025.png,487,130,1.49762432053998,0.0254768151035782,0.37767569319093,484,664,240.583177286197,658.136005977596,727.416822713803,670.863994022404
1026,1026.png,475,122,0.235319029356181,0.0102331042373041,1.36044204187003,278,651,40.5020030963504,650.524568426772,515.49799690365,652.475431573228
1027,1027.png,550,115,-1.24064993950222,0.00328169391912924,0.981398986308212,467,655,192.064467225792,661.45422691559,741.935532774208,649.54577308441
1028,1028.png,462,122,-1.33797410097217,0.00779528283700455,0.709659107889203,145,669,-85.9370185873569,674.893834070747,375.937018587357,664.106165929253
1029,1029.png,538,120,0.809264852585955,0.0203697117288936,1.43891266540866,217,611,-51.9731681166533,607.700679891013,485.973168116653,615.299320108987
1030,1030.png,443,130,-0.624645023791513,0.014263339632421,0.689332448495472,957,556,735.5131631775,558.914770043512,1178.4868368225,554.085229956488
1031,1031.png,552,128,-1.30901443662365,0.0156464883090914,0.842404005651757,740,619,464.072028405913,625.805116333006,1015.92797159409,613.194883666994
1032,1032.png,428,134,0.539773116760722,0.0147398685173781,1.30313139541301,996,690,782.00949637383,688.483974747629,1209.99050362617,692.516025252371
1033,1033.png,426,118,-0.344977693658298,0.00154624882902432,0.0995814561687621,908,572,695.003860868943,573.782464527089,1120.99613913106,571.217535472911
1034,1034.png,458,116,-1.02584238426386,0.00980337755611092,0.871711944836993,383,588,154.036703704309,592.599871877477,611.963296295691,584.400128122523
1035,1035.png,464,117,-0.700457462660673,0.0133639454107617,0.780343735238938,1328,626,1096.01733687622,629.336196396721,1559.98266312378,623.663803603279
1036,1036.png,534,116,1.0191171357969,0.00592654354618867,1.18048121743715,856,676,589.042235025322,671.751134901394,1122.95776497468,681.248865098606
1037,1037.png,440,135,0.182226386149992,0.0269070554141051,1.4526485238377,583,567,363.0011126782,566.800302086694,802.9988873218,568.199697913306
1038,1038.png,494,118,-0.457837261408151,0.0189667473874549,0.686121644600217,778,639,531.007885725443,641.473698605144,1024.99211427456,637.526301394856
1039,1039.png,500,130,-1.43996096462096,0.0192448105065261,0.266967702732859,166,696,-83.9210516010247,702.782353590651,415.921051601025,690.217646409349
1040,1040.png,552,123,1.16040115678692,0.0196434349205369,1.32812241268839,1181,627,905.056602456926,621.910603575983,1456.94339754307,633.089396424017
1041,1041.png,406,135,1.22827926249068,0.0113966235867189,1.41678445707939,1230,550,1027.04664427898,546.148517312939,1432.95335572102,554.851482687061
1042,1042.png,526,128,0.414922818926644,0.0163510555275716,1.45635321439552,1268,675,1005.00689625369,673.595431312759,1530.99310374631,677.404568687241
1043,1043.png,437,122,-0.0666716163389434,0.0104885408055881,0.906369440640386,263,566,44.5001479306276,566.75425511279,481.499852069372,566.24574488721
1044,1044.png,542,128,1.73016210976604,0.0140884799476078,0.388719212846448,1101,553,830.123547687934,544.317849742942,1371.87645231207,560.682150257058
1045,1045.png,570,115,-0.493883419572825,0.0159075845247229,0.207115287444466,516,565,231.010588045608,567.9566387382,800.989411954392,563.0433612618
1046,1046.png,532,133,0.574303701643828,0.00921718715827889,0.395552085885284,663,596,397.013362446242,592.833796173247,928.986637553758,598.166203826753
1047,1047.png,536,135,-1.47035159987659,0.0283687689395378,0.186186932069619,32,578,-235.911757440567,584.376788865947,299.911757440567,570.623211134053
1048,1048.png,458,124,-1.30502052733775,0.00986545250948529,0.406455891054096,56,632,-172.940601410503,637.715460267059,284.940601410503,627.284539732941
1049,1049.png,539,132,-1.63204938629807,0.0121266535162452,1.35195943902886,1137,618,867.609325314965,625.175571167109,1406.39067468504,609.824428832891
1050,1050.png,432,124,-0.920260182837561,0.012667545537745,1.47501874814612,1201,595,985.027860596957,598.969149992825,1416.97213940304,592.030850007175
1051,1051.png,471,132,-0.337967201812654,0.020702789912234,0.982497793591904,1332,631,1096.50409697679,632.889121766992,1567.49590302321,630.110878233008
1052,1052.png,438,127,1.395324871287,0.00625156493708111,0.733042010801893,1280,554,1061.06493787328,549.167217277291,1498.93506212672,559.832782722709
1053,1053.png,486,116,0.0655227765234114,0.0135297235608761,0.862752820253299,417,588,174.000158896946,588.222108131523,659.999841103054,588.777891868477
1054,1054.png,558,123,1.34112499100964,0.0116291928288649,0.534185084436506,1355,688,1076.07642714293,681.97003027221,1633.92357285707,695.02996972779
1055,1055.png,513,118,-0.456442390046385,0.023388581689406,0.388743762456215,513,636,256.508139200626,638.5433657711,769.491860799374,634.4566342289
1056,1056.png,532,124,1.34686149775066,0.00634493816552515,1.19881409140582,1394,561,1128.07349067789,555.247669253882,1659.92650932211,567.752330746118
1057,1057.png,565,123,-0.285270819211988,0.0252715678824729,0.65748033647043,1353,672,1070.50350152308,673.906537691802,1635.49649847692,671.093462308198
1058,1058.png,462,120,-0.00990860461938414,0.00664253680617947,0.61225995674728,262,650,31.0000034543132,650.5399486258,492.999996545687,650.4600513742
1059,1059.png,478,124,-1.89521157011539,0.020463881824298,0.48602474945054,348,594,109.130736977471,602.40412443435,586.869263022529,586.59587556565
1060,1060.png,452,123,-0.688483112434274,0.0275776952999969,1.43346306608547,316,602,90.0163160315746,605.215617804261,541.983683968425,599.784382195739
1061,1061.png,494,121,-1.5011054874242,0.0152769848667853,1.18078172238846,236,659,-10.9152344711101,665.970470313411,482.91523447111,653.029529686589
1062,1062.png,558,121,-1.02327634952679,0.000608022497852118,0.580381937579088,1288,560,1009.04449418665,565.482547181772,1566.95550581335,555.517452818228
1063,1063.png,553,119,1.28116765540503,0.00383121018883341,0.686744758709046,1103,603,826.569121588677,597.317811007085,1379.43087841132,609.682188992915
1064,1064.png,417,129,-0.78571464558989,0.00366820458851901,0.146123260808502,1068,554,859.519604406075,557.359135009172,1276.48039559392,551.640864990828
1065,1065.png,501,128,-1.95677810149156,0.0163356959633836,0.0942145885063732,764,618,513.646074166126,627.053468277085,1014.35392583387,609.946531722915
1066,1066.png,468,128,-0.419927877629979,0.0137408834187349,1.18088267287301,268,607,34.006284750871,609.214999682086,501.993715249129,605.785000317914
1067,1067.png,537,119,1.06544943276874,0.0262085384769307,0.523513518081883,924,651,655.5464218239,646.507368985336,1192.4535781761,656.492631014664
1068,1068.png,539,124,1.93295025551032,0.000182819677341325,0.812005438610792,67,609,-202.346650037841,600.409779243985,336.346650037841,618.590220756015
1069,1069.png,568,129,0.188539557362716,0.0289724521913356,0.0178910059039707,500,612,216.001537615166,611.565461049448,783.998462384834,613.434538950552
1070,1070.png,482,123,-0.86651906054932,0.00274568871616945,0.621414365161279,939,581,698.027560668326,585.144651223729,1179.97243933167,577.855348776271
1071,1071.png,474,126,0.924256783091954,0.0281411040181036,1.22553878834513,877,564,640.030835355581,560.677042018749,1113.96916464442,568.322957981251
1072,1072.png,508,126,1.2317564792736,0.0210322590501087,0.256209154916923,1344,676,1090.05869369357,671.039876248412,1597.94130630643,681.960123751588
1073,1073.png,437,133,0.766974289681568,0.0289028758631496,1.33438950837061,268,649,49.5195763313565,646.575196832261,486.480423668644,652.424803167739
1074,1074.png,558,115,1.30066927741148,0.00645504181314013,1.00710796821838,283,681,4.07188595659196,675.16697574712,561.928114043408,687.83302425288
1075,1075.png,568,134,0.115294356369014,0.0208024341890454,0.805906563997288,260,678,-23.9994250116685,677.928516805436,543.999425011669,679.071483194564
1076,1076.png,554,123,-1.89375776280247,0.00726218146080208,0.417316651756241,169,639,-107.848708745817,648.6538224679,445.848708745817,630.3461775321
1077,1077.png,554,116,-0.435200768663821,0.00902121838677956,0.480879229819352,494,686,217.007990643001,688.603984879238,770.992009356999,684.396015120762
1078,1078.png,484,118,1.17592468074567,0.0244920207247761,0.487315817249279,42,680,-199.949033610136,675.533599379694,283.949033610136,685.466400620306
1079,1079.png,472,131,1.85434483405477,0.00517109776944542,0.600033729241048,335,634,99.1235890036194,626.863329556245,570.876410996381,642.136670443755
1080,1080.png,466,129,0.14543223452191,0.0288103643977803,0.809730813956374,1006,660,773.000750588284,659.908583414957,1238.99924941172,661.091416585043
1081,1081.png,526,115,-0.517481316652605,0.0224261134457326,1.43888145671792,299,603,36.0107267185275,605.875318690819,561.989273281473,601.124681309181
1082,1082.png,456,119,1.54499540915931,0.00037536743571455,0.301258032203529,799,644,571.082887235948,638.352666488749,1026.91711276405,650.647333511251
1083,1083.png,445,127,-0.731404112922125,0.0104464927873206,1.25619061997009,75,665,-147.481871425584,668.340226570139,297.481871425584,662.659773429861
1084,1084.png,544,126,0.600052254808796,0.00886228984259173,0.217698520459464,385,699,113.014916530419,696.651426664962,656.985083469581,702.348573335038
1085,1085.png,551,128,1.61412282640933,0.013179745601005,0.35592679319819,534,564,258.609317773531,555.739707296759,809.390682226469,571.260292703241
1086,1086.png,523,120,1.1424097731074,0.0217125320626453,0.13793336391443,381,590,119.551978753937,585.286346145125,642.448021246062,595.713653854875
1087,1087.png,435,117,1.41086669414078,0.0199368621332454,1.17224083892888,344,662,126.565937734071,657.144762700288,561.434062265929,667.855237299712
1088,1088.png,510,122,1.37263041369501,0.0257155837023426,0.414506785605136,391,652,136.073173088021,646.391569711464,645.926826911979,658.608430288536
1089,1089.png,431,126,-0.508561334885886,0.0214151329873839,0.0727015478409033,256,696,40.508488986432,698.412767913077,471.491511013568,694.587232086923
1090,1090.png,529,120,-1.81958590657193,0.012999179000472,0.179608739102056,863,659,598.633370274032,667.89851697224,1127.36662972597,651.10148302776
1091,1091.png,524,124,-0.618175220428913,0.0176030650519051,0.0411437026892671,703,577,441.015249127747,580.32671371095,964.984750872253,574.67328628905
1092,1092.png,432,129,-0.108654973591653,0.0128628889510393,1.28431770771382,1249,561,1033.00038839853,561.909619354656,1464.99961160147,561.090380645344
1093,1093.png,533,132,-1.66488545470173,0.0284995904134991,0.525471732566187,297,699,30.6125019662174,707.242796090656,563.387498033783,691.757203909343
1094,1094.png,403,121,-1.99130991838058,0.0156255346467575,0.321161553117287,804,696,602.621684086977,703.501705508985,1005.37831591302,689.498294491015
1095,1095.png,548,132,-1.42111241048355,0.00520508085327138,1.47396786821336,1030,674,756.084277161885,681.29535003315,1303.91572283812,667.70464996685
1096,1096.png,432,128,1.06990463955413,0.0299892384144488,0.965052981616511,218,694,2.03765789260655,690.466788935705,433.962342107393,698.533211064295
1097,1097.png,432,135,1.78540009825557,0.013234630861532,0.535557412941339,1146,595,930.104861111513,588.770289432594,1361.89513888849,602.229710567406
1098,1098.png,458,124,-1.31546177366763,0.0247560536699758,0.616384722578515,770,658,541.060352825814,663.757180970738,998.939647174186,653.242819029262
1099,1099.png,494,135,1.6738200145205,0.0292036764467332,0.417228265386955,660,620,413.105392163236,613.285249752728,906.894607836764,627.714750247272
1100,1100.png,408,124,-1.46714219954696,0.0127229860673959,0.764787670995712,726,587,522.066876816958,592.723147404617,929.933123183042,582.276852595383
1101,1101.png,438,134,-0.550254332667619,0.0169102336239743,1.38373773160934,322,570,103.010099327555,572.603188881852,540.989900672445,568.396811118149
1102,1102.png,524,134,-0.736182681499936,0.01001300069232,0.338838886616188,175,629,-86.9783732505399,632.866296035824,436.97837325054,626.133703964176
1103,1103.png,553,119,1.68294439599543,0.0140404678221201,0.895186474960429,711,621,434.619269166651,613.379555183112,987.380730833349,629.620444816889
1104,1104.png,478,129,0.0103570864791389,0.0295389753420267,0.393432455897261,795,686,556.000003904791,686.456797103101,1033.99999609521,686.543202896899
1105,1105.png,539,117,0.313504967848623,0.0218057043698039,0.877399632649977,1321,619,1051.5040343287,618.025385849381,1590.4959656713,620.974614150619
1106,1106.png,431,122,1.0772733182977,0.0159333867214554,1.1809530276934,231,600,15.5380900047475,596.448414977109,446.461909995252,604.551585022891
1107,1107.png,499,132,-0.965509338031082,0.0148494640369945,1.40483694591418,684,569,434.535424030186,572.704204585992,933.464575969814,564.295795414008
1108,1108.png,413,122,1.10219268150529,0.0118581174564965,1.43031161904929,828,620,621.538207308816,616.527826949563,1034.46179269118,624.472173050437
1109,1109.png,526,115,-0.221021033186538,0.0209451722930077,0.355473872559449,1037,604,774.001956803241,605.514531751851,1299.99804319676,603.485468248149
1110,1110.png,443,134,1.81245142627562,0.0117818413301061,0.898163448615695,177,568,-44.3891859041818,561.494404758791,398.389185904182,575.505595241209
1111,1111.png,565,118,-0.725330927675156,0.0210789836729065,0.326398230882405,1289,664,1006.52263652634,668.076188609168,1571.47736347366,660.923811390832
1112,1112.png,564,125,-1.12069976613454,0.0200915617439548,0.338202295960205,960,609,678.053943430789,615.015540324525,1241.94605656921,603.984459675475
1113,1113.png,549,117,-0.871786101058475,0.027582217718769,1.09814172716947,811,610,536.531774490182,614.676503979582,1085.46822550982,606.323496020418
1114,1114.png,418,124,-1.63245999397192,0.00179632206876047,0.420664357647166,166,699,-42.9151744391038,705.453980943773,374.915174439104,693.546019056226
1115,1115.png,547,118,1.94583345296932,0.0220613005018438,0.833341294096347,50,578,-223.342292749838,569.213397054808,323.342292749838,587.786602945192
1116,1116.png,455,127,1.90888750158664,0.0039928026845387,0.64966216932589,994,552,766.62624861937,544.921927481256,1221.37375138063,560.078072518744
1117,1117.png,476,124,-1.94672595095194,0.025674199721602,0.301437615905825,802,636,564.137362932206,644.584917263333,1039.86263706779,628.415082736667
1118,1118.png,482,121,1.64142367426311,0.0298221481358085,1.02424718906625,1042,682,801.098890247742,675.59671671374,1282.90110975226,689.40328328626
1119,1119.png,439,133,0.0572888393326645,0.0284384855938028,0.334163755226754,891,554,671.500109723405,554.280526624385,1110.4998902766,554.719473375615
1120,1120.png,449,127,1.85095019659589,0.0140240235823249,1.24975544314733,1147,655,922.617136645093,648.248749580041,1371.38286335491,662.751250419959
1121,1121.png,548,126,0.143851544131671,0.00926383167165142,1.44127124252118,864,601,590.000863583091,600.812073559034,1137.99913641691,602.187926440966
1122,1122.png,449,121,-0.211214619733983,0.0225962433165001,0.234390694468732,57,679,-167.498474583133,680.327592802409,281.498474583133,678.672407197591
1123,1123.png,537,130,-0.254890219099543,0.022490071752466,0.524940497410461,943,678,674.502656896609,679.69446490947,1211.49734310339,677.30553509053
1124,1124.png,498,132,-1.1117579259351,0.0298162737056493,1.28701511935998,293,663,44.0468738826975,668.331252055365,541.953126117303,658.668747944635
1125,1125.png,424,127,1.69023619159738,0.00108958895287362,0.127566692886357,949,563,737.09224097773,557.246867492228,1160.90775902227,569.753132507772
1126,1126.png,500,119,-1.81346517404209,0.00736688928908365,1.11309070601323,1218,617,968.125212282306,625.411413466473,1467.87478771769,609.588586533527
1127,1127.png,445,127,-0.721931392367228,0.0207391054408408,0.261349162051845,189,699,-33.4823379600369,702.303443567465,411.482337960037,696.696556432535
1128,1128.png,499,128,-0.772853247669225,0.0248351174446323,0.894903649782181,588,566,338.522697748368,568.865361978732,837.477302251632,562.134638021268
1129,1129.png,443,120,-0.100197534888837,0.00792495696053874,0.900266278174686,453,682,231.500338697845,682.887353882856,674.499661302155,682.112646117144
1130,1130.png,497,128,1.69029874671606,0.00195452058670145,0.930737811898236,751,584,502.60813009216,577.169995655745,999.39186990784,591.830004344254
1131,1131.png,474,121,1.60736720623116,0.0162956643941458,0.819491803891787,364,689,127.093255576081,682.85210962335,600.906744423919,696.14789037665
1132,1132.png,406,117,-1.17150368650667,0.000805140169896661,0.0442942599725791,1321,667,1118.04243194762,671.65036989501,1523.95756805238,663.34963010499
1133,1133.png,467,127,-1.50702652049445,0.0015167360693317,1.01298865046868,23,580,-210.41923403687,586.640943057944,256.41923403687,574.359056942056
1134,1134.png,408,130,-1.74272086470194,0.00678864197558354,0.352944093325885,639,599,435.094357643484,605.703951577555,842.905642356516,593.296048422445
1135,1135.png,441,124,-0.297130060233184,0.0263970217173308,0.358179404365554,46,692,-174.497034994236,693.643485352217,266.497034994236,691.356514647783
1136,1136.png,569,117,1.87205226890327,0.00479452486836692,0.705534406255377,439,569,154.651846335114,560.206049958694,723.348153664886,578.793950041306
1137,1137.png,467,115,1.05576627108557,0.0252559496504164,0.700029973203966,1363,585,1129.53964011472,581.197632949522,1596.46035988528,589.802367050478
1138,1138.png,415,131,1.75232272739253,0.014787744480428,0.0172783029161768,247,696,39.5970369584964,690.154850545125,454.402963041504,702.845149454875
1139,1139.png,542,127,1.36620486322193,0.0140140399941693,0.724817663139556,1036,564,765.077038019047,558.038678814119,1306.92296198095,570.961321185881
1140,1140.png,483,120,0.751937067843208,0.0242497715870639,0.993314110718468,349,669,107.520796901282,666.330698687691,590.479203098718,672.669301312309
1141,1141.png,443,122,0.622952844237279,0.0272644739930273,1.32169581715629,371,558,149.513091956026,556.091771372981,592.486908043974,560.908228627019
1142,1142.png,427,125,0.00551291619614824,0.0265448547044974,1.39981015364062,110,697,-103.499999011708,697.479457341953,323.499999011708,697.520542658047
1143,1143.png,552,115,-1.07099073129014,0.0209138662300934,1.17455035318437,672,673,396.04821615792,678.65877837998,947.95178384208,668.34122162002
1144,1144.png,565,115,-1.18097665060926,0.00775953046689456,1.38157684470433,1266,679,983.560008177632,685.322458190558,1548.43999182237,673.677541809442
1145,1145.png,495,131,1.64383293126925,0.0291479268697929,0.270256385073797,221,586,-26.3981442606838,579.400125608867,468.398144260684,593.599874391133
1146,1146.png,501,135,-0.638638522974534,0.012407200623649,1.41378805066608,879,653,628.515561024875,656.29210159505,1129.48443897512,650.70789840495
1147,1147.png,546,135,1.85693147774766,0.0277916695839489,0.563542617969343,379,650,106.143364336184,640.65373670843,651.856635663816,658.34626329157
1148,1148.png,533,119,-0.623927820114497,0.0258839227629321,0.642188625643364,885,594,618.515801065107,597.402019646459,1151.48419893489,591.597980353541
1149,1149.png,545,131,0.348730534293157,0.0117447252514557,1.21588640589093,193,597,-79.4949525752172,594.841440073399,465.494952575217,598.158559926601
1150,1150.png,527,121,-1.03564887041608,0.00066889615037983,0.677512248712544,215,664,-48.4569554069605,669.262630333632,478.45695540696,659.737369666368
1151,1151.png,431,126,-1.80795735481247,0.0284465304391167,1.0367938665304,188,598,-27.3927215864202,605.298932827649,403.39272158642,591.70106717235
1152,1152.png,472,125,-1.17673938421021,0.0107682422627368,1.19067173788806,1165,699,929.049771651875,704.346621758264,1400.95022834812,694.653378241736
1153,1153.png,571,123,1.10428402628661,0.0129070098336854,0.67838331859163,806,607,520.553024793812,601.997787205305,1091.44697520619,613.002212794695
1154,1154.png,479,126,-0.969273134320064,0.0189854559957479,0.0506541673862905,329,618,89.534269853722,622.551430057395,568.465730146278,614.448569942605
1155,1155.png,481,134,-1.48512846933108,0.0202897028420304,0.533816873289963,553,700,312.580787385106,706.73315374707,793.419212614894,694.26684625293
1156,1156.png,408,118,-0.0935296094911715,0.0106873150333674,0.834453353996474,929,678,725.000271802253,678.833009377383,1132.99972819775,678.166990622617
1157,1157.png,535,117,0.406424954538995,0.0170388601019607,0.921994399854143,561,560,293.506729881799,558.602517069653,828.493270118201,562.397482930347
1158,1158.png,419,121,0.826889259242733,0.0147510802310324,0.47911015529792,56,696,-153.47818295485,693.476613499023,265.47818295485,699.523386500977
1159,1159.png,447,131,1.43033604516441,0.00635889060618882,0.246387232539636,1235,687,1011.56963953759,681.921109103078,1458.4303604624,693.078890896922
1160,1160.png,551,119,0.0317966365310829,0.00294986327985602,0.91741032949912,609,650,333.500042423715,650.347109630253,884.499957576285,650.652890369747
1161,1161.png,422,132,-1.01385218953758,0.0192203219818483,1.38276107472679,578,641,367.033032781875,645.233462573353,788.966967218125,637.766537426647
1162,1162.png,458,135,0.316199112454543,0.0184748552171956,0.198241286991719,305,589,76.0034872285592,588.236220541649,533.996512771441,590.763779458351
1163,1163.png,483,124,0.868640065501596,0.000232115128690975,0.428154793820148,138,647,-103.472246786901,643.838848311537,379.472246786901,651.161151688463
1164,1164.png,559,119,0.836444257219006,0.0267822334085628,0.123641694030338,335,644,55.529783302061,640.419806523335,614.470216697939,648.580193476665
1165,1165.png,454,128,-1.09151074287327,0.00921831419672116,0.354741443895148,938,593,711.041190161155,597.824192009522,1164.95880983884,589.175807990478
1166,1166.png,522,129,-0.0157230122002314,0.00860555597822148,0.471277574922923,1238,698,977.000009827357,698.571623183551,1498.99999017264,698.428376816449
1167,1167.png,542,127,-1.43515706533526,0.0129567124015283,1.39121199928018,467,641,196.085010034066,648.287356757802,737.914989965934,634.712643242198
1168,1168.png,520,116,0.175099052805183,0.0161500728057348,1.36083727803229,1351,629,1091.00121413043,628.705426939788,1610.99878586957,630.294573060212
1169,1169.png,489,126,-1.79858669889434,0.0181072451535543,1.01274815128366,734,683,489.620456625938,691.173902545975,978.379543374062,675.826097454025
1170,1170.png,471,119,-0.336909029465258,0.0239684725994991,0.878692111696688,1253,645,1017.50407136183,646.884772489119,1488.49592863817,644.115227510881
1171,1171.png,550,125,1.23687952790147,0.0163826616255734,0.990399488918202,1130,614,855.064075996657,608.563865531515,1404.93592400334,620.436134468485
1172,1172.png,477,135,-0.650531324437121,0.0181477419551633,0.288795417293572,160,618,-78.4846274864473,621.207850189814,398.484627486447,615.792149810186
1173,1173.png,497,126,0.363368229838147,0.0274405835896303,0.732447452579196,1382,600,1133.50499739391,598.924030520515,1630.49500260609,602.075969479485
1174,1174.png,435,128,1.80121679000312,0.00932074548353726,0.59972578360766,445,556,227.607468257209,549.663543135539,662.392531742791,563.336456864461
1175,1175.png,415,130,-1.28489439925204,0.0274967703924225,0.34766755753913,343,573,135.552174646076,578.152929821922,550.447825353924,568.847070178078
1176,1176.png,571,132,1.22649863552029,0.00440746533691168,0.575969092115959,140,604,-145.434589358753,597.388928277311,425.434589358753,609.611071722689
1177,1177.png,430,118,-1.13278002983126,0.0202356253656189,0.412285752827344,310,647,95.0420184686916,651.750432446902,524.957981531308,643.249567553098
1178,1178.png,418,115,1.37144639970343,0.0203538938556594,0.95984754294523,1011,617,802.059869822068,612.497800360975,1219.94013017793,622.502199639025
1179,1179.png,431,133,1.69858698356926,0.00393925258856535,0.924766981616242,553,581,337.594692545096,575.112236677979,768.405307454904,587.887763322021
1180,1180.png,477,126,-1.59700665878261,0.0168969350686154,0.606133892433908,710,646,471.592639981459,653.146855571618,948.407360018541,639.853144428382
1181,1181.png,553,116,1.92409399596627,0.021320158718316,0.0169654891162106,575,676,298.655894800103,667.216384256746,851.344105199897,685.783615743254
1182,1182.png,505,121,0.678597109401273,0.00150927047738685,1.18888440075101,874,658,621.517709449283,655.509522067754,1126.48229055072,661.490477932246
1183,1183.png,475,121,1.01789726648051,0.00646293257763286,0.817704157005318,333,554,95.5374787266337,550.280877994646,570.462521273366,558.719122005354
1184,1184.png,451,131,1.13976396237447,0.00896772059443636,0.300026972366561,1192,582,966.544615607047,578.01450691385,1417.45538439295,586.98549308615
1185,1185.png,469,118,0.273339631258813,0.0174219541384446,0.253703800331557,814,686,579.502668529273,685.381280594549,1048.49733147073,687.618719405451
1186,1186.png,537,124,-1.89885831872978,0.0018307888042884,1.1583643459977,1190,588,921.6474396875,597.396818179892,1458.3525603125,579.603181820108
1187,1187.png,544,118,-1.03364259078608,0.018862732705356,1.34426809675549,223,569,-48.9557388537702,574.406740720677,494.95573885377,564.593259279323
1188,1188.png,470,122,-0.986115690332542,0.00265534596009624,1.13732945391339,90,623,-144.965195322067,627.544377240432,324.965195322067,619.455622759568
1189,1189.png,567,118,-0.736096006972476,0.0209889144301379,0.652897982035729,299,624,15.5233959536871,628.142109055196,582.476604046313,620.857890944804
1190,1190.png,563,118,0.08114275350224,0.00995107213505722,0.518532843586904,307,607,25.5002822945854,607.101337521374,588.499717705415,607.898662478626
1191,1191.png,445,122,0.0858324554403684,0.0230027816257032,0.202476589615314,120,695,-102.499750334952,695.166682007738,342.499750334952,695.833317992262
1192,1192.png,415,121,-0.893623031341577,0.0169571574651745,0.483368597915964,881,642,673.525237291469,645.73617660806,1088.47476270853,639.26382339194
1193,1193.png,551,132,0.218062960274043,0.00852767119459334,1.00761564459749,1355,601,1079.50199530654,599.451472498815,1630.49800469346,601.548527501185
1194,1194.png,444,124,-1.17548271939547,0.0144869786573298,0.0105148127508687,547,695,325.046719154955,700.05424221144,768.953280845045,690.94575778856
1195,1195.png,573,130,0.253615647575128,0.0045119301246808,1.08255501781142,374,657,87.5028067307129,656.231832494982,660.497193269287,658.768167505018
1196,1196.png,575,128,-1.80105992161726,0.00159936778341889,1.11048554093059,458,553,170.642031002068,561.535909106644,745.357968997932,543.464090893356
1197,1197.png,570,119,0.474291693842673,0.00445890296839986,1.11710270736917,1017,654,732.009764683194,652.140810717282,1301.99023531681,656.859189282718
1198,1198.png,495,120,0.176396352202321,0.0250912769784429,0.262564729780965,1176,676,928.501172948109,675.738023662944,1423.49882705189,677.261976337056
1199,1199.png,530,124,-1.04071864125779,0.0135799951626303,0.716204978156604,1377,594,1112.04371448237,599.313186543312,1641.95628551763,589.686813456688
1200,1200.png,463,132,0.707294228391683,0.0278813139185133,1.3805711627453,1009,567,777.517638857355,564.642294657262,1240.48236114265,570.357705342738
1201,1201.png,536,134,0.193738814892172,0.0043668575695132,0.730835659927066,518,671,250.001532118644,670.593791830939,785.998467881356,672.406208169061
1202,1202.png,461,124,0.944246717313492,0.0284107424714959,0.24096808485181,816,673,585.531300898707,669.701482584276,1046.46869910129,677.298517415725
1203,1203.png,402,118,-0.60366591818625,0.00201132656676698,0.970966380621178,133,565,-67.9888439592049,567.617688348736,333.988843959205,563.382311651264
1204,1204.png,419,124,-0.763715482130308,0.00437577085115914,0.358958826943885,59,560,-150.481389179252,563.292416074051,268.481389179252,557.707583925949
1205,1205.png,474,118,-1.08868250772401,0.00450435914652818,0.958555994460745,1266,664,1029.04278214043,669.002988369248,1502.95721785957,659.997011630752
1206,1206.png,526,128,-1.52334496063481,0.0012651804821568,0.57765173126636,1076,582,813.092950434691,589.491658520291,1338.90704956531,575.508341479709
1207,1207.png,400,135,-1.28759652879422,0.00467393919922702,1.42338616888354,521,551,321.050500543484,555.994181470388,720.949499456516,547.005818529612
1208,1208.png,466,117,-1.53299533321378,0.00481904931781619,0.835751859199141,496,686,263.083394309594,692.733361345191,728.916605690406,680.266638654809
1209,1209.png,516,130,-1.2132443495199,0.0103236477655087,0.10948600437078,1039,663,781.057839532296,668.962769741934,1296.9421604677,658.037230258066
1210,1210.png,533,134,0.573240253923398,0.0206202631020511,1.39392981866573,182,569,-84.4866619700093,565.833730680891,448.486661970009,571.166269319109
1211,1211.png,528,133,-1.01599764277396,0.0211274718210121,1.16020461334944,1363,693,1099.04150521683,698.181135738505,1626.95849478317,688.818864261495
1212,1212.png,412,125,-1.19902667502213,0.021289070004887,0.520566692963052,421,609,215.045105946499,613.810639791377,626.954894053501,605.189360208623
1213,1213.png,511,129,1.80214798989371,0.0274182584028485,1.11301675509766,953,635,697.62637487605,627.464977221411,1208.37362512395,643.53502277859
1214,1214.png,575,128,-1.04033782847388,0.0132747570675991,1.41446545244574,860,640,572.547391388995,645.719942789779,1147.452608611,635.280057210221
1215,1215.png,416,132,1.47739014099977,0.025209096279493,0.342625927102877,1179,637,971.069143984798,632.137247275384,1386.9308560152,642.862752724616
1216,1216.png,405,117,0.800386962375091,0.0219272255018986,1.11188736279086,1011,649,808.519757987941,646.671290976775,1213.48024201206,652.328709023225
1217,1217.png,531,129,0.312809378413678,0.0134861662344858,0.799272492716202,69,638,-196.496043167039,637.050495724187,334.496043167039,639.949504275813
1218,1218.png,501,133,0.56920219355723,0.0144390318730247,0.41741082714293,1032,654,781.5123612397,652.011460611203,1282.4876387603,656.988539388797
1219,1219.png,500,133,-0.442741849765873,0.00631390807937224,0.788335345501015,876,699,626.007463864345,701.431806528477,1125.99253613565,697.568193471523
1220,1220.png,492,127,-1.50078297427593,0.0274034479454676,0.478042386417634,129,691,-116.915613921773,697.942889839014,374.915613921773,685.057110160986
1221,1221.png,412,115,-1.61631996713996,0.0275408444758699,0.72168001633633,726,690,520.081962997803,696.310510920909,931.918037002197,684.689489079091
1222,1222.png,425,122,0.400568852729954,0.0110188225935787,0.145012338019611,535,590,322.505193214465,589.014372463137,747.494806785535,591.985627536863
1223,1223.png,419,129,-0.0334276557297239,0.0190367546762173,0.520863047248658,175,599,-34.4999643449873,599.622227039018,384.499964344987,599.377772960982
1224,1224.png,403,135,-0.95440290934218,0.0202754248185772,0.73517150396045,730,663,528.52795459837,666.856325622372,931.47204540163,660.143674377628
1225,1225.png,441,120,-0.346724763855894,0.00963297939155523,0.469165395514542,692,686,471.504037399548,687.834345120308,912.495962600452,685.165654879692
1226,1226.png,408,131,-1.93927486158393,0.00294771816914926,0.757528580257416,1007,599,803.116840170354,606.403414943273,1210.88315982965,592.596585056727
1227,1227.png,430,129,1.52697860177928,0.00665938046885053,0.751245871737767,905,594,690.076349007568,588.770755365371,1119.92365099243,600.229244634629
1228,1228.png,414,131,-1.15529666765995,0.000761214075055372,0.0878031835794775,1268,556,1061.04207919392,560.673609424069,1474.95792080608,552.326390575931
1229,1229.png,436,134,-1.50614466819459,0.00544566664219108,0.59101664157288,956,554,738.075316408399,560.229946029471,1173.9246835916,548.770053970529
1230,1230.png,487,117,1.04902516929354,0.00825104691171509,0.243865563475431,178,669,-65.4591884217631,665.042021420369,421.459188421763,673.957978579631
1231,1231.png,429,135,0.410493229387134,0.0177506659212532,1.32596518108711,830,579,615.505505061499,577.963236818016,1044.4944949385,581.036763181984
1232,1232.png,470,117,-1.82897553034695,0.0207915780759125,0.34072674790722,628,641,393.119721324596,649.000312617786,862.880278675404,633.999687382214
1233,1233.png,469,117,0.521193347747382,0.0125024319768734,1.43193791322227,1002,577,767.509702023445,575.366890798286,1236.49029797655,579.633109201714
1234,1234.png,515,122,1.79689581439718,0.00953527932907779,1.39332086259606,532,640,274.626622875141,632.425673567104,789.373377124859,648.574326432896
1235,1235.png,492,115,-1.21024631816373,0.0261135788585878,0.124096637389567,443,650,197.054877110916,655.69581822946,688.945122889083,645.30418177054
1236,1236.png,481,120,0.014763923502239,0.00779355566610489,0.644973653044818,170,651,-70.4999920155797,651.438028182998,410.49999201558,651.561971817002
1237,1237.png,572,116,-1.67297390946855,0.0137154018016929,0.828665528026748,466,625,180.121909697266,633.84969968691,751.878090302735,617.15030031309
1238,1238.png,515,128,-0.321691090128721,0.0268422518197393,0.883745723789766,308,590,50.5040586247262,591.94574384368,565.495941375274,589.05425615632
1239,1239.png,475,122,0.941506867712917,0.00167679746721332,0.541017884647939,235,603,-2.46793541927118,599.597481875911,472.467935419271,607.402518124089
1240,1240.png,434,135,1.71508979179742,0.00463244031204011,0.872730110644531,1239,674,1022.09721331844,668.005299870269,1455.90278668156,680.994700129731
1241,1241.png,532,127,1.07882565550541,0.028115335436595,0.454409519627008,10,591,-255.952848438812,586.491766051566,275.952848438812,596.508233948434
1242,1242.png,524,116,1.55485652768184,0.017556077158891,1.01755261530524,1015,637,753.096467277198,630.390882803324,1276.9035327228,644.609117196676
1243,1243.png,488,131,-0.635650786321973,0.00212972649658982,0.781962282582338,10,635,-233.984984241028,638.206929054366,253.984984241028,632.793070945634
1244,1244.png,400,123,-1.79389624626982,0.00879216628833289,0.234545219305984,1292,677,1092.09801981977,683.760856173438,1491.90198018023,671.239143826562
1245,1245.png,455,120,-0.420235766338937,0.0186326856196067,0.12913491018114,1351,564,1123.50611913759,566.168583279482,1578.49388086241,562.831416720518
1246,1246.png,548,121,1.85597790589005,0.0149972862569014,0.761978219196931,984,609,710.143741750822,600.625890593459,1257.85625824918,618.374109406541
1247,1247.png,531,120,1.03052775128569,0.014122858091275,1.38609510672822,728,661,462.542943450797,656.724947305722,993.457056549203,666.275052694278
1248,1248.png,408,115,1.4477917437298,0.0101459119270703,1.06612357553103,436,588,232.065124438183,583.345727055518,639.934875561817,593.654272944482
1249,1249.png,492,121,0.144414017196818,0.027957095762461,1.35808934029083,1392,640,1146.00078140883,639.879957635329,1637.99921859117,641.120042364671
1250,1250.png,433,118,-0.920724130926204,0.0234769692023067,0.219094479544143,486,588,269.527953252373,591.978933298187,702.472046747627,585.021066701812
1251,1251.png,400,137,-0.962420025431523,0.0222555730193613,0.323979327977475,800,612,600.028214595322,615.859321667431,999.971785404678,609.140678332569
1252,1252.png,365,138,-1.93137708724382,0.000600186939030523,1.44224453711157,796,672,613.603676573171,678.650707306938,978.396323426829,666.349292693062
1253,1253.png,383,142,-1.30429859453503,0.0287828378425104,0.390053250769153,1247,562,1055.54961680734,565.858987885192,1438.45038319266,557.141012114808
1254,1254.png,413,140,1.26869779845483,0.0292931964420359,0.670293133319878,31,657,-175.449377519355,652.927853691016,237.449377519355,662.072146308984
1255,1255.png,394,143,1.29908492153554,0.00389932655093562,0.353891309442498,788,604,591.050634607094,600.033740789928,984.949365392906,608.966259210072
1256,1256.png,375,142,0.496030092138113,0.0285867861791686,1.28973534526529,318,590,130.507026504802,588.876765596394,505.492973495198,592.123234403606
1257,1257.png,361,144,1.60245653494088,0.019271842479216,1.26139891702518,379,627,198.570590482968,622.452408362864,559.429409517032,632.547591637136
1258,1258.png,373,137,0.323781522480092,0.0229473827736689,0.686815550526179,786,551,599.502977875534,550.446084108434,972.497022124466,552.553915891566
1259,1259.png,409,141,-1.43636992387102,0.0201056286660095,1.49387571466258,527,581,322.564258104758,585.626152138024,731.435741895242,575.373847861976
1260,1260.png,401,139,-1.09666535358203,0.0107105964227669,0.762394076557327,1217,613,1016.5367260401,617.337420132963,1417.4632739599,609.662579867037
1261,1261.png,353,141,0.863516602471805,0.0249092272877201,0.786303934415996,1003,654,826.520044840861,651.840032513678,1179.47995515914,657.159967486322
1262,1262.png,381,136,-1.35356149832796,0.0280981262247678,0.145937203735082,683,605,492.55315639331,609.999973360934,873.44684360669,601.000026639066
1263,1263.png,369,142,1.30154287640422,0.00316533794283484,0.907560079525872,422,593,237.547601363556,589.309219969719,606.452398636444,597.690780030281
1264,1264.png,368,136,0.96717511687005,0.0263135663812246,0.38084890754206,296,582,112.026214554356,579.394155702545,479.973785445644,585.605844297455
1265,1265.png,414,139,1.5957149868036,0.00476480118863977,0.916595945181376,415,582,208.080274509565,576.735695795424,621.919725490435,588.264304204576
1266,1266.png,364,142,1.22767124526322,0.0194447259516132,0.184037085290727,210,619,28.0417776184568,615.600601617059,391.958222381543,623.399398382941
1267,1267.png,414,141,-0.88021206688112,0.0123091017570618,0.0262600058007197,1206,637,999.02442649645,640.679932841547,1412.97557350355,634.320067158453
1268,1268.png,362,135,0.0530940656395869,0.00933117295170102,1.45798058286466,1328,609,1147.00007771328,609.332273431183,1508.99992228672,609.667726568817
1269,1269.png,353,138,-1.32181581811039,0.021820556360403,1.39771812012545,1173,665,996.546966919546,669.5715005475,1349.45303308045,661.4284994525
1270,1270.png,372,139,1.556854421825,0.0266064557180426,1.00127167286985,877,595,691.068660501548,590.446586073623,1062.93133949845,600.553413926377
1271,1271.png,406,141,-0.299861837413689,0.00441289360193795,0.190741512298507,433,607,230.002780111292,608.562411151902,635.997219888708,606.437588848098
1272,1272.png,369,140,-0.456916813903799,0.0150706476031541,0.0269524072007826,1201,631,1016.50586668929,632.971317073441,1385.49413331071,630.028682926559
1273,1273.png,387,141,1.87375230275573,0.00135818376676287,1.05440098629422,108,615,-85.3965355004715,609.173068957633,301.396535500471,621.826931042367
1274,1274.png,390,138,0.800932063844658,0.0127778560080252,0.0836716534154555,1351,573,1156.01905213452,570.774202964767,1545.98094786548,576.225797035233
1275,1275.png,386,137,-0.336522779355748,0.0288646043863137,0.994108197559361,830,568,637.003328968872,569.633565570493,1022.99667103113,567.366434429507
1276,1276.png,383,138,1.00816684748998,0.00657598362968157,0.811843272297945,523,685,331.529644705245,682.130572259205,714.470355294755,688.869427740795
1277,1277.png,385,140,-0.493252282174076,0.00102333048525383,1.25918849599572,47,640,-145.492866691647,642.157188230657,239.492866691647,638.842811769343
1278,1278.png,365,139,0.690731080386103,0.0284965459073758,0.378946909675603,974,556,791.513261734976,554.299918775936,1156.48673826502,558.700081224064
1279,1279.png,383,140,0.0494062840556553,0.0269614801695662,0.494606694373952,624,562,432.500071196374,562.334869124662,815.499928803627,562.665130875337
1280,1280.png,370,145,0.0375524219063572,0.0228634143122095,1.0370073443253,961,699,776.000039734921,699.378748528874,1145.99996026508,699.621251471126
1281,1281.png,388,136,-0.9645035976601,0.00836544269419278,0.99336239592531,501,573,307.027486783237,576.765595867949,694.972513216763,570.234404132051
1282,1282.png,381,143,-0.820950447864842,0.0226464904096669,1.40052027753871,262,682,71.5195544757764,685.229445528544,452.480445524224,679.770554471456
1283,1283.png,424,135,-1.95483550081195,0.010115853686199,0.58385213384398,965,663,753.123378335308,670.731679746579,1176.87662166469,656.268320253421
1284,1284.png,352,141,0.0384980904149139,0.00997230591343886,0.588961666109439,1000,562,824.000039729744,562.381742364608,1175.99996027026,562.618257635392
1285,1285.png,365,141,1.64830248428498,0.0232080984146936,0.757550787566238,849,562,666.575514696641,557.250508424191,1031.42448530336,567.749491575809
1286,1286.png,419,140,1.30021977759812,0.00487679585188878,1.43894467161987,449,659,239.553941580182,654.746200214331,658.446058419818,664.253799785669
1287,1287.png,366,137,1.23170565476607,0.0087939973932651,0.866605971465812,148,697,-34.9577163008132,693.566293606387,330.957716300813,701.433706393613
1288,1288.png,352,135,0.476303232179208,0.0231171152159409,0.512589463872613,956,700,780.006081377508,699.036918355119,1131.99391862249,701.963081644881
1289,1289.png,424,136,-1.33187861595739,0.0252923021368061,0.971713976806487,513,658,301.057275690855,663.427637610222,724.942724309145,653.572362389778
1290,1290.png,390,136,0.363978632604698,0.0236292028587062,1.35846961228827,558,618,363.003934682272,617.261246350423,752.996065317728,619.738753649577
1291,1291.png,371,139,0.320209678222063,0.0120976860202137,0.908095016933115,1077,647,891.502896919529,646.463299101479,1262.49710308047,648.536700898521
1292,1292.png,375,144,0.81892141611115,0.0274431954694312,0.0604735789779846,805,614,617.519151512387,611.820177176593,992.480848487613,617.179822823407
1293,1293.png,412,135,-1.16791137611587,0.0140059936987879,0.722079657299088,273,649,67.0427953615434,653.698792387451,478.957204638457,645.301207612549
1294,1294.png,385,142,-1.80954831097623,0.0210711747893421,1.11023829398492,301,671,108.595997459172,677.578635230798,493.404002540828,665.421364769202
1295,1295.png,378,137,-1.81274804531519,0.00854419332295029,1.00030408248944,741,568,552.094585640127,574.478664192323,929.905414359873,562.521335807677
1296,1296.png,384,138,-1.95849997403938,0.0219376840159008,1.18133462027564,1296,677,1104.11215814589,684.061718415971,1487.88784185411,670.938281584029
1297,1297.png,422,145,-0.0743777433156492,0.00771388383213637,0.501730210200033,1386,652,1175.00017778419,651.773906726905,1596.99982221581,651.226093273095
1298,1298.png,365,144,-1.69048362225593,0.00518727098426415,1.02719999792727,800,633,617.57942880675,638.883790999711,982.42057119325,628.116209000289
1299,1299.png,355,138,-0.794894384942372,0.000776790239938241,1.26337025391506,1198,559,1020.51708185336,561.962471553882,1375.48291814664,557.037528446118
1300,1300.png,409,139,-0.52733313749686,0.0239803256040159,0.231144093840333,1176,569,971.508661340506,571.382129976407,1380.49133865949,567.617870023593
1301,1301.png,408,144,1.82833910112123,0.0248825330434372,1.45813733222621,407,563,203.103855989589,555.991355157502,610.896144010411,569.008644842498
1302,1302.png,380,135,-0.580486638917654,0.0232466922399259,0.764147515424912,475,663,285.009751222848,665.424933660158,664.990248777152,661.575066339842
1303,1303.png,410,143,-1.04772238158409,0.0296037530199866,1.46044941235387,870,652,665.03427353827,656.24846315381,1074.96572646173,648.75153684619
1304,1304.png,398,136,-1.96274527370932,0.0200831119362586,0.330700735285414,986,695,787.116751703418,702.315683898199,1184.88324829658,688.684316101801
1305,1305.png,401,141,0.34690025286624,0.0145665585949608,0.83946572753276,293,607,92.5036749126663,606.286069823161,493.496325087334,608.713930176839
1306,1306.png,416,139,-0.0577558857095908,0.0196120175462772,0.833031706349236,404,619,196.000105677014,619.709670281043,611.999894322986,619.290329718957
1307,1307.png,396,145,1.10231943013267,0.00276676886723635,1.3382078955867,1176,581,978.036643036825,576.690892509983,1373.96335696318,584.309107490017
1308,1308.png,374,136,0.66635910368074,0.0279078936381299,0.793164026899939,655,586,468.012646726353,584.325209040744,841.987353273647,588.674790959256
1309,1309.png,351,135,0.619066178246694,0.0143877422148347,0.758054977509596,254,666,78.5102440523821,664.603804481204,429.489755947618,668.396195518796
1310,1310.png,397,145,0.609083877284268,0.000691870225546167,0.148710825099183,301,651,102.511215932013,649.38988170661,499.488784067987,653.610118293389
1311,1311.png,404,144,1.617608953704,0.00124933989539685,0.687987062174217,1268,634,1066.08049971555,627.7977719374,1469.91950028445,639.2022280626
1312,1312.png,353,140,0.128985086785604,0.0269143281032618,1.18343277372484,1221,578,1044.50044724785,578.102660985125,1397.49955275215,578.897339014875
1313,1313.png,402,142,0.142705564264109,0.0209403948632698,0.415994092038219,747,669,546.000623451087,668.999373444184,947.999376548913,670.000626555816
1314,1314.png,424,138,-1.75395305363695,0.0105909491519372,0.0786653485036912,961,690,749.099325924198,696.988784648954,1172.9006740758,684.011215351046
1315,1315.png,378,135,0.344256660136801,0.0286014620415331,1.11462762210274,1063,632,874.003411535849,631.364416928489,1251.99658846415,633.635583071511
1316,1316.png,350,135,0.970836337799077,0.00666577345495273,1.29005412419521,371,692,196.025121435015,689.534891035952,545.974878564985,695.465108964048
1317,1317.png,366,136,-1.09034050110728,0.009437118730335,0.579009565990793,479,579,296.033135002804,582.982285614071,661.966864997196,576.017714385929
1318,1318.png,388,138,1.3801860145611,0.0138240424901349,1.40937604973433,105,608,-88.9437165496152,603.827226634802,298.943716549615,613.172773365198
1319,1319.png,350,141,-0.550434259100597,0.0161803638062491,1.01008186110551,330,639,155.008075517475,641.181179913707,504.991924482525,637.818820086293
1320,1320.png,390,140,0.691654662746392,0.0110015539001182,1.07231732884245,587,586,392.01420799171,584.146085197004,781.98579200829,588.853914802996
1321,1321.png,359,142,-1.43000922854314,0.00281332813990713,1.41701700526072,201,650,21.5559041860257,654.979562200172,380.444095813974,646.020437799828
1322,1322.png,390,135,0.427926373150976,0.00608881858711243,1.11194122015779,490,641,295.005438704186,640.043612327403,684.994561295814,642.956387672597
1323,1323.png,355,137,-0.237716418699066,0.0241622025474416,0.484651505584249,836,677,658.501527709684,678.236433706352,1013.49847229032,676.763566293648
1324,1324.png,382,136,-0.51964530122558,0.0100802109462031,0.973700311689369,744,677,553.007855415098,679.23225484839,934.992144584902,675.76774515161
1325,1325.png,351,145,1.85440174624889,0.0296062457676786,1.31797854449054,272,612,96.591911870418,606.82086109302,447.408088129582,618.17913890698
1326,1326.png,373,138,-0.978602120303961,0.00434297561605037,0.0448309334588411,1103,687,916.527202281009,690.685233249256,1289.47279771899,684.314766750744
1327,1327.png,401,141,-1.99318279261805,0.0204784147497291,0.844333662294819,1043,564,842.621308037447,570.47350753755,1243.37869196255,556.52649246245
1328,1328.png,413,140,-0.366626326836868,0.00392474254794221,1.46424494287066,1063,583,856.50422756807,584.821350725805,1269.49577243193,582.178649274195
1329,1329.png,400,143,-1.06080566880835,0.0128579253823291,0.760918920753704,591,616,391.034277883071,620.202698779942,790.965722116929,612.797301220057
1330,1330.png,381,140,-1.03585063861607,0.00967596471965117,1.18671078850813,280,685,89.5311316519664,688.943862688822,470.468868348034,682.056137311178
1331,1331.png,359,140,0.82897576362285,0.0267565233284674,0.523970883313183,399,682,219.518787339496,679.903020617186,578.481212660505,685.096979382814
1332,1332.png,371,135,0.899717068375125,0.0254453824016614,0.469991143309481,743,627,557.522870288769,624.587208541087,928.477129711231,630.412791458913
1333,1333.png,411,136,1.39673290478548,0.00694865000725327,1.4128755011492,355,635,149.561057889345,630.490901832184,560.438942110655,640.509098167816
1334,1334.png,372,137,0.396520236697058,0.00884234341649256,0.0768783576780641,760,695,574.004454168722,694.212781710472,945.995545831278,696.787218289528
1335,1335.png,389,144,1.2015136100829,0.0153401358201847,0.885289872625632,927,576,732.542764738334,571.421562261231,1121.45723526167,579.578437738769
1336,1336.png,418,142,-0.117230348816965,0.0270124284073579,0.316196952438483,1306,554,1097.00043747273,553.92762531579,1514.99956252727,553.07237468421
1337,1337.png,425,140,-1.33203055805,0.0190633448525994,0.750351462273272,235,661,22.5574238741499,666.439822771354,447.44257612585,656.560177228646
1338,1338.png,403,143,1.80336572447907,0.017009405260777,0.0761806093690014,1052,597,850.599800233817,590.15890118815,1253.40019976618,602.84109881185
1339,1339.png,388,136,-1.49305078494267,0.022406509360175,0.688099245903395,315,690,121.065864447613,695.554806380908,508.934135552387,685.445193619092
1340,1340.png,379,140,0.128442717277945,0.00644782299239128,0.614997387702212,357,568,167.500476159816,568.075189049794,546.499523840184,568.924810950206
1341,1341.png,380,135,-1.47118191788328,0.0238634683780952,0.739153746060431,285,568,95.062630695726,573.3780879217,474.937369304274,563.6219120783
1342,1342.png,411,144,0.211095807418758,0.0205949068146592,0.754022152326912,1076,578,870.501394746532,576.742874594753,1281.49860525347,578.257125405247
1343,1343.png,401,135,-0.906438788440155,0.00669095916799322,0.562576614061192,626,681,425.525090367453,684.671846122047,826.474909632547,678.328153877953
1344,1344.png,379,145,-1.28369332457642,0.00210415297970831,1.28030361446508,47,572,-142.452440382572,575.74533073953,236.452440382572,567.25466926047
1345,1345.png,373,143,-1.11217897137715,0.0110884785605052,0.435649723021861,590,654,403.535134946591,658.119958648111,776.464865053409,650.880041351889
1346,1346.png,371,138,0.427478670173547,0.0042033377018793,0.733366876243485,303,579,117.505162921695,578.116013983751,488.494837078305,580.883986016249
1347,1347.png,399,139,1.95992869853284,0.000229114144881012,0.165744595084132,1371,649,1171.61670939962,642.676992645214,1570.38329060038,656.323007354786
1348,1348.png,386,141,1.68652660296973,0.0179911842831741,1.15190141208782,791,598,598.083605930108,592.819780015683,983.916394069892,604.180219984317
1349,1349.png,425,138,-1.02961112577645,0.00853609229029053,0.181325230786166,1222,568,1009.53430982007,572.318441614767,1434.46569017993,564.681558385233
1350,1350.png,378,142,-1.09441561080248,0.00482178545509231,1.34641666260612,787,675,598.03447766913,679.109898921235,975.96552233087,671.890101078765
1351,1351.png,359,135,1.0309070575685,0.0277032585353743,0.217760795641532,1028,607,848.529054707091,604.270480582268,1207.47094529291,610.729519417732
1352,1352.png,363,136,-1.38453075773248,0.0149217626225248,1.35650599671231,291,700,109.552988966857,704.885451759908,472.447011033143,696.114548240092
1353,1353.png,373,135,-0.465977337089702,0.00749179618472819,0.635914007927827,79,608,-107.493832193046,610.016757710328,265.493832193046,606.983242289672
1354,1354.png,354,138,-0.914442921311459,0.0162775638500424,1.33024586483358,1399,628,1222.02254249551,631.324807116931,1575.97745750449,625.675192883069
1355,1355.png,365,142,1.26290779401043,0.0239796873993411,1.21020500840868,885,662,702.544331590397,658.477679127046,1067.4556684096,666.522320872954
1356,1356.png,355,143,1.65130942521672,0.00143369407201328,0.33887106032627,1188,626,1010.57371399594,621.385018591753,1365.42628600406,631.614981408247
1357,1357.png,421,137,-0.660230124973101,0.000191395905460218,0.0316496296148185,320,668,109.513975350442,670.925577709653,530.486024649558,666.074422290347
1358,1358.png,415,142,1.00558207781665,0.0119192867074237,0.996960079835829,500,650,292.531957054369,646.858412940771,707.468042945631,654.141587059229
1359,1359.png,406,135,1.45034872382845,0.0242136315813359,0.217253520544394,629,661,426.065034298719,656.361936569091,831.934965701281,666.638063430909
1360,1360.png,399,143,0.367416569734508,0.0291304947584737,0.585316617812321,944,669,744.504101886391,668.220689308754,1143.49589811361,670.779310691246
1361,1361.png,416,139,0.836941373069685,0.00053380522261496,0.359671977219886,937,555,729.022190670584,551.461772467878,1144.97780932942,557.538227532122
1362,1362.png,389,143,1.83285609671274,0.00783164275834184,0.849089373021317,11,634,-183.400490613977,628.279127951409,205.400490613977,640.720872048591
1363,1363.png,386,138,1.60559939482037,0.00221278355276235,1.01802733706542,529,555,336.075775361928,550.092269625906,721.924224638072,560.907730374094
1364,1364.png,374,145,0.933872163696145,0.00264688306204622,0.231895381061963,46,692,-140.975161143858,689.452195014689,232.975161143858,695.547804985311
1365,1365.png,403,145,1.73809700815597,0.0136765980132064,0.438274812429474,630,584,428.592707422983,577.388331095702,831.407292577017,589.611668904298
1366,1366.png,413,142,0.792685700042949,0.0287186777993731,1.01021124047455,1284,687,1077.51976241047,684.643168718129,1490.48023758953,690.356831281871
1367,1367.png,373,143,0.0151177335066879,0.000981930069283707,0.110446191110719,896,644,709.500006491977,644.450791187584,1082.49999350802,644.549208812416
1368,1368.png,363,135,-0.0100956980974392,0.022614196619164,0.26335313624751,1386,605,1204.50000281757,605.531980875568,1567.49999718243,605.468019124432
1369,1369.png,396,137,-0.712539510861512,0.013754991900602,1.33074426209189,300,619,102.015310953416,621.962296311835,497.984689046584,617.037703688165
1370,1370.png,363,135,0.339435140685777,0.00677898771653731,0.179129951000588,801,598,619.503185031279,597.424752954108,982.496814968721,599.575247045892
1371,1371.png,386,137,-0.163385077796951,0.0148508739287022,0.731027534256462,545,562,352.000784705204,563.050359512453,737.999215294796,561.949640487547
1372,1372.png,351,143,0.350772788677261,0.0174638005788054,1.1092766210501,323,658,147.503288912313,657.425571126148,498.496711087687,659.574428873852
1373,1373.png,413,145,-1.25794191643373,0.0251763501333025,0.266975452933413,1256,560,1049.54976780967,564.033390404628,1462.45023219033,554.966609595372
1374,1374.png,372,139,0.913466513774293,0.00506836177885061,0.69075375783745,197,602,11.0236381643325,599.534727943529,382.976361835667,605.465272056471
1375,1375.png,369,141,1.26512880000126,0.0185610934015692,0.240928903015027,394,597,209.544975184062,593.426448705147,578.455024815938,601.573551294853
1376,1376.png,394,138,-1.27915409011149,0.0124829980670789,1.08249036965775,1307,566,1110.0490928963,570.897748404609,1503.9509071037,562.102251595391
1377,1377.png,401,136,1.79756820460932,0.0295897348277387,1.08252885381438,712,611,511.59866752825,605.210648400117,912.40133247175,617.789351599883
1378,1378.png,410,142,1.89418086881627,0.00934686434169515,0.908932333928839,1108,583,903.112016484087,575.723997433385,1312.88798351591,589.276002566615
1379,1379.png,375,136,-0.909792730784703,0.0187421369056323,0.0724667073167234,265,581,77.5236375146692,584.477164635834,452.476362485331,578.522835364166
1380,1380.png,353,136,1.49349784543148,0.0143658573818175,1.32906611733545,239,602,62.5599589556002,597.899791716618,415.4400410444,607.100208283382
1381,1381.png,397,145,-0.955433480205023,0.0203047882192794,0.0936715152871869,452,577,253.527597903917,579.80992540865,650.472402096083,573.19007459135
1382,1382.png,405,141,-0.385160704816629,0.00139680545486339,0.097248277075391,299,613,96.5045754317037,614.861260043267,501.495424568296,612.138739956733
1383,1383.png,418,143,1.46247083929504,0.0185166022715343,0.434635240716284,1398,618,1189.0680803652,612.165868607201,1606.9319196348,622.834131392799
1384,1384.png,359,141,0.353005227812937,0.0146503624708826,0.92240457228448,129,684,-50.4965931729031,683.394088917989,308.496593172903,685.605911082011
1385,1385.png,369,145,-0.887220086485817,0.00731675121225393,1.32042872660796,556,643,371.522119492738,646.356852034757,740.477880507262,640.643147965243
1386,1386.png,401,141,-0.947960274614526,0.0154894326911054,0.678003611655659,1050,608,849.527441603548,611.817126765931,1250.47255839645,605.182873234069
1387,1387.png,356,143,-0.489182852900398,0.000346007017836031,0.192008293704915,26,558,-151.993512392687,560.019719090625,203.993512392687,556.980280909375
1388,1388.png,407,141,1.57145793368026,0.0148177280263816,0.503129951166804,254,651,50.5765362973054,645.919281838463,457.423463702694,657.080718161537
1389,1389.png,362,137,-1.93364465374421,0.0114214125240809,1.41557323833469,838,681,657.103066001358,687.607312820801,1018.89693399864,675.392687179199
1390,1390.png,401,136,-0.483865406814275,0.0171466488186481,0.237716442937298,269,649,68.5071496648378,651.193211292865,469.492850335162,647.806788707136
1391,1391.png,390,143,-0.423485009713941,0.00317758729098696,1.13676084811731,987,607,792.005326396075,608.941272388851,1181.99467360392,606.058727611149
1392,1392.png,407,135,-0.915125957802222,0.0211635338540941,1.31869870984354,555,622,351.52595623332,625.750155878618,758.47404376668,619.249844121382
1393,1393.png,355,136,0.21109253200296,0.00875120652196464,1.45695991891926,895,550,717.50120467069,549.846045380947,1072.49879532931,551.153954619053
1394,1394.png,370,135,1.15590634298263,0.0228393734767837,0.315399690853988,556,656,371.037646710269,652.767994436674,740.962353289731,660.232005563326
1395,1395.png,368,136,-1.80704015089695,0.0294444456491486,0.550225414021165,436,663,252.091504440023,669.30217725221,619.908495559977,657.69782274779
1396,1396.png,420,135,1.94093473947632,0.0292115976362365,1.20162255023727,646,648,436.120482610449,641.387463157961,855.879517389551,655.612536842039
1397,1397.png,419,144,-1.39983604810065,0.0213688548154658,0.33783589435219,1063,688,853.562523244991,693.617942017566,1272.43747675501,683.382057982434
1398,1398.png,420,135,0.0250080245918403,0.0167034527611133,0.888605153583779,784,552,574.000020003353,552.408340805515,993.999979996647,552.591659194485
1399,1399.png,371,145,-0.168452960999635,0.000114975452178049,0.804335533678,297,641,111.500801725393,642.045380122468,482.499198274607,640.954619877532
1400,1400.png,381,136,-0.771886404098774,0.0146069051018779,1.06610860585951,459,681,268.517287012015,684.06633059771,649.482712987985,678.93366940229
1401,1401.png,416,137,0.373914058459004,0.0137229085736428,1.2500993816703,35,645,-172.995570750739,644.142595095716,242.995570750739,646.857404904284
1402,1402.png,369,138,-0.444039722890265,0.00459886974499147,0.26082762837209,51,550,-133.494459326202,551.929852416264,235.494459326202,549.070147583736
1403,1403.png,367,138,1.8344031600182,0.0210142653085843,0.46780180265167,109,620,-74.4059598550699,614.625998838908,292.40595985507,626.374001161092
1404,1404.png,362,140,1.86305632876818,0.0284093322117266,0.995544278752012,525,584,344.095679086445,578.615556542404,705.904320913555,590.384443457596
1405,1405.png,424,143,0.442856485596498,0.0160902364294057,0.955475267763222,215,679,3.00633263499893,677.861403912709,426.993667365001,681.138596087291
1406,1406.png,372,141,1.00506399543544,0.0162323697593709,0.172062830350928,495,554,309.028616332822,551.237415607932,680.971383667178,557.762584392068
1407,1407.png,404,137,0.122882654629688,0.0291732904589438,1.31096956448437,135,566,-66.9995354236344,566.066769534917,336.999535423634,566.933230465083
1408,1408.png,391,143,0.754688814369047,0.0116580134593974,1.14987575334926,1009,681,813.516959031563,678.924986653913,1204.48304096844,684.075013346087
1409,1409.png,350,142,-1.47615310808665,0.0122217229739327,0.126814109686668,1211,592,1036.05807665251,597.008154331801,1385.94192334749,587.991845668199
1410,1410.png,359,137,-1.52930672842143,0.0259786685800783,0.695985662695694,410,569,230.563937051856,574.290544193464,589.436062948144,564.709455806536
1411,1411.png,422,144,1.38596782408502,0.0197214809387731,0.974120137753354,1273,663,1062.06172943668,658.396470656774,1483.93827056332,668.603529343226
1412,1412.png,361,144,1.13244371763598,0.0295584816282966,0.107155956661127,17,607,-163.464744972218,603.932672973727,197.464744972218,611.067327026273
1413,1413.png,389,136,1.39612693286704,0.0294843446655133,1.1822110175701,99,630,-95.4422605467775,625.761085202383,293.442260546778,635.238914797617
1414,1414.png,412,139,0.871943732890415,0.019201948911929,0.594638449979213,613,649,407.023853960687,646.365153466024,818.976146039313,652.634846533976
1415,1415.png,419,141,0.887309820404319,0.00536168446275421,1.17419420741125,1397,660,1187.52512179477,657.255712573888,1606.47487820523,663.744287426112
1416,1416.png,362,138,1.32611712294174,0.0112252135440117,1.49629421548973,974,679,793.048478334646,675.311109097513,1154.95152166535,683.688890902487
1417,1417.png,361,136,1.80039810605754,0.00174931416857684,1.14650649987229,360,597,179.589105252496,591.829104444191,540.410894747504,603.170895555809
1418,1418.png,413,143,1.47681617158919,0.00534627011323443,1.45589144309137,1273,660,1066.56859202586,655.177988931487,1479.43140797414,665.822011068513
1419,1419.png,425,145,-0.517020169630014,0.0276277532277783,0.338963286339714,812,609,599.50865158539,610.417511131907,1024.49134841461,606.582488868093
1420,1420.png,370,143,-1.15148946924913,0.0207395341650596,0.452523134268655,1263,616,1078.03735956332,620.217746991378,1447.96264043668,612.782253008622
1421,1421.png,410,141,1.99433495952408,0.0294093878549994,0.155610451821575,283,691,78.1241740814841,684.365859953299,487.875825918516,698.634140046701
1422,1422.png,390,135,-0.673740665543848,0.00731876950996001,1.05476199017367,120,580,-74.9865184486875,582.792950775673,314.986518448687,578.207049224327
1423,1423.png,408,135,1.31824856270627,0.0012426590853725,1.47036169712355,418,688,214.053992117683,683.806827419958,621.946007882317,693.193172580042
1424,1424.png,360,140,-0.663029294058889,0.0042926795408177,0.862453341068649,1026,613,846.012051964173,615.582921470502,1205.98794803583,611.417078529498
1425,1425.png,352,140,-1.97335140321583,0.00249122930742951,0.432535835093048,646,625,470.104376645211,631.560502011416,821.895623354789,619.439497988584
1426,1426.png,353,139,1.93367496070038,0.0280153478120122,0.961246119526328,65,606,-111.399493262831,600.544433140623,241.399493262831,612.455566859377
1427,1427.png,408,143,0.895167544000737,0.000530154024569184,1.17244766074634,782,618,578.024897441924,614.312910979827,985.975102558076,620.687089020173
1428,1428.png,385,145,-0.150836661649271,0.0189021940788958,1.30982341264368,845,569,652.50066706637,569.006774217488,1037.49933293363,567.993225782512
1429,1429.png,350,136,1.45780275781172,0.000955202482901117,1.46527167200937,349,625,174.056641780143,621.047875253469,523.943358219857,629.952124746531
1430,1430.png,421,141,-1.68832685878244,0.0109036163355795,1.07701657392285,442,574,231.591381540232,579.701876962004,652.408618459768,567.298123037996
1431,1431.png,398,135,1.82389784596717,0.00879282313136461,0.616864864644155,25,681,-173.899181051774,675.166298322957,223.899181051774,687.833701677043
1432,1432.png,360,143,-1.65200974921083,0.0085404874262273,0.651336950299796,636,646,456.074815635456,651.689222618546,815.925184364544,641.310777381454
1433,1433.png,382,144,0.105483351624422,0.0165055164142799,0.48197748884373,1247,578,1056.00032368742,577.14836312639,1437.99967631258,577.85163687361
1434,1434.png,369,140,0.336386520457293,0.0287601172731023,1.49778959238438,1147,664,962.503179779695,663.41679706592,1331.49682022031,665.58320293408
1435,1435.png,393,135,-0.992130342801129,0.0265862426612112,0.31514429535591,1269,558,1072.52945872232,561.90241238748,1465.47054127768,555.09758761252
1436,1436.png,393,135,-0.668499349728479,0.0119738464937076,0.949351183751724,1244,627,1047.51337470913,629.792614621815,1440.48662529087,625.207385378185
1437,1437.png,425,138,-1.00388791056642,0.0271896395891245,0.00897486662521463,280,628,67.5326169247718,632.223053741788,492.467383075228,624.776946258212
1438,1438.png,413,137,0.500887786343688,0.00805307478151128,0.748217709048527,457,678,250.507890834115,676.69477086652,663.492109165885,680.30522913348
1439,1439.png,371,142,-1.80126423663906,0.00901976077350628,1.23114098493138,350,625,164.59166166387,631.330786862432,535.40833833613,619.669213137568
1440,1440.png,384,140,-1.58928752188056,0.0282480519387951,0.0496214646979145,386,607,194.073858939783,612.825070678735,577.926141060217,602.174929321265
1441,1441.png,421,140,-0.464781573464314,0.020514973491251,0.702818521398487,1338,673,1127.50692583693,675.207550696454,1548.49307416307,671.792449303546
1442,1442.png,390,136,-1.82257166578208,0.00275046363586534,0.990080573086975,492,678,297.098648834477,684.701879864491,686.901351165523,672.298120135509
1443,1443.png,369,138,0.741607301094317,0.00982331472290476,0.515845427407851,264,657,79.515454787582,655.111992929807,448.484545212418,659.888007070193
1444,1444.png,377,135,-1.73766158979448,0.0204930203292828,1.2928929878943,1270,565,1081.58668285532,571.215935840836,1458.41331714468,559.784064159164
1445,1445.png,364,137,1.28417448277113,0.0173486133206664,0.421941945364097,506,607,324.045711557496,603.421162251085,687.954288442504,611.578837748915
1446,1446.png,394,140,-1.41580718532468,0.0088524837298837,0.0382796421631257,1116,578,919.060141892641,583.367472511822,1312.93985810736,573.632527488178
1447,1447.png,388,137,0.844551820630286,0.0108591198008647,0.97745463511863,115,635,-78.9789248239577,632.64050281669,308.978924823958,638.35949718331
1448,1448.png,393,141,0.474098304377314,0.00876555586022081,0.342927946727988,1132,680,935.506727002985,678.874064293871,1328.49327299702,682.125935706129
1449,1449.png,389,136,1.24871267913302,0.0168969002523577,1.24671953638075,40,638,-154.453809549524,634.261373845501,234.453809549524,642.738626154499
1450,1450.png,363,144,-0.170147222821998,0.0272192295475042,0.0538463540436857,80,564,-101.499199703755,565.038986916929,261.499199703755,563.961013083071
1451,1451.png,408,145,-1.59227322970156,0.00570867518090412,0.566410256446949,259,609,55.0787702353598,614.168514027221,462.92122976464,602.831485972779
1452,1452.png,386,141,1.03346090160168,0.0134176711368677,0.283437709487564,212,599,19.0313948473371,596.018990744675,404.968605152663,602.981009255325
1453,1453.png,416,139,1.3127672871857,0.0143616882281975,0.823127549894495,532,645,324.05459395624,640.734697775003,739.94540604376,650.265302224997
1454,1454.png,393,142,-0.688754268586691,0.0144903211038632,0.0517878126933146,1067,606,870.514197460572,608.862075451127,1263.48580253943,604.137924548873
1455,1455.png,376,139,0.426119322686588,0.0117112985368499,1.0414054371341,50,646,-137.994800721955,645.101822074152,237.994800721955,647.898177925848
1456,1456.png,398,135,-0.77662345347444,0.0073700865059283,1.40843118336324,1081,656,882.018280672578,659.197290029494,1279.98171932742,653.802709970506
1457,1457.png,363,140,-1.97454421562541,0.0193617397970008,1.35096121908918,165,567,-16.3922314319015,573.753669015506,346.392231431901,561.246330984494
1458,1458.png,394,136,-1.441159649767,0.0114462501781359,1.1468475159873,766,601,569.062314950802,606.454614764317,962.937685049198,596.545385235683
1459,1459.png,363,143,-0.709210696450991,0.0217353338579977,0.829643018744892,1119,563,937.513904211906,565.746560837075,1300.48609578809,561.253439162925
1460,1460.png,402,138,0.207156951295171,0.00824199246836385,0.785410864736299,63,607,-137.998686229984,606.773271838776,263.998686229984,608.226728161224
1461,1461.png,392,142,-0.770090131098006,0.0239776808428492,0.914798019218704,612,561,416.017703428797,563.134279916227,807.982296571203,557.865720083773
1462,1462.png,411,135,0.146743442368167,0.00885122937712758,1.25953726265652,566,563,360.500673990436,562.973682971154,771.499326009564,564.026317028846
1463,1463.png,408,144,-0.993615117259518,0.0158554223481942,1.20861854078841,102,687,-101.969325294378,691.037561159382,305.969325294378,683.962438840618
1464,1464.png,367,139,-0.283162917867402,0.0285074754781926,1.27213036063569,1350,674,1166.50224095266,675.406876289176,1533.49775904734,673.593123710824
1465,1465.png,407,144,-0.0955762995624871,0.00585293522478715,0.387164398471377,778,671,574.500283132339,671.839462489314,981.499716867661,671.160537510686
1466,1466.png,411,135,1.92011519744237,0.026929806222756,1.40970502272637,858,666,652.615385301681,659.614504722014,1063.38461469832,673.385495277986
1467,1467.png,354,144,0.310803975761745,0.0270911310209875,1.05582688715967,364,583,187.002604174441,582.539858879988,540.997395825559,584.460141120012
1468,1468.png,353,142,-0.050669465255289,0.0208411173281916,0.651968882527657,1242,594,1065.50006901795,594.656087577966,1418.49993098205,594.343912422034
1469,1469.png,395,141,-1.68982735114862,0.0278827378831504,1.00557963959705,1045,646,847.585890479866,652.324033170637,1242.41410952013,640.675966829363
1470,1470.png,387,137,0.204534781858643,0.0114694680821413,1.14069816657665,718,563,524.501232933326,562.809244126414,911.498767066674,564.190755873586
1471,1471.png,360,142,-1.32344656321627,0.00119426634462143,0.153140561100625,382,632,202.048016528258,636.657360290584,561.951983471742,628.342639709416
1472,1472.png,389,138,1.89712410984146,0.00834125564682143,0.591912225955757,446,589,251.60660956065,583.061075128984,640.39339043935,595.938924871016
1473,1473.png,355,139,1.11580278270312,0.00311719513528294,0.829712615049071,938,656,760.533657685773,653.043506746778,1115.46634231423,659.956493253222
1474,1474.png,353,135,1.83160158333969,0.00445671760053619,1.359482267191,549,687,372.590176730452,681.858701035515,725.409823269548,693.141298964485
1475,1475.png,356,139,1.39884156498508,0.0104770346275233,0.546238319035044,1330,684,1152.0530469265,680.154670109332,1507.9469530735,688.845329890668
1476,1476.png,375,137,1.94455528301074,0.0157844343872457,1.19192619311012,484,554,296.607975422824,548.137679286057,671.392024577176,560.862320713943
1477,1477.png,424,136,-1.27824240806884,0.0111665095264018,1.45852285872256,703,666,491.052755656447,671.22922987117,914.947244343553,661.77077012883
1478,1478.png,392,137,-0.365291982317871,0.0086839981835857,1.22345899108123,343,663,147.003983452291,664.749598907651,538.996016547709,662.250401092349
1479,1479.png,357,136,-0.126514680914532,0.0277282129877887,0.748641890406039,177,641,-1.49956484434423,641.894145125242,355.499564844344,641.105854874758
1480,1480.png,354,140,1.55131575661049,0.00167595094652755,1.07288419493687,361,557,184.064874180029,552.708210034766,537.935125819971,562.291789965234
1481,1481.png,372,142,1.7783502719052,0.0158643410592026,0.0747508159125962,463,596,277.089585439688,590.727846328021,648.910414560312,602.272153671979
1482,1482.png,383,139,-0.141974112284271,0.0203785362109081,1.43140716345805,1113,683,921.500587911045,683.974520373242,1304.49941208895,683.025479626758
1483,1483.png,376,141,1.77947200715705,0.00454261751537423,0.104765084170566,597,680,409.0906629822,674.66210127437,784.9093370178,686.33789872563
1484,1484.png,365,139,-1.4063840228705,0.0267996709240129,0.459949461816202,689,700,506.554976064923,704.979200969963,871.445023935077,696.020799030037
1485,1485.png,376,145,-1.53596216425059,0.0113563583982311,1.44152631304934,1202,572,1014.06754879645,576.53922460559,1389.93245120355,566.46077539441
1486,1486.png,425,145,1.79240212225629,0.0125439388322719,0.26501499664844,1012,643,799.603972659809,635.853379046114,1224.39602734019,649.146620953886
1487,1487.png,371,144,0.989217820188175,0.0291346881515968,1.19688122727137,786,594,600.527646599937,591.297481578156,971.472353400063,597.702518421844
1488,1488.png,368,139,1.82788730715721,0.029853690818655,0.89746974774343,956,656,772.093627744601,650.630907748344,1139.9063722554,662.369092251656
1489,1489.png,366,138,-1.08421739308177,0.00380152731752806,0.201534435667188,153,556,-29.9672360986523,559.962732218931,335.967236098652,553.037267781069
1490,1490.png,413,138,0.135614275159521,0.00414833118719733,1.04637093916669,515,680,308.500578436123,680.01123238203,721.499421563877,680.988767617971
1491,1491.png,361,135,1.8648847622383,0.0161859841014833,0.370917410090291,647,614,466.595602138137,608.626054809705,827.404397861863,620.373945190295
1492,1492.png,411,144,1.57178403147651,0.00492351440837624,0.863632085701039,379,690,173.577320574824,684.863265326314,584.422679425176,696.136734673686
1493,1493.png,406,137,-1.52143982724593,0.0157109251818182,0.287690885849911,725,667,522.071565682859,672.889855804544,927.928434317141,662.110144195456
1494,1494.png,364,140,0.858381360625034,0.0169587382670435,1.32543523467132,819,671,637.020424364929,668.77345425871,1000.97957563507,674.22654574129
1495,1495.png,374,136,1.52547084181167,0.000523942623731559,0.428282677280897,508,667,321.066274813303,662.521808779843,694.933725186697,672.478191220157
1496,1496.png,392,138,-1.19405811156911,0.0171701601549561,0.27313406306822,120,618,-75.9574385888443,621.584392451678,315.957438588844,613.415607548322
1497,1497.png,424,141,0.716865578210667,0.00216775743128031,1.28374461823243,1040,666,828.01659320924,663.847596300845,1251.98340679076,669.152403699155
1498,1498.png,368,144,0.897201560071521,0.0223382479488225,0.0461531222849582,67,616,-116.977441317686,613.618839435657,250.977441317686,619.381160564343
1499,1499.png,410,138,0.429935438838207,0.00667691668254024,0.985634719978654,664,601,459.005771424945,599.961737695238,868.994228575055,603.038262304762
1500,1500.png,358,139,-1.8191165591531,0.0106853703199681,0.777748642534339,604,677,425.090211591068,683.182218886231,782.909788408932,671.817781113769
1501,1501.png,719,74,-0.559574176722217,0.0278321443018135,0.425132774643062,401,606,41.5171449218977,610.010969224595,760.482855078102,602.989030775405
1502,1502.png,746,80,-0.347805629759849,0.011035043472321,1.33266769883224,91,612,-281.993127647102,614.764227910926,463.993127647102,610.235772089074
1503,1503.png,750,79,-1.86233662742122,0.0095309550344947,0.553497520180571,359,598,-15.8019229586484,610.686818555283,733.801922958648,586.313181444717
1504,1504.png,748,77,1.05589541760388,0.000350160323874261,0.0745940888579874,646,613,272.063507623374,606.607999632484,1019.93649237663,620.392000367516
1505,1505.png,741,87,-1.42524514405764,0.0208894902880775,0.591925160987386,728,666,357.61462245274,675.715318723401,1098.38537754726,657.284681276599
1506,1506.png,701,79,1.85074206747931,0.0290679056378642,1.42447459118912,300,578,-50.317161860589,567.180278009513,650.317161860589,589.819721990487
1507,1507.png,760,80,0.647654140781555,0.025416241235704,1.41082417120545,462,599,82.0242767197533,595.20468654771,841.975723280247,603.79531345229
1508,1508.png,747,82,1.93756383444592,0.0154868976900079,1.11110675589407,1032,594,658.713543323114,581.871806874487,1405.28645667689,607.128193125513
1509,1509.png,720,78,-1.70861420070784,0.022552801050466,1.24457417583011,146,686,-213.839939901893,697.23394854665,505.839939901893,675.76605145335
1510,1510.png,706,81,0.528725499722007,0.0168221722966384,0.524473787702713,94,612,-258.984970072845,609.242561946473,446.984970072845,615.757438053527
1511,1511.png,748,77,-1.70879572837925,0.0266572527256115,0.745371870211154,1318,681,944.166319989775,692.652564279707,1691.83368001022,670.347435720293
1512,1512.png,701,83,-0.185801903237909,0.0299933068013935,0.32336127176578,577,598,226.501842946372,599.636618674138,927.498157053628,597.363381325862
1513,1513.png,792,87,-0.397351222204136,0.0177764420051412,0.614803737179445,699,553,303.009522857623,556.246272483273,1094.99047714238,550.753727516727
1514,1514.png,724,73,1.77835895797928,8.02298154241488e-06,0.0366619224459077,803,626,441.174356160969,615.26596864564,1164.82564383903,637.73403135436
1515,1515.png,770,88,-1.06445602533556,0.00323007470966468,0.0888315938732999,910,657,525.06643981688,664.652219567963,1294.93356018312,650.347780432037
1516,1516.png,747,81,0.815916668760729,0.0262260101882041,1.06923939631402,1278,587,904.537870376055,582.181378303745,1651.46212962394,592.818621696255
1517,1517.png,798,71,-0.410090796557287,0.0141752995449764,0.810016306518692,1247,697,848.010220116037,700.355792034876,1645.98977988396,694.644207965124
1518,1518.png,754,71,0.23029499899579,0.0260863719703707,1.16339456377173,662,631,285.003045331111,629.984688024419,1038.99695466889,633.015311975581
1519,1519.png,765,85,0.355293762356889,0.0173582556387282,1.09237283990948,841,671,458.507354107149,669.128115119487,1223.49264589285,673.871884880513
1520,1520.png,701,90,1.56517353844983,0.00418443637525962,0.848182876029924,304,623,-46.3692292097889,613.926431023991,654.369229209789,633.073568976009
1521,1521.png,719,78,1.27576882215216,0.0112591622093783,1.15554795283556,1153,574,793.589114763687,566.495902696108,1512.41088523631,582.504097303892
1522,1522.png,729,78,1.65378863753174,0.0248245544921112,0.593927020126546,1097,612,732.651828089553,601.980512107729,1461.34817191045,623.019487892271
1523,1523.png,769,79,-0.333290882332687,0.0217356864740948,1.09477741043169,106,571,-278.493494709051,573.736632831024,490.493494709051,569.263367168976
1524,1524.png,737,88,0.0989101392663563,0.00585694094429043,1.20473149623878,869,598,500.500549090273,597.863855967649,1237.49945090973,599.136144032351
1525,1525.png,741,81,-1.30096499809844,0.00566585478707747,0.644118548218023,177,692,-193.404495130135,700.911895588389,547.404495130135,684.088104411611
1526,1526.png,748,82,-0.120649055022462,0.01179380271087,0.386828474762156,1178,635,804.000829170859,636.287539913335,1551.99917082914,634.712460086665
1527,1527.png,738,76,1.12298869549768,0.0144286790745203,0.521689168173224,464,643,95.0708741676569,636.268118323481,832.929125832343,650.731881676519
1528,1528.png,715,75,-0.864753004211636,0.0231914158741938,0.315399934855294,819,617,461.54071708705,622.895466556221,1176.45928291295,612.104533443779
1529,1529.png,789,83,-0.24749310519312,0.0198303648097663,1.14604484218337,1088,614,693.503680419144,616.204064892774,1482.49631958086,612.795935107226
1530,1530.png,749,89,-0.399456939980415,0.0192925000766705,0.186274904128524,1188,627,813.509101537106,630.110932487546,1562.49089846289,624.889067512454
1531,1531.png,718,83,0.104128671947951,0.0129269133138675,1.31445480774389,1273,629,914.000592870345,628.84755800569,1631.99940712966,630.15244199431
1532,1532.png,741,81,0.0923787525017463,0.0123903003333413,1.1788200198229,254,667,-116.499518432639,666.902638147803,624.499518432639,668.097361852198
1533,1533.png,760,87,0.0863697176188922,0.00826566979234508,1.41616169785948,46,609,-333.999568251087,608.927174557287,425.999568251087,610.072825442713
1534,1534.png,752,74,-0.892018462968993,0.0249644198910005,1.20704464538887,1278,614,902.045567111472,620.353579372085,1653.95443288853,608.646420627915
1535,1535.png,704,70,-1.10169752788137,0.0260520577549592,0.0461110543835233,676,556,324.065069695133,563.267926662448,1027.93493030487,549.732073337552
1536,1536.png,733,83,1.12475996269126,0.0175733649339332,0.664587371834388,1185,614,818.570616220373,607.305786847534,1551.42938377963,621.694213152466
1537,1537.png,745,75,-1.59041428839138,0.0136187270075355,1.38218927999315,1121,651,748.643497279823,661.838514496725,1493.35650272018,641.161485503275
1538,1538.png,726,75,-0.411201625674863,0.0181442421492447,0.55832629423354,845,585,482.00934844003,588.105164115432,1207.99065155997,582.894835884568
1539,1539.png,730,88,0.287146480918516,0.0296655409178533,1.22789766511566,893,591,528.00458377922,589.670754849888,1257.99541622078,593.329245150112
1540,1540.png,767,86,1.50083877840494,0.0285951220924359,0.855614243389112,368,601,-15.368437123713,591.455528021758,751.368437123713,611.544471978242
1541,1541.png,733,77,1.14787247766721,0.000847273609976875,0.991988847341089,677,681,310.573548103489,674.157973676556,1043.42645189651,688.842026323444
1542,1542.png,794,86,-1.84803667686695,0.0104310554830437,1.12211832822707,1174,674,777.206489877696,687.302746768605,1570.7935101223,661.697253231395
1543,1543.png,706,86,1.01228072671623,0.00442983363827658,0.785313936263994,1286,573,933.055092196058,567.263650485523,1638.94490780394,579.736349514477
1544,1544.png,758,80,-0.95027199433822,0.0172195963341631,1.19255505921654,809,575,430.052125454495,581.785568983326,1187.94787454551,569.214431016674
1545,1545.png,759,71,-1.9184347864668,0.0247555506157405,1.33484188001923,1037,567,657.712711037824,580.204425674664,1416.28728896218,554.795574325336
1546,1546.png,749,82,-1.81411515924693,0.0186911929778597,0.368156095645178,854,562,479.687702468624,574.355543715197,1228.31229753138,550.644456284803
1547,1547.png,750,80,-1.67289622939244,0.0241591075670293,0.111490729639773,1219,580,844.159831788326,591.447524608059,1593.84016821167,569.552475391941
1548,1548.png,742,76,-1.85585511818506,0.0238076443872854,0.386953092252704,1208,684,837.194602679697,696.514879031119,1578.8053973203,672.485120968881
1549,1549.png,725,88,-1.6410618878759,0.00906294167235328,1.14023590818659,620,680,257.648680146182,690.881281240584,982.351319853818,670.118718759416
1550,1550.png,765,85,1.14825342030903,0.00740208078975668,0.507308976811689,300,681,-82.4231901107699,673.834906034368,682.42319011077,689.165093965632
1551,1551.png,767,88,-0.910899393045412,0.00890723057944711,1.13783092207567,815,691,431.548464282303,697.596700397756,1198.4515357177,685.403299602244
1552,1552.png,708,77,-0.479158084141747,0.00861595152099868,0.514264726532174,992,577,638.012378930081,580.460427208919,1345.98762106992,574.539572791081
1553,1553.png,787,88,0.23145160668754,0.0263102702626663,0.34360625822985,266,690,-127.4967893772,688.910424636786,659.4967893772,692.089575363214
1554,1554.png,768,85,1.52277275258263,0.0056672183451158,0.747497979290934,662,557,278.135612772317,547.295480495629,1045.86438722768,567.704519504371
1555,1555.png,762,72,-1.50908576059482,0.0100242527774221,0.0897420553511999,913,620,532.132145522055,630.533814098698,1293.86785447794,610.466185901302
1556,1556.png,728,88,1.02131703060696,0.0216268287859645,0.507224617924785,608,572,244.057827680308,566.011918062843,971.942172319693,578.988081937157
1557,1557.png,791,75,-0.400573239826925,0.0216850193744676,1.44201683843897,1317,619,921.509665700286,622.26504529808,1712.49033429971,616.73495470192
1558,1558.png,712,87,0.23852469243571,0.00801652349297447,1.01535733890928,1225,630,869.003084897931,629.017961602864,1580.99691510207,631.982038397136
1559,1559.png,768,81,0.676041715456862,0.00743083010819081,0.231020163954281,832,679,448.026729935792,674.969230065524,1215.97327006421,684.030769934476
1560,1560.png,754,88,0.792290458450592,0.0126653459874103,0.575649383796001,408,644,31.0360435883396,639.286981060098,784.96395641166,649.713018939902
1561,1561.png,776,80,-0.840879126805257,0.0217356863164074,0.663625334308223,979,645,591.041784558154,651.194126024081,1366.95821544185,639.805873975919
1562,1562.png,700,87,1.75094897708001,0.0277476350544298,0.635395839752666,1118,679,768.163420286014,668.805726110689,1467.83657971399,690.194273889311
1563,1563.png,778,84,-1.52007951570309,0.0057961258751366,0.596061408783346,443,551,54.1368930753736,561.819112022195,831.863106924626,541.180887977805
1564,1564.png,716,85,0.948456876896993,0.00597807557753701,1.20633120141653,1330,658,972.04904932424,652.574047728879,1687.95095067576,664.425952271121
1565,1565.png,722,83,-0.412820104472793,0.0270431323748767,0.521339479769047,1275,643,914.009370262155,646.101007780469,1635.99062973785,640.898992219531
1566,1566.png,732,79,1.1825547080194,0.0291727365213032,1.21562785177695,1361,665,995.077953010267,657.946489104836,1726.92204698973,673.053510895164
1567,1567.png,712,89,-0.941104832356551,0.0157192915153502,0.634741145156331,817,610,461.048022081469,616.347171614144,1172.95197791853,604.652828385856
1568,1568.png,788,85,-1.07812597947397,0.0234293808158127,0.397496995991714,84,590,-309.930249524989,597.913400648824,477.930249524989,583.086599351176
1569,1569.png,700,76,0.787631084207817,0.0122097177751442,0.219483143038747,322,631,-27.9669301945822,626.688787036466,671.966930194582,636.311212963534
1570,1570.png,743,73,-1.11816984718015,0.00501837148668978,0.865498976882451,655,578,283.570743302038,585.749639218576,1026.42925669796,571.250360781424
1571,1571.png,758,83,-0.565778319005332,0.0147640173417094,0.52620477096263,1041,662,662.018477917446,666.242448395192,1419.98152208255,658.757551604808
1572,1572.png,752,86,0.349198542502932,0.00356340965932855,0.213432316587859,854,655,478.006983225797,653.208420406323,1229.9930167742,657.791579593677
1573,1573.png,742,72,-1.77463812282641,0.0298367781505273,1.38825464785032,640,695,269.177944079413,706.989249010678,1010.82205592059,684.010750989322
1574,1574.png,772,74,-0.590124930858924,0.00802722995452622,0.788674240927897,423,675,37.020473690324,679.475584203375,808.979526309676,671.524415796625
1575,1575.png,797,77,-1.88049295825678,0.00395313459467323,0.448673500915258,13,611,-385.285386270065,624.576738267043,411.285386270065,598.423261732957
1576,1576.png,792,75,-0.828171719484406,0.00336703375425871,0.618729745186318,288,691,-107.958633082875,697.223712706002,683.958633082875,685.776287293998
1577,1577.png,735,77,-0.696225651929312,0.0038182795485219,0.812844889519453,56,653,-311.472868314137,657.965540614605,423.472868314137,649.034459385395
1578,1578.png,767,70,-0.660335009078881,0.0194952535250463,0.418605734566057,567,667,183.525469120405,671.91974735414,950.474530879595,663.08025264586
1579,1579.png,781,80,-0.364742354897797,0.0211337656830623,0.68420477353103,165,660,-225.492087445643,662.985888642796,555.492087445643,658.014111357204
1580,1580.png,775,76,-0.300504339267112,0.00509763982081911,0.720191529185662,778,615,390.505329628601,617.532346860384,1165.4946703714,613.467653139616
1581,1581.png,751,73,0.837359522969268,0.00391989645670497,0.0499690413914183,669,696,293.540100600698,691.012382751505,1044.4598993993,701.987617248495
1582,1582.png,737,73,1.95066879633693,0.0183770680361504,1.45364078445596,1066,575,697.713543991298,562.95662244248,1434.2864560087,588.04337755752
1583,1583.png,701,71,-1.62715511090501,0.0249355085266305,0.793588171697235,500,591,149.641332318087,601.452586606253,850.358667681913,581.547413393747
1584,1584.png,793,85,-1.22524356285074,0.00880504956929363,1.2977527900616,430,615,33.5906559346851,623.978321632658,826.409344065315,607.021678367342
1585,1585.png,780,83,1.68468392545163,0.0165536235525181,0.55154376756317,711,652,321.168575680369,641.034372545393,1100.83142431963,663.965627454607
1586,1586.png,718,81,1.6767463606299,0.0215405371327234,0.418798320232191,867,674,508.153717367238,663.995456190382,1225.84628263276,685.004543809618
1587,1587.png,797,84,-1.04432983216625,0.00122501646035268,0.984071046629043,328,690,-70.4338063376984,697.763054953218,726.433806337698,683.236945046782
1588,1588.png,800,80,1.08101125820382,0.000279630679137614,1.35161236569189,11,629,-388.928807821666,621.95356545509,410.928807821666,637.046434544909
1589,1589.png,799,85,0.302321765850464,0.0258529943917948,0.983778202203667,1002,652,602.505561338716,650.39204395079,1401.49443866128,654.60795604921
1590,1590.png,748,75,-0.429299779456491,0.0197978543257514,0.37688975909712,599,598,225.010498219301,601.302241571438,972.989501780699,595.697758428562
1591,1591.png,702,89,-0.386495806213821,0.0181131160758828,0.953416006116069,832,658,481.007985824852,660.867696195131,1182.99201417515,656.132303804868
1592,1592.png,745,88,-0.092049414057612,0.00979363893248702,0.521538051224568,500,582,127.500480720873,583.098445335378,872.499519279127,581.901554664622
1593,1593.png,735,73,-1.85903655998923,0.0237226692494822,1.49458623630601,1121,571,753.69342822357,583.421926431839,1488.30657177643,559.578073568161
1594,1594.png,711,80,-0.0456476942266053,0.0214439790180632,0.993199661056982,221,592,-134.499887175865,592.783227730188,576.499887175865,592.216772269812
1595,1595.png,761,87,1.04068196072177,0.00899962730147496,0.677187040193317,177,677,-203.437237026051,670.58923419697,557.437237026051,684.41076580303
1596,1596.png,732,80,0.0757385031822206,0.00617511243180466,1.02709722885613,76,659,-289.99968022891,659.016189773012,441.99968022891,659.983810226988
1597,1597.png,792,72,0.325799421766801,0.0235227806334751,0.635415555038633,377,550,-18.9935979454015,548.248248180696,772.993597945401,552.751751819304
1598,1598.png,753,84,1.41347916756833,0.00964241549387161,0.160098336859062,821,632,444.614563564586,623.212737791871,1197.38543643541,641.787262208129
1599,1599.png,787,88,-0.563617032330801,0.0058495319554115,0.776532698297759,734,644,340.519038564159,648.370786422241,1127.48096143584,640.629213577759
1600,1600.png,731,80,-1.5329336882338,0.00969879648121309,1.26965461938692,1003,615,637.630807592153,625.277690894989,1368.36919240785,605.722309105011
1601,1601.png,737,83,0.430246927625735,0.000959766346071995,0.0766431371468879,469,629,100.510389526291,626.732876415086,837.489610473709,632.267123584914
1602,1602.png,762,77,1.31331468058891,0.0218765484245635,0.541508079723447,362,686,-18.8999151602702,677.767610241234,742.89991516027,695.232389758766
1603,1603.png,749,78,-1.81533188894001,0.0264134341128582,0.503809282249603,307,651,-67.3120456833686,663.363492585735,681.312045683369,639.636507414265
1604,1604.png,793,84,0.0564638819306391,0.00244827427153721,0.375699976028774,1136,636,739.500192534855,636.109256986256,1532.49980746515,636.890743013744
1605,1605.png,737,70,-1.22868711566315,0.00114488861000185,1.25229204322963,1193,555,824.584728242233,563.401742570527,1561.41527175777,547.598257429473
1606,1606.png,757,88,0.445514894549051,0.0202251970423323,1.48200972899049,5,553,-373.488557711563,550.556926534907,383.488557711563,556.443073465093
1607,1607.png,734,85,1.32299445832822,0.0128582779657764,0.675212282001697,741,664,374.097833492514,656.026499418001,1107.90216650749,672.973500581999
1608,1608.png,714,75,-1.17318028502112,0.003865969030539,0.308275514088688,1255,636,898.074835436191,643.809370773028,1611.92516456381,629.190629226972
1609,1609.png,782,70,1.41368061660095,0.0105382768297522,0.480211125642456,1186,581,795.119009620708,571.853686709238,1576.88099037929,591.146313290762
1610,1610.png,724,72,-0.0402325664937848,0.0226997544710038,0.336266878738237,827,653,465.000089246002,653.754193031278,1188.999910754,653.245806968722
1611,1611.png,717,80,0.520426621538115,0.0198093740874926,0.679398611355735,408,591,49.5147886973669,588.243732611326,766.485211302633,594.756267388674
1612,1612.png,733,81,-1.92366760520029,0.0263201593161164,1.34236024883251,478,646,111.706546568927,658.802681558836,844.293453431073,634.197318441164
1613,1613.png,739,83,-0.832561118938612,0.00665083878855982,0.331910310483921,76,599,-293.460991092181,604.868990704363,445.460991092181,594.131009295637
1614,1614.png,728,82,-1.45555511347481,0.0128209769038438,0.890238915385918,894,565,530.117451907597,574.74614480635,1257.8825480924,556.25385519365
1615,1615.png,773,72,1.15822949618804,0.0232207548851603,1.21489858768941,172,647,-214.421032445294,639.687466229652,558.421032445294,655.312533770348
1616,1616.png,770,74,-0.84565044836446,0.0176849735613733,0.72707039779308,35,556,-349.95806666998,562.182156783416,419.95806666998,550.817843216584
1617,1617.png,792,89,-1.44869465723998,0.00394318073570077,1.27431037195433,1311,608,915.126575748716,618.511591859569,1706.87342425128,598.488408140431
1618,1618.png,788,75,0.488264369851206,0.0253738644292393,0.439749529216085,504,618,110.01430633533,615.142443214387,897.98569366467,621.857556785613
1619,1619.png,730,76,1.80074199383317,0.0285970373396559,0.634028478396363,857,700,492.180253970604,689.030348433925,1221.8197460294,711.969651566075
1620,1620.png,767,72,1.05818861198696,0.00492267891912374,0.882763501027093,535,623,151.565403942768,616.417588939696,918.434596057232,630.582411060304
1621,1621.png,746,75,0.958577590320819,0.0184845327313885,0.161726061814011,474,695,101.05220089929,689.259876128136,846.94779910071,701.740123871864
1622,1622.png,709,79,0.470943766952857,0.0161293872795355,0.350428024918347,864,681,509.511975030839,678.586213209002,1218.48802496916,684.413786790998
1623,1623.png,755,81,0.600730384176785,0.0249835797301656,0.167277099551061,988,568,610.520748987743,564.542089538015,1365.47925101226,572.457910461985
1624,1624.png,764,79,0.697595600332665,0.0261183855220862,0.989232898894061,1216,653,834.028313281263,648.849135000536,1597.97168671874,658.150864999464
1625,1625.png,798,90,1.23811567326809,0.0235363472966204,0.883533409078411,363,604,-35.9068456417905,595.878602194731,761.906845641791,613.121397805269
1626,1626.png,758,80,1.84057346476729,0.000906669811807869,0.65697453507413,1332,684,953.195538786032,672.327072480495,1710.80446121397,696.672927519505
1627,1627.png,712,72,-0.868712394282654,0.0252963964167734,0.545350734840711,1100,605,744.040918382086,610.897426584181,1455.95908161791,600.102573415819
1628,1628.png,757,88,0.68663050834269,0.0158760969408025,1.45150077756809,496,564,117.527178883863,559.964178531655,874.472821116137,569.035821468345
1629,1629.png,705,71,-1.60843518337911,0.00418846330447871,0.270543210232467,1301,632,948.63888727866,642.39425296722,1653.36111272134,622.60574703278
1630,1630.png,771,79,-0.239257934261786,0.0114649455881042,0.688379010729033,704,648,318.5033610981,650.109781145926,1089.4966389019,646.890218854074
1631,1631.png,788,72,-1.58894144964529,0.0244746423421272,0.2711725075282,889,615,495.151498703405,626.425109904539,1282.84850129659,604.574890095461
1632,1632.png,710,86,-1.50508705122981,0.028719391923865,1.0107989177535,431,555,76.1224761025114,564.824324768445,785.877523897488,546.175675231555
1633,1633.png,800,79,-0.464068352243199,0.0126509055784644,0.278766857303799,476,561,76.0131203753896,564.739772857385,875.98687962461,558.260227142615
1634,1634.png,777,74,-0.297563380117972,0.0128422387987522,0.516430121143165,1016,556,627.50523930587,558.517650418279,1404.49476069413,554.482349581721
1635,1635.png,728,84,0.121045766710769,0.00757114102169331,0.357778551142084,584,657,220.000812316309,656.730997000454,947.999187683691,658.269002999546
1636,1636.png,753,87,1.30028865472104,0.00302116443422585,1.44283927223616,1351,613,974.596950628063,604.95632260048,1727.40304937194,622.04367739952
1637,1637.png,770,78,-1.45121774121137,0.000639503860064478,0.874486279576156,511,598,126.123488754119,608.250440564377,895.876511245881,588.749559435623
1638,1638.png,757,87,0.990915685472529,0.000922357036513253,0.312681371214568,1272,627,893.556604792708,620.954266734947,1650.44339520729,634.045733265053
1639,1639.png,779,87,0.109755134879826,0.0181299225719291,0.155650320766573,1377,688,987.500714630856,687.753878745447,1766.49928536914,689.246121254553
1640,1640.png,752,73,1.85188059798242,0.0217707281854006,0.474679509007538,905,588,529.19638157527,576.349264265886,1280.80361842473,600.650735734114
1641,1641.png,755,70,-1.92534388246398,0.00581954244954037,1.22811194240535,85,639,-292.286883317669,652.182967966526,462.286883317669,626.817032033474
1642,1642.png,771,87,1.56285010945088,0.0245514211563751,0.346917753448171,495,657,109.643402541873,646.986066602104,880.356597458127,668.013933397896
1643,1643.png,780,88,-0.273261171742746,0.00482987874734523,1.04851786929517,142,586,-247.995564481695,588.360022742805,531.995564481695,584.639977257195
1644,1644.png,748,82,0.717476420765602,0.0260726912920485,1.42046977043129,121,614,-252.970677166628,609.81677253026,494.970677166629,619.18322746974
1645,1645.png,725,88,0.738184866096057,0.00882623264936913,1.19543002405147,689,560,326.530085485034,555.82976750976,1051.46991451497,565.17023249024
1646,1646.png,709,73,-0.219822564480791,0.0143215931275822,1.05066251862658,42,569,-312.497390934474,570.860081119298,396.497390934473,568.139918880702
1647,1647.png,771,72,-1.65333972692207,0.00709990401282118,1.44797132389191,449,610,63.6604882303994,621.622529800627,834.339511769601,599.377470199373
1648,1648.png,703,79,0.824342975735972,0.01016702146207,0.0892331101639396,181,604,-170.463620354685,599.442968540972,532.463620354685,609.557031459028
1649,1649.png,726,78,0.902228509395254,0.00481830364027209,0.556091167281854,1182,617,819.045004452515,611.784126739961,1544.95499554749,623.215873260039
1650,1650.png,742,76,-0.0618833990591714,0.0182044634872579,1.06219791645838,1252,554,881.000216394853,554.900705545545,1622.99978360515,554.099294454455
1651,1651.png,748,88,-0.464983568814374,0.0169849858305303,1.07856844838834,1073,576,699.012315985559,579.53516153022,1446.98768401444,573.46483846978
1652,1652.png,706,74,0.939877504997206,0.00106699874772548,1.46196400442292,325,630,-27.9525067142229,624.709662864182,677.952506714223,636.290337135818
1653,1653.png,764,77,-1.46109423982229,0.0135283176990588,0.07276093357711,470,673,88.1241998366112,683.240290014756,851.875800163389,663.759709985244
1654,1654.png,706,81,1.03858000473172,0.0036920428457209,0.764742459867776,28,569,-324.942008082687,563.101646261721,380.942008082687,575.898353738279
1655,1655.png,759,83,1.9172538733737,0.0137888259998931,0.445818480795503,966,632,586.712449269734,619.803391750703,1345.28755073027,645.196608249297
1656,1656.png,728,84,-1.38046059247766,0.00891029862235159,0.68975190476735,1214,569,850.105646020125,578.269215561807,1577.89435397987,560.730784438193
1657,1657.png,748,86,-1.4591186364502,0.00723067321614152,1.48977876717177,780,641,406.121270195905,651.023413257662,1153.8787298041,631.976586742338
1658,1658.png,738,89,-0.350854567223004,0.0211143337413595,0.793331937357049,1259,674,890.006918373703,676.759582246549,1627.9930816263,672.240417753451
1659,1659.png,745,80,0.367059008996003,0.00654904012752585,0.00218635667723421,400,638,27.5076440110596,636.113636698131,772.492355988941,640.88636330187
1660,1660.png,754,77,1.81471593895004,0.028792264667257,1.38547062943035,394,626,17.1890806519773,614.561362720228,770.810919348023,638.438637279772
1661,1661.png,761,81,1.94577612040285,0.0228347268875754,1.20931364030953,902,698,521.719393319625,685.580627615635,1282.28060668038,711.419372384365
1662,1662.png,701,84,-1.26100761910274,0.0181668568658175,0.285996814246276,797,693,446.584884941274,701.213438816774,1147.41511505873,685.786561183226
1663,1663.png,788,74,0.419966430940447,0.0208454057246359,0.40832020212008,468,672,74.0105839595608,669.612085854174,861.989416040439,675.387914145826
1664,1664.png,792,89,-0.467414502344919,0.0183648103615386,1.27242899421874,697,579,301.01317716193,582.730501294013,1092.98682283807,576.269498705987
1665,1665.png,800,71,-1.87608975984026,0.00888903857904695,0.209168089587639,887,605,487.214414007204,618.595237011854,1286.7855859928,592.404762988146
1666,1666.png,701,79,-0.329421404253424,0.00397530479111132,0.451782644191551,40,558,-310.494206844396,560.515184487261,390.494206844396,556.484815512739
1667,1667.png,783,70,-0.32652120318507,0.0271989900131279,1.28563646610175,876,654,484.506357379056,656.731095557001,1267.49364262094,652.268904442999
1668,1668.png,717,89,1.52648594897489,0.0100402116774941,1.06637920192953,684,656,325.62722540226,646.949899104327,1042.37277459774,666.050100895673
1669,1669.png,762,78,-1.26730108679403,0.0266876420731644,0.0228939069979452,466,670,85.0931947878116,678.926490553246,846.906805212188,662.073509446754
1670,1670.png,720,75,1.91170940040868,0.00354060814756506,1.10665250708378,1164,651,804.200369078529,639.490604146192,1523.79963092147,663.509395853808
1671,1671.png,751,78,1.00390428130846,0.0246436191777227,1.26435159796156,843,557,467.557637904462,550.921037762449,1218.44236209554,564.078962237551
1672,1672.png,731,81,1.00765025261455,0.011442237819601,0.6629404968404,760,621,394.556522395969,615.072350610654,1125.44347760403,627.927649389346
1673,1673.png,732,73,-0.745922331096632,0.0274141057232665,0.111573009818375,877,571,511.03101608006,576.264746436746,1242.96898391994,566.735253563254
1674,1674.png,760,77,-1.87392390329709,0.024778454452478,1.06910564466512,271,659,-108.796776688283,671.926118347688,650.796776688283,647.073881652312
1675,1675.png,700,90,-0.917720145642578,0.024891718201713,1.13984235519858,841,559,491.04489562581,565.105793650311,1190.95510437419,553.894206349689
1676,1676.png,783,72,-1.08986453797506,0.0259863297254732,0.272745940152867,515,614,123.570825305161,621.946556097789,906.429174694839,607.053443902211
1677,1677.png,784,71,-1.17063916096167,0.00458371946295696,0.589617210645573,438,679,46.0818166692111,687.508593802544,829.918183330789,671.491406197456
1678,1678.png,720,78,1.11224332313359,0.023638501273836,0.481420746231401,1338,621,978.06782865677,614.512008003185,1697.93217134323,628.487991996815
1679,1679.png,776,83,1.3763242870097,0.00769161808829751,1.10516624764526,1299,663,911.111937893259,654.180596849726,1686.88806210674,672.819403150274
1680,1680.png,730,76,-0.850051709588492,0.0213489639571746,1.07521163177777,189,563,-175.95983013908,568.915014760249,553.95983013908,558.084985239751
1681,1681.png,789,71,0.747047367714996,0.0264457860647048,1.26113147931287,1140,579,745.533532186592,574.356482641884,1534.46646781341,584.643517358116
1682,1682.png,717,71,-1.63476064520897,0.00160291662957958,0.497516684645607,1307,603,948.645912596316,613.72731837155,1665.35408740368,593.27268162845
1683,1683.png,714,70,0.230038353997745,0.0284122319550559,0.570392615187847,715,651,358.002877351209,650.06667502491,1071.99712264879,652.93332497509
1684,1684.png,701,77,-1.04478117976769,0.0103270408469823,0.013386925886151,797,656,446.558270857545,662.890968287084,1147.44172914245,650.109031712916
1685,1685.png,700,83,-0.988004572741773,0.0180109246359397,0.436079549372631,1314,595,964.052035523907,601.535077384696,1663.94796447609,589.464922615304
1686,1686.png,785,84,-1.36158467804219,0.0106727064532601,0.54587922763288,1133,625,740.6108238602,634.826545358767,1525.3891761398,616.173454641233
1687,1687.png,727,70,-0.656210042246586,0.0161152695170299,0.700585300575612,128,694,-235.476159785862,698.66308387165,491.476159785862,690.33691612835
1688,1688.png,748,85,-0.661702114076929,0.0197329772868215,1.08616817517909,208,657,-165.975058845135,661.819185314144,581.975058845135,653.180814685856
1689,1689.png,769,71,1.37921763327056,0.0161426140464459,1.41795917937731,441,696,56.6113950042179,687.245252602229,825.388604995782,705.754747397771
1690,1690.png,705,72,-1.07773048168261,0.0227624668054846,0.582102692706374,506,651,153.562357886673,658.130114750024,858.437642113327,644.869885249976
1691,1691.png,752,70,0.516312575881375,0.00261134160075115,0.59037940261893,1183,618,807.015266344281,615.11177659555,1558.98473365572,621.88822340445
1692,1692.png,708,80,-0.682064856587524,0.0280875151924502,0.429558498602612,1305,582,951.025082696253,586.714014689768,1658.97491730375,578.285985310232
1693,1693.png,769,79,-1.25284149021912,0.0134850892386114,0.306656475867513,248,556,-136.408082959158,564.906887394559,632.408082959158,548.093112605441
1694,1694.png,729,88,-1.72465768340573,0.0289999619327733,0.29046455285303,1142,665,777.66511833297,676.470141324115,1506.33488166703,654.529858675885
1695,1695.png,702,74,-0.355319630589297,0.00292206884698522,1.09588385278296,20,695,-330.993250542485,697.676711652949,370.993250542485,693.323288347051
1696,1696.png,718,83,-1.41388558318834,0.00584997017157891,0.65420013908795,182,670,-176.890698610841,679.358129070111,540.890698610841,661.641870929889
1697,1697.png,724,71,1.04252524389024,0.0233664704244778,0.744237365000679,80,698,-281.940076870325,691.913593156884,441.940076870325,705.086406843116
1698,1698.png,715,86,0.0638523402634137,0.00954910671274013,0.680178003272487,89,682,-268.499777999282,682.101590080228,446.499777999282,682.898409919772
1699,1699.png,764,74,-0.00811686378329624,0.0250871893460681,0.0840403963874569,976,592,594.000003833228,592.554116411038,1357.99999616677,592.445883588962
1700,1700.png,724,83,1.33574979845288,0.0157591651852447,0.905993987800761,157,630,-204.901629727501,622.061374485204,518.901629727501,638.938625514796
1701,1701.png,723,87,0.351672455857524,0.00379936901366884,0.283024693695362,526,640,164.506809392786,638.281183960728,887.493190607215,642.718816039272
1702,1702.png,781,90,-1.56923578770888,0.0099135560597927,0.502247044217508,447,678,56.6464519092467,689.193806289621,837.353548090753,667.806193710379
1703,1703.png,743,84,1.19146399944872,0.00398259780392925,1.29456868452951,893,642,521.580321120132,634.775225519418,1264.41967887987,650.224774480582
1704,1704.png,711,73,0.53476558344156,0.000608659647782677,0.910126290513397,515,613,159.515484175677,610.182017307622,870.484515824323,616.817982692378
1705,1705.png,798,73,1.22913128151592,0.00126742504865002,0.886686986597183,726,684,327.091807365076,675.941153772921,1124.90819263492,693.058846227079
1706,1706.png,788,78,-1.8800558744941,0.0219111324786122,0.448083505640727,319,697,-74.7879083812422,710.426067179401,712.787908381242,684.573932820599
1707,1707.png,751,76,-1.47717413169328,0.0181342218710408,0.819421478830139,753,558,377.624788341336,568.179900423722,1128.37521165866,548.820099576278
1708,1708.png,704,73,-1.22425409293382,0.0106603357569684,1.12147468283674,355,581,3.08035150372957,589.020704904559,706.91964849627,573.979295095441
1709,1709.png,789,85,0.794196197381072,0.0274762609014661,1.33524877111766,584,588,189.537898358532,583.031877050031,978.462101641468,593.968122949969
1710,1710.png,797,89,-1.70045866114684,0.015720174275549,0.0207513247837892,301,593,-97.3245096079759,605.325186914614,699.324509607976,581.674813085386
1711,1711.png,755,85,-0.407023566003531,0.0289878151721387,0.914302411128305,1387,601,1009.50952530693,604.181700207737,1764.49047469307,598.818299792263
1712,1712.png,794,89,0.762885054163026,0.0142818351645106,0.172244818157931,52,636,-344.964809369879,631.214158351249,448.964809369879,641.785841648751
1713,1713.png,709,71,-1.79259212857247,0.0203957820516769,1.14609690701543,1092,628,737.67348763351,639.589302692227,1446.32651236649,617.410697307773
1714,1714.png,739,85,-0.314152462450694,0.0172865588692603,0.429771099481024,480,618,110.50555416824,620.525956435934,849.49444583176,616.474043564066
1715,1715.png,717,72,-1.16724892236408,0.0275217074495547,0.752096968404353,677,654,318.574391932776,661.80297758733,1035.42560806722,647.19702241267
1716,1716.png,793,82,-0.296965195768607,0.0193480400715673,1.12128202217941,833,575,436.505325716757,577.555058399384,1229.49467428324,573.444941600616
1717,1717.png,758,83,-1.90125149802412,0.00687506660526978,1.33503153154905,969,606,590.208642720479,619.074086461375,1347.79135727952,593.925913538625
1718,1718.png,751,83,-0.0225543791396685,0.0229595054867328,0.544838698487146,309,593,-66.4999709064693,593.647814886545,684.499970906469,593.352185113455
1719,1719.png,768,83,1.02003947477551,0.0207578355061594,1.34240370144136,1033,606,649.060852503644,599.66399094712,1416.93914749636,613.33600905288
1720,1720.png,762,89,1.06759463378874,0.021059797386421,1.06388611656916,1001,646,620.066137825851,639.401222000498,1381.93386217415,653.598777999502
1721,1721.png,741,80,-1.15510372471945,0.0148000061158952,0.560065322742617,1123,626,752.575290505112,633.968908596845,1493.42470949489,619.031091403155
1722,1722.png,703,80,-1.45058938543939,0.00596635487899578,0.75976104262104,1149,634,797.612646022471,643.39817198479,1500.38735397753,625.60182801521
1723,1723.png,700,74,-0.223020057568197,0.0065706819201503,0.937569609386802,1054,597,704.002651429492,598.86234856572,1403.99734857051,596.13765143428
1724,1724.png,751,76,1.44363254442258,0.01415281114629,0.806885013064829,1183,679,807.619185941877,670.039850050822,1558.38081405812,688.960149949178
1725,1725.png,708,87,-0.0459484142000335,0.0173879602255485,1.00479352777766,74,626,-279.999886166777,626.783890663877,427.999886166777,626.216109336123
1726,1726.png,759,81,0.972168454051205,0.0149456368729009,1.12466931163765,716,645,336.554627226257,639.061127381649,1095.44537277374,651.938872618351
1727,1727.png,752,88,-1.33437997208848,0.0191778451986545,1.24009452396107,817,594,441.101965202112,603.255994237403,1192.89803479789,585.744005762597
1728,1728.png,746,83,-1.08632482951529,0.0229527898685605,0.58766577770671,1183,608,810.06704092123,615.57163579044,1555.93295907877,601.42836420956
1729,1729.png,719,75,-1.7563589034733,0.0238056431832139,1.20851369111021,669,668,309.668894753494,679.518475499099,1028.33110524651,657.481524500901
1730,1730.png,722,82,0.0450250995070678,0.0153987686459406,0.93235934346641,588,672,227.000111465709,672.216313149288,948.999888534291,672.783686850712
1731,1731.png,798,84,0.566464693918061,0.0274641156806272,1.34799890380962,199,639,-199.980499767425,635.555281336293,597.980499767425,643.444718663707
1732,1732.png,766,75,-1.83068497017333,0.0180112217695534,0.481233745242409,65,555,-317.804514838368,567.735334869199,447.804514838368,543.264665130801
1733,1733.png,715,83,0.389611193311077,0.0041053179905342,0.488399605455851,1101,552,743.508265363595,550.069019404838,1458.49173463641,554.930980595162
1734,1734.png,794,78,-1.61189231902463,0.0292884381497542,0.751396169365008,72,585,-324.842906341505,596.667259575539,468.842906341505,574.332740424461
1735,1735.png,742,73,-0.988736999096866,0.0120995194822146,0.456323278866288,97,646,-273.944760537564,652.901923908439,467.944760537564,640.098076091561
1736,1736.png,764,84,-1.31003142075974,0.000279947802679776,0.990039670902921,1126,621,744.099846445049,630.233425141656,1507.90015355495,612.766574858344
1737,1737.png,796,75,-0.135871401743222,0.0269597981171172,0.988751885694808,299,680,-98.9988809133372,681.443817636646,696.998880913337,679.556182363354
1738,1738.png,786,76,-1.57739178511309,0.0150907808326109,1.0550926319269,979,554,586.148925479982,565.318190628159,1371.85107452002,543.681809371841
1739,1739.png,720,90,-0.229016673621142,0.000548011399230482,0.543580265562767,667,570,307.002875814485,571.938950367159,1026.99712418551,569.061049632841
1740,1740.png,731,80,-0.0643974934945062,0.0190479399189687,0.526263406791857,562,664,196.500230860697,664.910803014055,927.499769139303,664.089196985945
1741,1741.png,779,70,-0.797591027579491,0.0111472542974908,0.603349534977961,1122,589,732.537738593297,594.921894500717,1511.4622614067,584.078105499283
1742,1742.png,782,83,-1.58050666871502,0.0209599474036737,0.570895178504697,772,675,381.148753304718,686.284384856979,1162.85124669528,664.715615143021
1743,1743.png,747,89,-1.3839601923094,0.0279192971892537,1.42061049934397,1173,693,799.608953560396,702.520889021477,1546.3910464396,684.479110978523
1744,1744.png,723,75,-0.15937451080081,0.0224162143235059,1.36319655503141,865,602,503.501398525825,603.50555070282,1226.49860147417,601.49444929718
1745,1745.png,722,72,1.96768139432965,0.0264340138336422,0.210842488437557,1324,565,963.212862331647,553.104787493664,1684.78713766835,577.895212506336
1746,1746.png,705,86,-0.317342708267804,0.0270976745413863,0.270599396943773,633,598,280.505406793689,600.452372996387,985.494593206311,596.547627003613
1747,1747.png,700,71,-1.06209260501927,0.0117894323020242,1.33477849272145,79,605,-270.939868073521,611.987582961846,428.939868073521,599.012417038154
1748,1748.png,710,85,-0.751261050830256,0.0234282348049096,1.20876520877584,838,615,483.030516071039,620.154619125914,1192.96948392896,610.845380874086
1749,1749.png,710,82,1.48455809618647,0.0181644828759055,0.544228949880634,1259,692,904.119157996114,683.302827683838,1613.88084200389,701.697172316162
1750,1750.png,798,77,-0.667777468112989,0.00071519952962887,0.954857257792598,971,574,572.027099185726,579.150206000142,1369.97290081427,569.849793999858
1751,1751.png,899,53,-1.90252810715478,0.00644112608244388,0.679472760590906,841,699,391.747785959554,714.423075412172,1290.25221404045,684.576924587828
1752,1752.png,888,56,-0.59188225227197,0.00353628186556912,0.00854374713541312,488,610,44.0236905139729,615.086568997353,931.976309486027,605.913431002647
1753,1753.png,841,58,0.658738020297928,0.0111341075225614,1.21590618020918,703,630,282.527791463433,625.665556042152,1123.47220853657,635.334443957848
1754,1754.png,818,60,-0.308947506391497,0.00294800729729046,0.308110749416617,513,622,104.005945883337,624.70537915472,921.994054116663,620.29462084528
1755,1755.png,872,57,-1.86401820424504,0.0204935655841533,1.24747465094759,683,665,247.230713613907,679.681997128582,1118.76928638609,651.318002871418
1756,1756.png,839,64,-1.13624521713376,0.0147263610691262,0.414667964881483,1140,685,720.582487208707,693.818651571368,1559.41751279129,677.181348428632
1757,1757.png,856,66,-1.05376811855671,0.0185710779276658,0.629320960365162,1280,620,852.072384632963,628.371213774361,1707.92761536704,612.628786225639
1758,1758.png,829,67,-0.907393728203925,0.0252723977044426,0.236343223719292,383,672,-31.4480205423803,679.064165484102,797.448020542381,665.935834515898
1759,1759.png,850,67,1.39303981122991,0.0224652811349597,1.40007652488573,504,647,79.1256085875719,637.167937189558,928.874391412428,657.832062810442
1760,1760.png,864,67,-1.51222895778902,0.0173606508415889,0.220571006859767,645,561,213.150459070772,572.900613984141,1076.84954092923,550.099386015859
1761,1761.png,804,53,1.97260990322805,0.00794375074286788,1.38732241376724,887,577,485.238226632697,563.662461896709,1288.7617733673,591.337538103291
1762,1762.png,889,50,1.35509557793566,0.00691439210565786,0.123142512377016,12,595,-432.375687123218,584.988164110505,456.375687123218,606.011835889495
1763,1763.png,885,57,-1.08345208279061,0.00632372845813033,1.16823880734864,1024,604,581.579112387447,612.867090540956,1466.42088761255,596.132909459044
1764,1764.png,890,59,-1.81553605111851,0.00411669999079944,1.42637880943943,288,597,-156.77661286105,611.598391817914,732.77661286105,583.401608182086
1765,1765.png,867,67,-1.56835524354882,0.0029653707826068,0.967147981666798,810,685,376.662396103393,697.364697600329,1243.33760389661,673.635302399671
1766,1766.png,887,63,-1.02414645960182,0.0103895622349486,0.479336560994233,101,605,-342.429151454884,613.427019616571,544.429151454884,597.572980383429
1767,1767.png,895,60,-1.90992381287903,0.024494669880331,1.03405560072277,205,679,-242.25139511926,694.414407929095,652.25139511926,664.585592070905
1768,1768.png,878,51,-1.42024190720851,0.0297353746910121,0.28396297636127,1284,652,845.134862643701,663.380772639721,1722.8651373563,641.619227360279
1769,1769.png,871,68,0.456104240848259,0.00967310439464435,0.22389869205214,1248,599,812.51379872076,596.033229834937,1683.48620127924,602.966770165063
1770,1770.png,856,64,0.211008357041203,0.0256485835620295,1.29927672518094,1164,670,736.00290246726,668.923769194996,1591.99709753274,672.076230805004
1771,1771.png,898,57,-0.0952446962595963,0.00192861833404086,0.528641280663257,244,569,-204.999379627436,570.246387417856,692.999379627436,568.753612582144
1772,1772.png,883,53,1.03873818950724,0.0225576566042428,0.222661692784621,1374,663,932.572553062676,655.496307702294,1815.42744693732,671.503692297706
1773,1773.png,878,69,1.85931786875217,0.011847105925802,0.729334341705243,607,604,168.231131125032,590.256415262251,1045.76886887497,618.743584737749
1774,1774.png,875,62,-1.97028095413848,0.00139543510330217,0.55841027735337,79,663,-358.241347715957,678.541736852297,516.241347715957,648.458263147703
1775,1775.png,823,57,1.73970709482299,0.0143487213708843,0.355022080144903,379,601,-32.3103235199533,589.007291490179,790.310323519953,613.992708509821
1776,1776.png,849,50,-1.77052413515765,0.00844524639721451,0.847340696522385,122,666,-302.297338348526,679.615588829958,546.297338348526,653.384411170042
1777,1777.png,811,70,1.41133013154879,0.00233381090817557,0.244307937611368,721,628,315.623012959268,618.51258903529,1126.37698704073,638.48741096471
1778,1778.png,811,50,-0.317380827263354,0.00696601410815819,1.46561441940374,1100,563,694.50622122435,565.746191052509,1505.49377877565,561.253808947491
1779,1779.png,875,70,-1.79166238992256,0.00672797227742242,1.43068649682821,689,697,251.713884721134,711.178573913895,1126.28611527887,683.821426086105
1780,1780.png,836,57,1.44183225221642,0.00762618845277589,0.117650675842788,1155,554,737.132345011066,543.982257178977,1572.86765498893,565.017742821023
1781,1781.png,800,62,1.95471259844149,0.00111186554363695,1.33266270741506,953,623,553.23276004429,609.856178753965,1352.76723995571,637.143821246035
1782,1782.png,891,60,-0.0565387363314174,0.00932540205668533,0.978537078762198,1098,634,652.500216902525,634.939613583442,1543.49978309747,634.060386416558
1783,1783.png,862,70,1.52286354222225,0.00775477592784645,0.682560852534998,600,693,169.152229360118,682.045807115152,1030.84777063988,704.954192884848
1784,1784.png,840,68,0.0349533243954609,0.0222221845418975,1.1123548161251,787,678,367.000078153961,678.243778765901,1206.99992184604,678.756221234099
1785,1785.png,859,62,0.5118932008069,0.00390924042671813,0.779497640321842,738,571,308.517141299418,567.662802796838,1167.48285870058,575.337197203162
1786,1786.png,814,64,-1.93653282786353,0.0161871812694592,0.0106252275788116,1200,589,793.232448919513,602.253522748137,1606.76755108049,574.746477251863
1787,1787.png,856,57,1.22710943628076,0.0290509016170599,0.316385249025772,1333,592,905.098156372346,583.334181975699,1760.90184362765,601.665818024301
1788,1788.png,872,55,0.669331273438466,0.00459250848674812,1.19764667680971,799,695,363.029750106459,690.406748802266,1234.97024989354,700.593251197734
1789,1789.png,828,60,0.969042421572091,0.00853521868528566,0.836540814951358,1181,594,767.05921071523,587.498359742037,1594.94078928477,601.501640257963
1790,1790.png,888,56,0.717814065124945,0.0185491103766846,0.381486305302454,1059,680,615.034843835666,674.937616340182,1502.96515616433,686.062383659818
1791,1791.png,802,68,-0.0878456456222412,0.0278839191685317,0.661818494190531,213,607,-187.999528686906,608.114811254737,613.999528686906,606.885188745263
1792,1792.png,877,63,-0.55386303595252,0.0126287958884527,1.25098487615582,158,588,-280.479512181452,592.738796658943,596.479512181452,584.261203341057
1793,1793.png,806,61,1.84996288360649,0.0275187707961472,0.844981834472675,468,658,65.2100477751462,645.49021957526,870.789952224854,671.50978042474
1794,1794.png,834,51,0.254457912580986,0.0113247270546015,0.499480462004241,91,575,-325.995887631717,573.648055552441,507.995887631717,577.351944447559
1795,1795.png,828,66,-0.282530247349568,0.00295564015162486,0.742918634961606,1014,574,600.005033314876,576.54146011059,1427.99496668512,572.45853988941
1796,1796.png,868,63,1.43047130480638,0.00680425308246055,1.47506798597137,1091,578,657.135254028938,567.665693217099,1524.86474597106,589.334306782901
1797,1797.png,817,61,1.26600677011954,0.00399708418799086,0.893935896867252,469,561,60.5997174552254,552.474523982176,877.400282544775,570.525476017824
1798,1798.png,855,63,-1.01637703935041,0.0168276579864053,0.533848204110916,334,579,-93.432739644102,587.083078552763,761.432739644102,571.916921447237
1799,1799.png,810,55,-0.340945197167201,0.0154232365883313,0.0853888570929414,977,563,572.007170470199,565.909985362146,1381.9928295298,561.090014637854
1800,1800.png,876,68,0.668287313667321,0.00982498230259713,1.15021311972308,900,607,462.029793420078,602.391365315407,1337.97020657992,612.608634684593
1801,1801.png,841,64,0.443510339491916,0.0271588879572028,1.22838127783504,73,669,-347.487402160559,666.245061557526,493.487402160559,672.754938442474
1802,1802.png,806,63,1.28475995092861,0.023711064761944,0.805516727220705,89,578,-313.898689241056,569.464170882599,491.898689241056,587.535829117401
1803,1803.png,846,55,0.983885530739131,0.0267643313575769,1.30537922697383,865,612,442.062365381363,605.236583228768,1287.93763461864,619.763416771232
1804,1804.png,874,63,0.770428545884638,0.00905652143037831,0.478129741518117,390,671,-46.9604938812764,665.624050116704,826.960493881276,677.375949883296
1805,1805.png,800,62,-0.383270708691033,0.0190458321491215,1.40074618096281,598,665,198.008949409299,668.175714362013,997.991050590701,662.824285637987
1806,1806.png,812,57,-1.725645932516,0.0217506634666143,0.74548054453095,1335,621,929.184128632538,633.726141920808,1740.81587136746,609.273858079192
1807,1807.png,848,59,-1.95000964249365,0.00196141966629628,0.181003068618809,1378,553,954.245539966644,567.92766792794,1801.75446003336,539.07233207206
1808,1808.png,845,58,1.33360789720083,0.0212390843571254,0.990116407319708,546,580,123.614442717749,570.666841841886,968.385557282251,590.333158158114
1809,1809.png,835,60,1.40978848869755,0.020796709526998,0.106728072322143,1212,606,794.626376763314,596.228260795726,1629.37362323669,616.771739204274
1810,1810.png,823,50,1.50720964343835,0.00914319962725147,1.44886272838674,803,668,391.642369468321,657.676423725855,1214.35763053168,679.323576274145
1811,1811.png,896,63,0.6138452077853,0.0243364074697932,0.983106358155582,861,588,413.025710844328,583.700390070988,1308.97428915567,593.299609929012
1812,1812.png,880,69,1.08590493497189,0.0233669846870187,0.814782571111524,1022,669,582.079022002262,661.161347979822,1461.92097799774,677.838652020177
1813,1813.png,811,61,-0.322665297096908,0.0222242738605089,0.0306954455079151,1200,598,794.506430118383,600.783590300926,1605.49356988162,596.216409699074
1814,1814.png,849,55,-1.16648370186878,0.0225808085782947,1.03055937302006,259,589,-165.412027935571,598.14179053301,683.412027935571,580.85820946699
1815,1815.png,858,50,0.515044450096303,0.00498733831184121,0.617973604993697,711,551,282.017332792215,547.64367593492,1139.98266720778,555.35632406508
1816,1816.png,854,68,-1.1911630888891,0.0136657864284205,0.179887818923752,697,655,270.092274016875,664.376570053658,1123.90772598312,646.623429946342
1817,1817.png,882,66,0.578884629587365,0.0265386618140273,0.742300373883225,1328,596,887.022508350609,592.044457540212,1768.97749164939,600.955542459788
1818,1818.png,898,64,1.21674059563891,0.0226323883523774,0.3564638444039,979,611,530.101239678098,601.965694495157,1427.8987603219,621.034305504843
1819,1819.png,896,67,0.695422072932742,0.00954469855557238,0.82293925048739,1189,588,741.032998512584,583.062576127144,1636.96700148742,593.937423872855
1820,1820.png,806,51,-1.92761884051345,0.00927895111521705,1.24068945337845,1019,666,616.228050561747,680.055690528672,1421.77194943825,652.944309471327
1821,1821.png,878,56,-0.649913854786065,0.0101476439828723,0.487218655484399,750,595,311.028242048451,600.479530191402,1188.97175795155,590.520469808598
1822,1822.png,846,62,1.32468196561813,0.0100738810743397,0.280486699519825,585,649,162.113049594496,639.721085094303,1007.8869504055,659.278914905697
1823,1823.png,842,50,-1.00377300302008,0.0153129926860928,0.0757111711527267,1054,700,633.064605092016,707.875182279725,1474.93539490798,693.124817720275
1824,1824.png,834,67,0.41152281347824,0.024639984420183,1.01433542557224,481,623,64.0107559000943,620.504953257579,897.989244099906,626.495046742421
1825,1825.png,833,52,0.794194839975251,0.0239645319490996,0.366207689932976,1102,672,685.540011691692,666.726947233581,1518.45998830831,678.273052766419
1826,1826.png,838,69,1.18948746559579,0.00177412991574158,0.940269790607007,245,632,-173.909709324113,623.801986779309,663.909709324113,641.198013220691
1827,1827.png,899,62,-1.67791394027213,0.026182109270139,0.0285034976787035,833,635,383.692735964531,648.661781222958,1282.30726403547,622.338218777042
1828,1828.png,825,55,0.791754826207792,0.016701371945191,0.551386204110181,1209,599,796.539384308087,593.799955873167,1621.46061569191,605.200044126833
1829,1829.png,868,70,1.09117014176659,0.0292243195947083,0.392835112243688,626,613,192.078702094427,605.235181554155,1059.92129790557,621.764818445845
1830,1830.png,874,53,-0.675738395786488,0.0204847402190725,0.680531496872986,1124,597,687.030391933856,602.653797291369,1560.96960806614,592.346202708631
1831,1831.png,808,58,-0.32143326461075,0.0273227283276149,0.978771140536876,859,695,455.006357503442,697.766455903639,1262.99364249656,693.233544096361
1832,1832.png,870,68,0.103285812498738,0.0159467991664757,0.624397313949113,557,646,122.000706797849,645.715835712775,991.999293202151,647.284164287225
1833,1833.png,805,70,-0.716389993901615,0.0190819326731853,1.45631373239053,385,556,-17.468538169367,561.53247293215,787.468538169367,551.46752706785
1834,1834.png,896,61,0.522186700124138,0.0253847789148064,0.445257097610569,1241,638,793.018605929029,634.417039526381,1688.98139407097,642.582960473619
1835,1835.png,832,60,0.131430517937843,0.0157618896966595,0.849650278691256,788,621,372.001094486271,620.545740402222,1203.99890551373,622.454259597778
1836,1836.png,826,54,-0.214912601134946,0.0166222361679279,0.279052178634398,606,663,193.002905347223,665.049131487363,1018.99709465278,661.950868512637
1837,1837.png,831,53,-1.13919261249532,0.0121162732207438,0.255362837613545,932,681,516.58212507523,689.760701724923,1347.41787492477,673.239298275077
1838,1838.png,872,69,-1.21838792604631,0.027349167307673,1.23483095292423,246,618,-189.901425170082,627.770789324089,681.901425170082,609.229210675911
1839,1839.png,885,58,1.60566690486128,0.00189358687235263,0.344148874127748,93,604,-349.326251724222,592.100926018428,535.326251724222,616.899073981572
1840,1840.png,848,60,1.59029046594193,0.00398891767964768,1.35350628297466,625,673,201.163311070404,661.733049792038,1048.8366889296,685.266950207962
1841,1841.png,895,56,-1.37093847920897,0.019842301477472,0.0615608140110543,814,637,366.628095239919,648.206485480157,1261.37190476008,626.793514519843
1842,1842.png,876,66,-0.206830813962052,0.0111246526220877,0.247261829871463,1046,551,608.002853835004,553.081123435818,1483.997146165,549.918876564182
1843,1843.png,859,62,1.59294629092047,0.00170062951861761,0.675792651963656,44,557,-385.334017539128,545.56051158082,473.334017539128,569.43948841918
1844,1844.png,833,66,-1.47042375379413,0.0261608053950374,0.242818964096197,724,687,307.637151615763,698.187772703659,1140.36284838424,676.812227296341
1845,1845.png,818,54,0.472522761726004,0.0144126552243758,1.27150557443016,520,562,111.013908844546,559.126983340923,928.986091155454,565.873016659077
1846,1846.png,800,50,1.18464688945352,0.0232426535827809,1.14269973115034,623,653,223.085496255854,645.230193770481,1022.91450374415,661.769806229519
1847,1847.png,823,55,1.28545655586377,0.00703626468692525,1.26532257755051,500,698,88.6035597919367,689.268587099832,911.396440208063,707.731412900168
1848,1848.png,848,70,-1.18706494401253,0.00324802962903958,0.404518417976128,639,569,215.090996360106,578.283884848531,1062.90900363989,560.716115151469
1849,1849.png,886,69,1.65862693645945,0.00629346031591218,0.773322669269622,197,616,-245.814392481253,603.677605081009,639.814392481253,629.322394918991
1850,1850.png,830,60,1.36331121294114,0.0183931404730129,0.608085383821899,481,689,66.1174741629715,679.626309955878,895.882525837029,699.373690044122
1851,1851.png,848,66,1.04116135021309,0.00747161459755932,0.491240788581156,694,585,270.070002688749,577.795625938309,1117.92999731125,593.204374061691
1852,1852.png,843,53,-0.340816486175837,0.00887155691228324,0.855219951114401,448,612,26.5074569671004,615.007223097242,869.492543032899,609.992776902758
1853,1853.png,875,56,-1.55569994118229,0.00730792553987467,0.678411222410815,557,575,119.661260419727,587.377578134383,994.338739580273,563.622421865617
1854,1854.png,848,59,-1.49660136129583,0.00466952448864641,1.18603357492268,99,682,-324.855363409721,693.573884088866,522.855363409721,671.426115911134
1855,1855.png,893,63,-1.00023708452639,0.0192938405462644,0.676864031805227,635,632,188.56803636112,640.294346767632,1081.43196363888,624.705653232368
1856,1856.png,862,56,-1.57175759582176,0.00825998530424035,1.10924709024598,1220,660,789.162160811896,672.321857879614,1650.8378391881,648.678142120386
1857,1857.png,827,69,0.580975417840936,0.00264529051747493,0.0770511573722341,573,606,159.521257493072,602.30720917647,986.478742506928,610.69279082353
1858,1858.png,829,69,1.49730991175657,0.0279190598372665,0.809178475459736,709,627,294.6415298209,616.669109416303,1123.3584701791,638.330890583697
1859,1859.png,812,59,-0.303900011129283,0.020597067914444,0.793253549503822,189,585,-216.994289012799,587.653436554027,594.994289012799,583.346563445973
1860,1860.png,866,63,-0.652257348129883,0.00813951982932264,0.0856087064338909,714,651,281.02805730198,656.429182112892,1146.97194269802,646.570817887108
1861,1861.png,826,60,-1.73883061706084,0.0162566914336935,1.21425443760403,714,645,301.190176134281,658.03193201202,1126.80982386572,632.96806798798
1862,1862.png,886,51,-1.6888768362739,0.0207770635249357,0.663439967174889,388,658,-54.8075610499441,671.55618156277,830.807561049944,645.44381843723
1863,1863.png,847,52,1.66056057861753,0.0169045997156356,0.875577017070129,211,671,-212.322148635418,659.227735551518,634.322148635417,683.772264448482
1864,1864.png,853,54,-1.49089898781506,0.0200214332293878,0.431914127826958,1156,560,729.644382883087,571.596745146944,1582.35561711691,549.403254853056
1865,1865.png,816,67,-1.9181914440193,0.0299611285653621,0.408537800745456,1233,663,825.228627378778,677.156781121644,1640.77137262122,649.843218878356
1866,1866.png,864,60,0.579330806889334,0.00107727948343748,0.953313662103427,105,690,-326.977917001998,686.132023052399,536.977917001998,694.867976947601
1867,1867.png,807,61,-0.0375566066581277,0.00644475054993471,1.49167025876008,706,664,302.500086684401,664.764488760431,1109.4999133156,664.235511239569
1868,1868.png,896,57,-0.0377765817675915,0.0188447247979639,1.15188425920981,221,675,-226.999902624869,675.795377906532,668.999902624869,675.204622093468
1869,1869.png,860,69,1.75333101925733,0.0290370917553007,0.284712427872232,1251,699,821.201320099433,686.343451982754,1680.79867990057,712.656548017246
1870,1870.png,856,53,-0.0829134046900881,0.00520491468417786,1.22460909136813,961,688,533.000448144356,689.119363679545,1388.99955185564,687.880636320455
1871,1871.png,824,68,1.80439581686341,0.0133390100717116,1.23058163121473,450,571,38.204291211771,558.527173646422,861.795708788229,584.472826353578
1872,1872.png,838,70,1.54732756873205,0.00727791850066868,0.402909393776968,876,622,457.152783654586,611.185877864448,1294.84721634541,633.814122135552
1873,1873.png,837,54,1.98376204325646,0.00490895467405643,1.23826629467781,392,632,-26.2491835773146,618.013094294854,810.249183577315,646.986905705146
1874,1874.png,893,56,0.0463554705159974,0.0181271428559436,0.275966109064748,334,604,-112.499853867045,604.138756719897,780.499853867045,604.861243280103
1875,1875.png,887,66,1.91475403032097,0.0263239568226013,0.66651921665897,245,643,-198.252369617126,628.681537569535,688.252369617126,658.318462430465
1876,1876.png,847,58,1.32185344282966,0.0263382796049806,0.345868187733181,613,590,189.612700412103,580.730427457222,1036.3872995879,600.269572542778
1877,1877.png,827,50,1.17430591898958,0.00590684599568251,0.677462523586713,156,606,-257.413154453888,598.025702124318,569.413154453888,614.974297875682
1878,1878.png,850,59,-0.55086720635892,0.0182451773806367,0.31377893928602,77,603,-347.980357165275,607.586076807341,501.980357165275,599.413923192659
1879,1879.png,853,51,1.17730302902818,0.020068049819443,0.163804303721127,1180,583,753.590033683253,574.73697393873,1606.40996631675,592.26302606127
1880,1880.png,830,70,-1.61023786421267,0.00770338547383806,0.515985220478134,300,646,-114.83612061688,658.161605015494,714.83612061688,634.838394984506
1881,1881.png,805,52,0.139984554549302,0.0288746575560464,1.34985167996087,295,564,-107.498798702295,563.516616448357,697.498798702295,565.483383551643
1882,1882.png,891,52,-1.76443885717131,0.0184282389290097,0.756000152744453,526,634,80.711227934637,648.21712333258,971.288772065363,620.78287666742
1883,1883.png,822,70,0.724905925819128,0.00317257038421042,0.118045916053541,18,651,-392.967105441027,646.300168712002,428.967105441027,656.699831287998
1884,1884.png,880,62,0.326805029594912,0.0233608306878647,0.418823910932441,337,561,-102.992842626151,558.990331145604,776.992842626151,564.009668854396
1885,1885.png,842,51,-1.26783617531718,0.0132013271491165,0.312829799995727,796,665,375.103065993321,674.815092258133,1216.89693400668,656.184907741867
1886,1886.png,865,60,-0.3627352773992,0.02608737418727,0.710628437843213,308,637,-124.491332597008,640.238106729955,740.491332597007,634.761893270045
1887,1887.png,897,70,-0.52578297230152,0.000363160866179261,1.04077189786126,668,608,219.518884138353,612.615667077386,1116.48111586165,604.384332922614
1888,1888.png,820,63,1.61804876935361,0.005040346411035,1.0468397428501,485,587,75.1634793672231,575.923024763807,894.836520632777,599.076975236193
1889,1889.png,804,64,1.34246222516917,0.00853031818741116,0.911865833842624,82,567,-319.889659468272,558.081846652551,483.889659468272,576.918153347449
1890,1890.png,896,67,-0.216978580181093,0.0234013663095819,1.13867214573133,102,660,-345.996787553079,662.196567747277,549.996787553079,658.803432252723
1891,1891.png,800,52,-1.68372258868413,0.00545066896256908,0.555969114541487,112,637,-287.827299118662,649.25290940475,511.827299118662,625.74709059525
1892,1892.png,852,52,0.413453680628033,0.00681728569565609,1.42422304552899,319,616,-106.988908604828,613.425956137625,744.988908604828,619.574043862375
1893,1893.png,804,56,-1.07502861192042,0.000401697572726881,0.526543150428203,833,677,431.070758415323,685.042198563197,1234.92924158468,669.957801436803
1894,1894.png,885,61,0.123191343223717,0.00537150681250367,0.46112414215566,849,676,406.501022817685,675.548583895027,1291.49897718232,677.451416104973
1895,1895.png,844,63,0.280255244513168,0.0226874363040619,0.620388979891545,510,630,88.0050482844947,628.435847237152,931.994951715505,632.564152762848
1896,1896.png,800,68,-1.65597123170606,0.00444177907254732,0.943286451171877,504,621,104.167055229127,633.059250661368,903.832944770873,609.940749338632
1897,1897.png,877,58,-0.720750109511002,0.0297195257463953,1.16594297370347,687,677,248.534694293195,683.015948824804,1125.46530570681,671.984051175196
1898,1898.png,876,52,-0.175862898807199,0.0263904763807117,0.459971529114167,567,567,129.00206322677,568.844389226986,1004.99793677323,566.155610773014
1899,1899.png,846,55,-0.0157469209694532,0.00836271530567135,1.24815738867981,742,582,319.000015975571,582.616255464937,1164.99998402443,582.383744535063
1900,1900.png,841,54,1.16041847051767,0.00872079563165192,1.31654494307258,91,597,-329.413760712419,588.984143986596,511.413760712419,606.015856013404
1901,1901.png,893,57,1.37435319363793,0.00672984428945381,0.33941027124404,136,658,-310.37155355435,647.790836751835,582.37155355435,669.209163248165
1902,1902.png,844,62,-0.655655688943485,0.0130425900249164,0.281056595187285,1255,648,833.027630205745,653.328988529788,1676.97236979425,643.671011470212
1903,1903.png,897,50,1.88800568677026,0.0153110515160096,0.955761866548439,84,639,-364.256524937913,624.723740304588,532.256524937913,654.276259695412
1904,1904.png,866,63,0.807609541048577,0.00718278963087984,0.0844060262897641,259,615,-173.956986148899,609.39687417287,691.956986148899,621.60312582713
1905,1905.png,852,56,1.9940731442314,0.028338320817936,0.583213806290616,450,612,24.257972059211,597.676854420722,875.742027940789,627.323145579278
1906,1906.png,830,54,1.82535771873221,0.0236535696145701,0.510973590725869,554,682,139.210587251502,669.280957986429,968.789412748498,695.719042013571
1907,1907.png,806,53,-1.49963369608381,0.000789702548979618,0.678705995799386,428,618,25.1380305991346,629.046734587359,830.861969400865,607.953265412641
1908,1908.png,855,65,1.0184706950911,0.0140855419528845,0.763404554924608,367,598,-60.432462264051,590.901302553028,794.432462264051,606.098697446972
1909,1909.png,811,70,-0.531217029638936,0.0031891948743254,1.04121604290677,354,590,-51.4825716422829,594.259533795686,759.482571642283,586.740466204314
1910,1910.png,858,58,-1.54703463239848,0.0139570459821289,0.33087568961063,1141,579,712.15637082181,591.081956366649,1569.84362917819,567.918043633351
1911,1911.png,844,62,0.810542990067683,0.00956210476330742,0.5926686131095,1308,654,886.042226205404,648.530315392845,1729.9577737946,660.469684607155
1912,1912.png,870,50,-1.75633825682,0.0178913949761597,0.12489213414325,1228,588,793.204360196381,601.832351921623,1662.79563980362,575.167648078377
1913,1913.png,870,51,0.585210615258874,0.00846810937187456,0.153071658637779,655,587,220.022690006039,583.057051607615,1089.97730999396,591.942948392385
1914,1914.png,828,67,-0.444444523230582,0.0181837962059647,0.753556281389071,1071,682,657.012455409792,685.711374187265,1484.98754459021,679.288625812735
1915,1915.png,833,51,-0.57807899635184,0.0259622988640128,1.05865775909608,784,584,367.521198759196,588.702156234897,1200.4788012408,580.297843765103
1916,1916.png,876,56,-1.93971682855413,0.00805249568916555,0.513249637045594,272,590,-165.749022934353,605.32541466602,709.749022934353,575.67458533398
1917,1917.png,814,60,0.777665269242756,0.0283640587162739,1.45175168100211,1262,668,855.037488484913,662.976032102522,1668.96251151509,674.023967897478
1918,1918.png,810,60,-1.09083844524249,0.00148984253300819,0.577177170876845,1280,607,875.073398555971,615.21021679257,1684.92660144403,599.78978320743
1919,1919.png,883,52,0.522824871043988,0.0267742335726222,0.912336741786217,261,675,-180.481619178737,671.47136160461,702.481619178737,679.52863839539
1920,1920.png,810,63,0.690847506138546,0.00084281470630424,0.0714939953234002,529,563,124.029440073468,558.616805063179,933.970559926532,568.383194936821
1921,1921.png,862,51,-0.714238499864162,0.0131548936779019,1.08822802836725,722,680,291.033487513256,685.872626453916,1152.96651248674,675.127373546084
1922,1922.png,886,64,0.805011874910469,0.007011910057579,1.10827044515346,166,551,-276.956275394987,545.276007053284,608.956275394987,557.723992946716
1923,1923.png,890,50,1.52902802577889,0.0174899234744358,0.969372755671732,750,587,305.158449133087,575.625884356327,1194.84155086691,599.374115643673
1924,1924.png,847,69,-0.0921043174177032,0.00262730055116157,0.899733531030483,1103,571,679.500547189856,572.180785948954,1526.49945281014,570.819214051046
1925,1925.png,808,63,-1.39925294355758,0.0239136190762553,1.45076052545553,460,625,56.1204694639811,635.365333953037,863.879530536019,615.634666046963
1926,1926.png,824,68,-1.06285471140216,0.00983487596819793,0.667842688706399,1208,679,796.070885483445,687.142291122908,1619.92911451655,671.857708877092
1927,1927.png,898,57,-1.9342941372266,0.0231816961174421,0.922783349553669,775,573,326.255843780068,588.655271639301,1223.74415621993,558.344728360699
1928,1928.png,897,62,-0.798297619387012,0.00274486825981629,1.0332661379202,1200,697,751.543532121189,703.748713280451,1648.45646787881,691.251286719549
1929,1929.png,816,58,1.92004288547959,0.0217500228666516,0.336500898324719,15,580,-392.770931106526,566.830042263545,422.770931106526,594.169957736455
1930,1930.png,853,54,-1.17817978329792,0.0124445479991891,0.868169203232377,161,673,-265.409832172819,682.269551091613,587.409832172819,664.730448908387
1931,1931.png,880,64,1.4652686286639,0.0114931602891815,1.47446330603749,255,582,-184.856124035122,571.248771231565,694.856124035122,593.751228768435
1932,1932.png,890,61,0.377505469303332,0.00710659510189752,0.865064334739821,517,663,72.0096589446093,660.568043757655,961.990341055391,666.431956242345
1933,1933.png,815,66,0.611424157920577,0.0296009052279601,0.862042796860649,331,655,-76.4767975727628,651.151501426274,738.476797572763,659.848498573726
1934,1934.png,825,70,0.517713541693884,0.0112833650288253,1.36864795810155,185,580,-227.4831606708,576.772780791661,597.4831606708,584.227219208339
1935,1935.png,839,66,-1.53633605732888,0.00359105184296042,0.543753490910437,151,562,-268.349199378986,573.747176543621,570.349199378986,551.252823456379
1936,1936.png,851,54,1.33392927598776,0.0240262786282453,1.23878055466435,271,634,-154.384689117566,624.594634567464,696.384689117566,644.405365432536
1937,1937.png,888,59,-0.544007565145027,0.00107966611125031,0.188263827034807,669,591,225.020013098154,595.715593746588,1112.97998690185,587.284406253412
1938,1938.png,849,51,-1.52256720557686,0.0206774923581115,0.21143142972733,689,633,264.649875215154,644.779255076722,1113.35012478485,622.220744923278
1939,1939.png,828,64,1.49920294849755,0.00174264823702988,1.12066409394297,1008,579,594.141716741213,568.668500653679,1421.85828325879,590.331499346321
1940,1940.png,844,65,-1.88825782782843,0.0119461785374074,0.352643028412993,820,671,398.229150320857,685.4050480378,1241.77084967914,657.5949519622
1941,1941.png,835,66,-1.57610812134898,0.0154993145322205,0.0766367562298913,392,577,-25.3420477390538,588.983256897471,809.342047739054,566.016743102529
1942,1942.png,808,69,1.41540631777782,0.00125843884996634,0.794258921746599,1069,599,665.123266844295,589.520800860003,1472.8767331557,609.479199139997
1943,1943.png,889,63,1.34934297420639,0.0055771189243221,1.08540094225187,250,677,-194.376740291483,667.032780315888,694.376740291484,687.967219684112
1944,1944.png,817,58,-1.64045549502321,0.0280886629823173,0.853073690686103,1370,685,961.667423353854,697.194308424155,1778.33257664615,673.805691575845
1945,1945.png,847,61,-1.48983766274174,0.0253994640595269,0.731626178695954,1117,617,693.643163260852,628.510848569606,1540.35683673915,606.489151430394
1946,1946.png,840,70,0.925810495989871,0.0220738292856639,0.232938325627291,1055,655,635.054828805034,648.713749928672,1474.94517119497,662.286250071327
1947,1947.png,824,65,-1.0542930461976,0.00676018714459304,0.915770719835359,90,618,-321.930251899357,626.080736780302,501.930251899357,610.919263219697
1948,1948.png,826,57,0.655803467395693,0.0126280557292855,1.23312781049347,1395,607,982.027053126726,602.772934228917,1807.97294687327,612.227065771083
1949,1949.png,855,51,-0.439245236173898,0.00599230849417322,0.410693479235828,798,651,370.512562406769,654.777300714481,1225.48743759323,648.222699285519
1950,1950.png,802,62,-1.17708005931769,0.0208563592923988,1.38637750116314,1148,626,747.084618601304,634.73753348631,1548.9153813987,618.26246651369
1951,1951.png,849,66,-0.601922781490126,0.00710984861498499,0.316594986904246,596,599,171.52342502167,603.959517313118,1020.47657497833,595.040482686882
1952,1952.png,800,60,-0.78553261271556,0.00198795683298462,1.06866227788021,1231,606,831.037592946661,611.983880386994,1630.96240705334,601.016119613006
1953,1953.png,864,62,-1.19938666093513,0.0171423006687365,0.358542367867193,28,588,-403.905352083929,597.542501935713,459.905352083929,579.457498064287
1954,1954.png,842,66,0.233475835555983,0.0265518295267294,1.0523897691733,509,629,88.0034953455054,627.784462562897,929.996504654495,631.215537437103
1955,1955.png,811,69,1.6528088525326,0.000672260859943985,0.458029132170774,456,694,50.6687060829578,682.804181450778,861.331293917042,706.195818549222
1956,1956.png,805,54,1.00567241056149,0.00440584358079869,0.393941648936354,267,603,-135.437999877702,596.435564110657,669.437999877702,610.564435889343
1957,1957.png,800,60,1.88015879248992,0.00518404154508512,0.649103366844262,628,700,228.21534501314,687.376371041608,1027.78465498686,713.623628958392
1958,1958.png,899,70,-1.52423177656841,0.0226690163097811,1.19650488124034,850,692,400.659048964239,704.456576528345,1299.34095103576,680.543423471655
1959,1959.png,824,60,0.984193647091489,0.00671005970886446,0.208843562622333,815,590,403.060781636862,583.423251144306,1226.93921836314,597.576748855694
1960,1960.png,882,60,-1.47607977358913,0.0140144729872052,0.075678137506807,682,553,241.146338623985,564.859984655011,1122.85366137601,542.140015344989
1961,1961.png,834,51,0.692389740963007,0.00537705140527569,0.722515907579495,959,573,542.030447858879,568.460894203041,1375.96955214112,578.539105796959
1962,1962.png,803,59,0.0467213934843751,0.023561485347841,0.576065597436736,1288,665,886.500133487881,665.172600014094,1689.49986651212,665.827399985906
1963,1963.png,815,69,-0.107502519843586,0.0147211238202575,1.12803834985993,524,676,116.500717281308,677.26458076852,931.499282718692,675.73541923148
1964,1964.png,806,69,-0.0425154914809158,0.0165216981668838,0.96595771519995,404,564,1.00011094919962,564.799040202264,806.9998890508,564.200959797736
1965,1965.png,819,69,-0.00702244523173157,0.0237943106723863,0.530100660636473,1312,621,902.500003075781,621.550190281721,1721.49999692422,621.449809718279
1966,1966.png,900,57,1.93059390823034,0.0105381893149802,1.3662421890262,79,635,-370.744566399224,620.340019974488,528.744566399224,650.659980025512
1967,1967.png,806,64,-0.0855901129676351,0.00119302497833729,1.39863574825208,841,556,438.000449652388,557.10201297531,1243.99955034761,555.89798702469
1968,1968.png,802,55,-0.156841394477885,0.0258454547136274,1.1224753678855,839,559,438.001502416107,560.597695522656,1239.99849758389,558.402304477344
1969,1969.png,898,62,-1.21455970144127,0.00904199262622779,0.994705699865992,254,681,-194.899122908457,691.017218712316,702.899122908457,671.982781287684
1970,1970.png,878,62,1.18670246495198,0.0016673307595559,1.47825694162683,412,644,-26.9058419570426,635.408141225274,850.905841957043,653.591858774726
1971,1971.png,837,66,1.72971774806194,0.0204048966488927,0.717445102131586,127,693,-291.309305705023,680.867709606671,545.309305705023,706.132290393329
1972,1972.png,875,54,-1.57583367624102,0.0198187180948679,0.350855958534471,572,615,134.665461201929,627.531258216762,1009.33453879807,603.468741783239
1973,1973.png,891,60,-0.261577553082423,0.0111952104739483,0.973185432196136,589,584,143.504642721571,586.533873979509,1034.49535727843,582.466126020491
1974,1974.png,892,65,-0.527634707989169,0.0135852299576366,0.66587842705264,482,667,36.0189113808459,671.60713940282,927.981088619154,663.39286059718
1975,1975.png,842,67,-1.14591039487099,0.00391999225875157,0.404265647367261,923,666,502.084196429926,674.919400510649,1343.91580357007,658.080599489351
1976,1976.png,852,70,-1.88221375275739,0.00891384667584131,0.847898229701502,342,575,-83.7701560025765,589.491935446595,767.770156002576,561.508064553405
1977,1977.png,877,57,0.0367254955535632,0.000695011986576688,0.215680521045574,837,642,398.500090080264,642.218929931064,1275.49990991974,642.781070068936
1978,1978.png,822,69,-1.60225179258193,0.0207284365494013,1.13412299617022,87,632,-323.839305951903,643.991939999781,497.839305951903,621.008060000219
1979,1979.png,837,52,-0.914756064015226,0.0279582309865825,0.0296263950323049,955,629,536.55333613865,636.181280064954,1373.44666386135,622.818719935046
1980,1980.png,880,60,1.07421555563417,0.0121508418268577,1.34265898835761,475,629,35.0773299213622,621.25110001988,914.922670078638,637.74889998012
1981,1981.png,800,50,-0.478260972706938,0.00447211229307922,1.46315008991693,934,621,534.01393516434,624.838852689586,1333.98606483566,618.161147310414
1982,1982.png,826,51,1.46337818220372,0.0018865656215844,1.12513057048764,996,614,583.134698988333,603.952809827005,1408.86530101167,625.047190172995
1983,1983.png,815,69,1.96861027134469,0.00732101471187416,0.0367885936831511,1128,570,720.740507775303,556.501571771032,1535.2594922247,584.498428228969
1984,1984.png,873,67,0.639759054187225,0.00941792399294255,0.0969810068744726,992,569,555.527210552323,564.626185091304,1428.47278944768,574.373814908696
1985,1985.png,807,52,0.186859917068805,0.00183539719903767,0.321896052513062,1322,638,918.502145854134,637.184059392857,1725.49785414587,639.815940607143
1986,1986.png,859,69,-0.587589944306417,0.0168084468144334,0.662712825798413,1351,595,921.522585661305,599.904608149261,1780.4774143387,591.095391850739
1987,1987.png,885,62,0.780590600093375,0.0113587944055455,1.35542527323713,1386,636,943.5410655772,630.471621325759,1828.4589344228,642.528378674241
1988,1988.png,846,62,1.70885293177653,0.00812033685370983,0.699769520788071,988,569,565.188123170273,556.885848751356,1410.81187682973,582.114151248644
1989,1989.png,876,61,0.598175642318072,0.00571033045406517,1.4589421816822,708,644,270.023869996456,639.927304173867,1145.97613000354,649.072695826133
1990,1990.png,896,59,-1.61749194442516,0.00834662546832384,0.0277330401418158,1216,677,768.17850819684,690.145611064425,1663.82149180316,664.854388935575
1991,1991.png,814,56,-1.18761515716648,0.0248498889040317,0.450962750509281,1226,591,819.087428909787,599.935608380682,1632.91257109021,583.064391619318
1992,1992.png,814,70,0.891534216421433,0.0237022548999832,0.649817331458514,1107,631,700.049270437379,625.167251114213,1513.95072956262,637.832748885787
1993,1993.png,800,61,-1.18735474661217,0.0203964100677182,1.08087302776322,550,627,150.085887541983,635.788706588873,949.914112458017,619.211293411127
1994,1994.png,809,67,0.675132392640278,0.0214153361074849,0.873793599550987,1264,558,859.528081230352,553.733772267374,1668.47191876965,563.266227732626
1995,1995.png,820,50,1.76328783353055,0.0116170503858617,1.24977100279871,580,610,170.194142554962,597.884168527722,989.805857445038,623.115831472278
1996,1996.png,879,50,1.0427096555163,0.0256820392662999,0.850799723810626,64,579,-375.427222283835,571.502105532519,503.427222283835,587.497894467481
1997,1997.png,808,58,-1.82961633317467,0.000341368762729941,1.08758514632332,618,643,214.205963022831,656.39867053926,1021.79403697717,630.60132946074
1998,1998.png,814,70,-0.831886241774399,0.010632965674548,1.37267688961871,923,553,516.042898232916,559.409088029041,1329.95710176708,547.590911970959
1999,1999.png,879,53,0.585477509001806,0.0182692178981968,1.25976407933505,247,620,-192.477054354867,616.009042911635,686.477054354867,624.990957088365
2000,2000.png,879,51,1.15936992876916,0.0260068136239854,0.786585475898717,1027,675,587.589973137187,666.607402380544,1466.41002686281,684.392597619456
2001,2001.png,878,30,-1.39405596574846,0.00412913177909947,0.559321926962512,172,605,-266.870064370928,616.180196583288,610.870064370928,594.819803416712
2002,2002.png,857,22,1.51605695240274,0.00243540580095102,0.302974582428338,402,688,-26.3500034537179,677.163133537002,830.350003453718,699.836866462998
2003,2003.png,850,24,-1.79692476489584,0.0227165928019217,0.946148427988775,487,600,62.2089959451151,613.826772829264,911.791004054885,587.173227170736
2004,2004.png,808,29,-1.43321322169184,0.0137647135023499,0.762835323312179,484,641,80.1263877757933,651.604719143606,887.873612224207,631.395280856394
2005,2005.png,840,26,0.299832243357624,0.0188568056406814,1.14780274576012,151,680,-268.994249180891,678.302124894372,570.994249180891,682.697875105628
2006,2006.png,999,26,-0.658710602420779,0.00649268317364334,0.219181356403439,53,582,-446.46699005839,588.242459578591,552.46699005839,576.757540421409
2007,2007.png,889,20,1.08616533554622,0.00410241166908513,0.708718717695048,577,682,132.579868471913,674.07404648967,1021.42013152809,690.92595351033
2008,2008.png,972,25,1.510442859556,0.0160172040202708,0.221879617341307,1232,619,746.168866871638,606.689454218813,1717.83113312836,632.310545781187
2009,2009.png,910,28,-1.47026163048521,0.00518326888394649,1.02979145963503,511,683,56.1497964605898,695.174431042118,965.85020353941,671.825568957882
2010,2010.png,945,24,1.94318397206196,0.0299988165584562,0.884916659485658,806,666,333.77171446754,650.478254056646,1278.22828553246,682.521745943354
2011,2011.png,855,27,0.789552233643342,0.0134646403042882,1.21144914518744,1297,564,869.540589688555,558.609114142027,1724.45941031145,570.390885857973
2012,2012.png,951,27,1.5822023349524,0.0187039096154904,0.371582374485495,411,690,-64.3187108951621,677.370907382407,886.318710895162,703.629092617593
2013,2013.png,824,24,1.05667562418159,0.00949332412193487,1.17520506690249,822,661,410.070063692874,653.902133588481,1233.92993630713,669.097866411519
2014,2014.png,898,24,1.33969391053735,0.0183671915679087,0.976130334079329,142,558,-306.877266686127,548.002407304933,590.877266686127,568.997592695067
2015,2015.png,875,27,1.98633182291828,0.01431186211023,0.212133249199549,1070,580,632.762883240858,565.33577472626,1507.23711675914,595.66422527374
2016,2016.png,975,20,-1.9228548568769,0.026433366672995,0.186397839062241,399,655,-88.2254941496248,671.857501357296,886.225494149625,639.142498642704
2017,2017.png,917,30,-0.4646968079625,0.0279677124084293,0.325547942197736,199,556,-259.48492000917,560.218618585554,657.48492000917,552.781381414446
2018,2018.png,856,28,0.94765615247136,0.0109558274641019,0.140558275921526,483,629,55.0585410059585,622.42132257755,910.941458994041,636.57867742245
2019,2019.png,903,25,0.230081597594576,0.00707650933656217,0.228156765724595,24,673,-427.496359628723,671.686924708897,475.496359628723,675.313075291103
2020,2020.png,842,22,-1.0137899192435,0.0252562601115315,0.715313805393594,1041,645,620.065900914545,652.948773530996,1461.93409908546,638.051226469004
2021,2021.png,903,25,-1.92148773715654,0.0103679243948837,1.19079620909872,901,567,449.753873297787,582.638795733156,1352.24612670221,552.361204266844
2022,2022.png,942,26,-0.112323116646003,0.00810791224441912,0.610849119256412,578,601,107.000905073394,602.423351676214,1048.99909492661,600.576648323786
2023,2023.png,920,24,-0.0647554556351273,0.0187664905742819,1.09356108493357,943,649,483.000293788811,650.019890007673,1402.99970621119,648.980109992327
2024,2024.png,972,22,-1.0362222140191,0.0268154162486309,0.419041508708694,28,697,-457.920520529043,706.289068709698,513.920520529043,688.710931290302
2025,2025.png,804,20,0.664752068548551,0.00100586120207738,1.00593537894799,903,556,501.027056107499,551.836055489611,1304.9729438925,561.163944510389
2026,2026.png,840,23,-0.647120668204063,0.00908707847635932,0.932668556986696,796,680,376.026787979317,685.243541401813,1215.97321202068,675.756458598187
2027,2027.png,915,25,-1.18783759993401,0.0278729912643426,0.537350149505455,240,578,-217.401686214295,587.984062859306,697.401686214295,569.015937140694
2028,2028.png,935,28,-0.276241004100348,0.0273669547002459,0.0105915310190748,1328,619,860.505433526648,621.753956053885,1795.49456647335,617.246043946115
2029,2029.png,963,27,-0.303316836254571,0.0023120023554089,0.842469364616222,1072,696,590.506747036375,699.048990095498,1553.49325296362,693.951009904502
2030,2030.png,971,22,-0.286685150569634,0.0137652698969982,0.951972284892574,689,590,203.506077478966,592.929237563562,1174.49392252103,588.070762436438
2031,2031.png,867,20,0.977596998770512,0.0219569158847242,1.16511174149336,535,572,101.56309907961,565.103857726604,968.43690092039,579.896142273396
2032,2032.png,924,29,1.81596036149703,0.0010898104514275,1.47089748049514,185,694,-276.767970561859,679.859598257504,646.767970561859,709.140401742496
2033,2033.png,996,28,0.729658513604643,0.00909861491137074,0.0764109041635394,1168,610,670.040381971796,604.158169569787,1665.9596180282,616.841830430213
2034,2034.png,845,24,1.0793523575956,0.000277171869653186,0.526363083432532,925,556,502.57496613112,548.541309097863,1347.42503386888,564.458690902137
2035,2035.png,856,25,0.292203343015514,0.00902746652217658,0.646366404791317,877,645,449.005565932405,643.317247801758,1304.9944340676,647.682752198242
2036,2036.png,946,28,1.7234833267622,0.0155435715312987,0.950662845090261,289,556,-183.786022895887,542.274088630602,761.786022895887,570.725911369398
2037,2037.png,975,23,-1.82439440437698,0.0289282870026461,0.79197879173542,1074,655,586.747115580509,671.02020054271,1561.25288441949,639.97979945729
2038,2038.png,801,25,0.238302410792377,0.014764144354167,0.442312249232127,1306,630,905.503464044845,628.834260548162,1706.49653595515,632.165739451838
2039,2039.png,946,29,-1.32502676271816,0.0234409704387229,0.198497397704903,684,616,211.126478243305,627.437660692343,1156.87352175669,605.562339307657
2040,2040.png,936,24,1.25999001738589,0.0203766764012155,0.461264348478031,315,663,-152.886841469502,653.20905350839,782.886841469502,673.790946491609
2041,2041.png,865,29,-1.0834661929932,0.00824723080714241,1.3197204635088,114,610,-318.422673449111,618.678110241583,546.422673449111,602.321889758417
2042,2042.png,993,27,0.236851310618551,0.0182560519800186,0.472265769992266,1103,685,606.504242237302,683.447556664822,1599.4957577627,687.552443335178
2043,2043.png,913,29,-0.892052005245844,0.0240590867245207,0.980852345683908,1104,653,647.555326996703,660.607073020088,1560.4446730033,646.392926979912
2044,2044.png,948,21,-0.814056594858521,0.0205979521149248,1.4441541951934,473,588,-0.95215847956886,595.23435019565,946.952158479569,581.76564980435
2045,2045.png,826,26,0.585436473495697,0.00436636482172462,0.26980800362823,167,646,-245.978440903083,642.280124497245,579.978440903083,650.719875502755
2046,2046.png,800,26,-0.635957157362486,0.0297053599465889,0.884882591274484,656,585,256.024639732633,589.939727355381,1055.97536026737,581.060272644619
2047,2047.png,898,20,-1.18152643961332,0.0211883742783134,0.833918523719515,1125,642,676.095464648815,651.758409211975,1573.90453535119,633.241590788025
2048,2048.png,981,25,-0.52858108671299,0.021583267254036,0.41918891235707,144,634,-346.47912704629,639.025033912493,634.47912704629,629.974966087507
2049,2049.png,1000,25,-1.07901321957526,0.0141929172988312,0.167007907272854,344,601,-155.911338425525,610.915610102378,843.911338425525,592.084389897622
2050,2050.png,937,25,-1.69287567085818,0.0175941085857027,0.337816165820772,696,577,227.704480956238,591.340406191051,1164.29551904376,563.659593808949
2051,2051.png,919,28,-1.75043699044196,0.000659877221468426,0.66736930853558,1173,628,713.714422048266,642.535949755606,1632.28557795173,614.464050244394
2052,2052.png,901,22,1.44578364363817,0.0276945362932159,0.326985538679534,1080,598,629.643417816029,587.133431319334,1530.35658218397,609.866568680666
2053,2053.png,975,22,-0.65523346527092,0.00616691501104142,0.465018777671466,867,666,379.53187768444,672.074919384322,1354.46812231556,660.925080615678
2054,2054.png,831,24,1.72369509329648,0.0267690696795212,1.4314093212248,1121,684,705.688011278646,672.001919174763,1536.31198872135,696.998080825237
2055,2055.png,834,26,1.32251970940696,0.0179579249683329,1.23780423971418,1305,690,888.111082544161,680.8755258586,1721.88891745584,700.1244741414
2056,2056.png,979,26,-1.17277462341643,0.0139075089611142,0.591637934867261,233,649,-256.397460453409,659.518767476792,722.397460453409,639.481232523208
2057,2057.png,902,30,0.33262040979189,0.0263178652082423,0.117154453837906,1024,644,573.007599724525,641.881814795397,1474.99240027548,647.118185204603
2058,2058.png,845,22,-1.67314022997858,0.0059417010127149,0.0739030623843873,1016,572,593.680129678649,584.83600955567,1438.31987032135,560.16399044433
2059,2059.png,940,24,-0.259962861284465,0.0101201950176163,0.682321012463321,593,575,123.004837761669,577.632480378642,1062.99516223833,573.367519621358
2060,2060.png,868,21,0.739583414589069,0.0191017668242639,1.10672968877017,1268,610,834.036156198797,604.898011666801,1701.9638438012,616.101988333199
2061,2061.png,818,25,-0.517521091046265,0.0274055570888432,1.16445132366965,801,576,392.016684039228,580.194220585091,1209.98331596077,572.80577941491
2062,2062.png,911,24,0.323881468780519,0.0151202961390145,0.729021067665076,681,550,225.507277532684,547.925164216345,1136.49272246732,553.074835783655
2063,2063.png,892,22,-0.845495605706446,0.00108193714120696,1.16002797533959,1221,610,775.048559524652,617.081241369411,1666.95144047535,603.918758630589
2064,2064.png,988,26,-1.48846807148769,0.00191071559053617,0.160700331392069,254,589,-239.83331124241,602.332018834045,747.83331124241,576.667981165955
2065,2065.png,906,24,0.523714093818459,0.00117938966231725,0.00727914259869261,1279,551,826.018923803977,547.359395177927,1731.98107619602,555.640604822073
2066,2066.png,988,20,1.2041602468871,0.0289500374640233,0.299212857347875,1099,609,605.109094856217,599.118583128762,1592.89090514378,619.881416871238
2067,2067.png,809,22,0.21907605238337,0.0158075837340626,0.983777645827482,421,622,16.5029568721688,620.953358205169,825.497043127831,624.046641794831
2068,2068.png,817,28,-0.0990746604493897,0.0191882058026087,0.627792301241972,950,632,541.500610719627,633.206369281796,1358.49938928037,631.793630718204
2069,2069.png,857,20,0.0790676479473573,0.00633232760597345,0.435082991092997,1361,697,932.500408012188,696.908674134817,1789.49959198781,698.091325865183
2070,2070.png,909,26,1.17012679011537,0.0203096683288342,0.180767272926332,367,643,-87.4052215989582,634.218589352816,821.405221598958,652.781410647184
2071,2071.png,885,25,1.45385074232671,0.0112625465426037,0.546473184515282,1322,600,879.642447344413,589.27299645677,1764.35755265559,611.72700354323
2072,2072.png,893,21,-0.0774256334328651,0.0192370566766498,0.572669886314125,558,611,111.500407676493,612.103369656544,1004.49959232351,610.896630343456
2073,2073.png,864,20,-0.42272012616527,0.0124421620344185,0.176464080246828,657,592,225.011757429071,595.687205747992,1088.98824257093,589.312794252008
2074,2074.png,988,29,0.737504401623764,0.00504675582017628,0.459636448100584,555,592,61.0409237031146,586.141466841498,1048.95907629689,598.858533158502
2075,2075.png,858,23,-0.33497109465167,0.0147324961650587,0.1141377726647,1380,603,951.007331544242,606.008069219188,1808.99266845576,600.991930780812
2076,2076.png,855,24,-0.922176883233708,0.0189782321753581,1.32049453399795,6,635,-421.444629308682,642.380325222237,433.444629308682,628.619674777763
2077,2077.png,840,25,1.28901157712961,0.00717300016544289,0.767113044373691,116,657,-303.893715643362,648.051848688175,535.893715643362,666.948151311825
2078,2078.png,885,25,-1.94298414284548,0.00669417654350817,0.762059976470914,301,611,-141.245589572829,626.502949822645,743.245589572829,596.497050177355
2079,2079.png,839,28,-1.60199941566848,0.0205470287689895,1.45857051426736,142,672,-277.336034258281,684.227760764013,561.336034258281,660.772239235987
2080,2080.png,851,21,0.0148482422388527,0.0279528290251309,0.805218420609953,243,621,-182.499985711903,621.389731371916,668.499985711903,621.610268628084
2081,2081.png,975,30,-1.36065161876411,0.0169484782679209,0.586570212235417,178,554,-309.362541109428,566.075989087818,665.362541109428,542.924010912182
2082,2082.png,904,27,1.90103572984343,0.0210487528438836,1.12755923836778,961,620,509.248773371041,605.505693106027,1412.75122662896,635.494306893973
2083,2083.png,997,22,0.898327275734023,0.0154674833844631,0.584716557058653,321,673,-177.438729675839,665.684454009106,819.438729675839,681.315545990894
2084,2084.png,998,22,0.376482944679215,0.0233723618055844,1.38032448009722,746,654,247.010772446253,651.221160980639,1244.98922755375,657.778839019361
2085,2085.png,930,25,-0.829302239582625,0.00994860478226994,0.217443927581164,1291,562,826.048707494129,569.230200377369,1755.95129250587,555.769799622631
2086,2086.png,998,27,1.57149237950865,2.68427172725283e-05,0.331457838599237,1039,551,540.187681997854,537.815285559199,1537.81231800215,565.184714440801
2087,2087.png,822,26,-1.08599603700592,0.0201381960914247,0.496775992540739,255,573,-155.926173880709,581.289712431259,665.926173880709,565.710287568741
2088,2088.png,973,29,-0.801558180496619,0.0121915255317783,0.839566907300774,1255,557,768.547606976719,564.305829995193,1741.45239302328,550.694170004807
2089,2089.png,896,28,1.77055479991864,0.0267508032547804,0.643877913754559,878,606,430.213888255862,592.658102403718,1325.78611174414,620.341897596282
2090,2090.png,937,27,0.288124817450091,0.00312274925123574,1.18806972572267,82,680,-386.49407627683,678.144051460716,550.49407627683,682.855948539284
2091,2091.png,807,22,1.42547494318145,0.00592032573315462,0.0774464371081003,582,567,178.62487199564,557.462265820099,985.37512800436,577.537734179901
2092,2092.png,991,22,-0.883155313252979,0.00816367104818926,0.849610445691097,447,590,-48.4411381413031,598.137318721273,942.441138141303,582.862681278727
2093,2093.png,861,28,1.06046311343533,0.0182523142699541,0.465983653458447,1220,696,789.573735500257,688.532514273773,1650.42626449974,704.467485726227
2094,2094.png,869,25,1.97159283309677,0.00511878090345161,0.195607655353673,514,567,79.7572208253161,552.551463795853,948.242779174684,582.448536204147
2095,2095.png,903,25,-0.547536138177861,0.0158817214708338,0.74867269507483,566,588,114.520616017117,592.814607564558,1017.47938398288,584.185392435442
2096,2096.png,835,24,-0.537676307756773,0.0222362165135993,0.0474842120607943,893,609,475.51838314583,613.417855131026,1310.48161685417,605.582144868974
2097,2097.png,958,25,1.2232526132377,0.0265456899268515,0.0716339462357866,1062,649,583.109163150436,639.274229538825,1540.89083684956,659.725770461175
2098,2098.png,974,20,-0.68490889604311,0.0270223578647712,1.47742511472914,499,675,12.0347947838896,681.321418111724,985.96520521611,669.678581888276
2099,2099.png,969,23,-0.389294181190255,0.0175058968271385,0.560391626406935,971,625,486.511183369514,628.791893071016,1455.48881663049,622.208106928984
2100,2100.png,865,20,-0.832156558496814,0.0196341241365042,0.999761927935075,108,650,-324.454384409869,656.781353729982,540.454384409869,644.218646270018
2101,2101.png,1000,28,-1.77649130592228,0.0139318097847514,1.35033229924505,742,558,242.240317902069,574.000327395727,1241.75968209793,542.999672604273
2102,2102.png,878,21,-1.08615510128957,0.0222117369503503,0.930683164731046,869,557,430.078878736678,565.82161696717,1307.92112126332,549.17838303283
2103,2103.png,863,29,-1.28523881143404,0.0261650021706111,1.01748041113988,1295,653,863.608556289992,663.178444802519,1726.39144371001,643.821555197481
2104,2104.png,811,27,1.68078829186817,0.00698124422168828,1.40521282810846,638,639,232.674465870423,627.606246068924,1043.32553412958,651.393753931076
2105,2105.png,961,21,-0.144833142001386,0.00480138205296683,0.267470587382966,372,664,-108.498464839438,665.71461390715,852.498464839438,663.28538609285
2106,2106.png,900,20,0.365105063160781,0.0124685857147641,0.648514328350608,1156,624,706.009136324053,621.632490945912,1605.99086367595,627.367509054088
2107,2107.png,990,22,-1.86358506047639,0.0026736586160929,0.888638300100108,222,699,-272.738187672734,715.59738047941,716.738187672734,683.40261952059
2108,2108.png,801,22,1.52001865005957,0.01883065975316,0.620576221243528,385,644,-15.3590712430009,633.876249558573,785.359071243001,655.123750441427
2109,2109.png,864,27,0.965468068222802,0.0280481247060298,1.0827548258755,1067,577,635.061330151737,570.220886749506,1498.93866984826,584.779113250494
2110,2110.png,998,26,1.862942367206,0.0167371001301874,0.997689923962818,1060,664,561.263745988546,648.278134058554,1558.73625401145,680.721865941446
2111,2111.png,960,23,-1.67170805955039,0.0126666144770625,0.987127576910589,482,556,2.20429420146949,570.502881749481,961.795705798531,542.497118250519
2112,2112.png,871,22,-1.1463294236243,0.0299820392675912,1.04249013667919,779,666,343.587160014063,675.212564225325,1214.41283998594,657.787435774675
2113,2113.png,956,28,-1.20458741931351,0.0225626658989785,1.0658362753699,1177,603,699.105636325331,613.548739621609,1654.89436367467,593.451260378391
2114,2114.png,913,29,0.221638564422465,0.0265814515419079,0.273567412044802,688,662,231.503415510595,660.734115092206,1144.4965844894,664.265884907794
2115,2115.png,899,27,1.04575143476153,0.029058819054869,0.376731203653586,369,663,-80.4251314680444,655.296268840885,818.425131468044,671.703731159115
2116,2116.png,904,25,-0.984107465909159,0.0162202903245628,0.632437862979909,1283,638,831.066671089263,646.26313207797,1734.93332891074,630.73686792203
2117,2117.png,834,24,0.308552342201758,0.0282263160964639,0.34245036221427,747,685,330.006046686324,683.254359816996,1163.99395331368,687.745640183004
2118,2118.png,808,22,1.8223584340199,0.0269148989119503,0.77118426620539,1043,635,639.204332333298,622.652479865642,1446.7956676667,648.347520134358
2119,2119.png,893,25,-0.947299315201203,0.014832097757374,1.39917053525333,581,629,134.561025417085,636.881867877137,1027.43897458291,622.118132122863
2120,2120.png,940,20,-0.0634620322192867,0.0230735418192347,0.761357264802574,1168,648,698.000288303891,649.020581957306,1637.99971169611,647.979418042694
2121,2121.png,821,27,1.08965804397953,0.0265108917960778,0.947559878520506,403,652,-7.42576558859738,644.693532103846,813.425765588597,660.306467896154
2122,2122.png,964,22,0.716162398484041,0.0142164457922711,0.838198151453852,291,614,-190.962347904338,608.475450013638,772.962347904338,620.524549986362
2123,2123.png,984,28,1.72684171529095,0.00034361288134112,1.0090974224457,521,551,29.2234405696827,536.673820624329,1012.77655943032,566.326179375671
2124,2124.png,974,24,-0.133758494087126,0.0249648642676901,1.08826926953214,509,603,22.0013270773741,604.636913189849,995.998672922626,602.363086810151
2125,2125.png,839,24,-1.084803207298,0.0178392487528886,1.36376799075695,1009,645,589.575187501295,653.442081617929,1428.42481249871,637.557918382071
2126,2126.png,896,30,-1.62030583208749,0.0272777617355764,1.30653798576161,283,680,-164.820870216849,693.167604281153,730.820870216849,667.832395718847
2127,2127.png,878,26,1.68640986437329,0.0077345288777626,1.39829507564871,286,582,-152.809855322191,569.580600938201,724.809855322191,595.419399061799
2128,2128.png,919,30,0.68973960834129,0.013039386681746,0.457718064170757,767,655,307.533294718136,649.968568229738,1226.46670528186,661.031431770262
2129,2129.png,825,24,-0.469970667283053,0.0262368805500778,0.356536348757567,695,626,282.513876749958,629.883507965306,1107.48612325004,623.116492034694
2130,2130.png,836,26,0.219702893816703,0.027091012468384,0.0334956338918213,81,648,-336.996926932896,646.897166678911,498.996926932896,650.102833321089
2131,2131.png,892,27,1.76605059397351,0.0123685016237102,0.477221624090313,1297,679,851.211851476713,665.754941390453,1742.78814852329,693.245058609547
2132,2132.png,801,22,-1.53200393710978,0.0238547175791723,1.3444874067542,425,574,24.6431598213437,585.207498408211,825.356840178656,563.792501591789
2133,2133.png,986,27,-1.22560959790188,0.00735621295141201,0.0222207372425322,510,597,17.1127870935452,608.044920734986,1002.88721290645,586.955079265014
2134,2134.png,864,21,0.460968063377629,0.00726267922924385,0.792227092773536,832,581,400.013981308523,578.024420179731,1263.98601869148,584.975579820269
2135,2135.png,958,29,0.492768819304033,0.00927478388980349,0.296098957580069,705,582,226.017715116581,578.380440817346,1183.98228488342,586.619559182654
2136,2136.png,939,26,1.98988395353571,0.0165532358956043,0.297948751252149,751,664,281.783121064487,648.197530186611,1220.21687893551,680.802469813389
2137,2137.png,834,25,0.351360432782279,0.0163307028600373,0.0453278313785281,1277,551,860.007840886011,548.942806723488,1693.99215911399,554.057193276512
2138,2138.png,855,27,-0.264706849385396,0.00929525375552482,0.433679433619637,756,680,328.504562369382,682.475045570724,1183.49543763062,678.524954429276
2139,2139.png,936,28,0.932412578333792,0.0052726445741848,1.33805017232874,1224,599,756.061969394842,591.884258843309,1691.93803060516,607.115741156691
2140,2140.png,919,29,0.253924116945231,0.010696658636386,0.931759464996539,1081,643,621.504512502401,641.463589102317,1540.4954874976,645.536410897683
2141,2141.png,904,26,-1.30230198697486,0.0213214033676112,0.683447142101715,862,564,410.116752955511,574.772830210297,1313.88324704449,554.227169789703
2142,2142.png,991,23,0.505794139924298,0.0167108465964451,0.601294866230097,559,616,63.5193069274519,612.125895251908,1054.48069307255,620.874104748092
2143,2143.png,963,23,-0.0142491271831804,0.0224619984543564,0.36690035553537,1052,649,570.500014890098,649.619746248786,1533.4999851099,649.380253751214
2144,2144.png,951,21,1.67895243366439,0.00637382583852894,1.15020312048679,1287,695,811.704136642989,681.568299611541,1762.29586335701,709.431700388459
2145,2145.png,802,25,-0.52529628428202,0.0231121497798529,0.732191991906198,602,686,201.016852903255,690.176376529937,1002.98314709675,682.823623470063
2146,2146.png,948,22,0.21280051161992,0.0289173655359836,1.12715187866629,35,598,-438.996730751618,596.739535067579,508.996730751618,600.260464932421
2147,2147.png,966,24,1.47286209545921,0.00987898611240703,1.35368242506156,851,604,368.159577672242,592.085227897684,1333.84042232776,616.914772102316
2148,2148.png,994,30,-0.545212606927566,0.00450204763538904,0.498622317837192,301,569,-195.977498595336,574.229258918957,797.977498595336,564.770741081043
2149,2149.png,913,25,1.89980234326078,0.0150937996159202,0.600386884177188,1222,647,765.750924212002,632.366235015765,1678.249075788,662.633764984235
2150,2150.png,949,25,-0.212764647828072,0.00812955201308263,0.987847758167462,931,672,456.503271593939,674.262024955865,1405.49672840606,670.737975044135
2151,2151.png,923,22,-0.879328628782305,0.0247515266472381,0.973064517976854,375,656,-86.445651151575,663.582445432114,836.445651151575,649.417554567886
2152,2152.png,841,28,-0.421970717065526,0.0171840935716968,0.702982744998846,637,555,216.511403900105,558.596861304511,1057.48859609989,552.403138695489
2153,2153.png,978,23,-1.30348790582211,0.0130632824226691,0.418511871741207,963,638,474.126540305638,649.623866524938,1451.87345969436,627.376133475062
2154,2154.png,952,26,-0.10059170091764,0.00711230963138128,0.872050469165707,530,689,54.0007335941918,690.335692008135,1005.99926640581,688.664307991865
2155,2155.png,955,20,-0.617884996225475,0.023645648603095,1.37774596631029,995,650,517.527765737002,655.649321110653,1472.472234263,645.350678889347
2156,2156.png,827,21,0.608051573985689,0.021082961391142,0.351019948760347,1394,554,980.523285041237,550.111812799127,1807.47671495876,558.888187200873
2157,2157.png,946,27,1.04631091665694,0.0087671375819379,0.436597027244052,958,615,485.078867000536,606.862757239526,1430.92113299946,624.137242760474
2158,2158.png,857,27,-0.692346088944052,0.00023640110644735,0.478213952352052,129,622,-299.46871639687,627.677747504355,557.46871639687,617.322252495645
2159,2159.png,833,23,-1.45675274656099,0.00696906101607347,0.52446985831107,450,574,33.634613321692,585.088426522531,866.365386678308,563.911573477469
2160,2160.png,998,30,-0.903928914909661,0.017913492986996,1.41518901591289,140,571,-358.93790096737,579.372164776895,638.93790096737,563.627835223105
2161,2161.png,990,25,-0.296810337290481,0.0086992639706913,0.245644976836349,185,697,-309.993358181368,700.064245762718,679.993358181368,694.935754237282
2162,2162.png,964,22,-0.612435151594776,0.0141661408771126,0.190172765967632,1398,556,916.02753517634,561.652004639537,1879.97246482366,551.347995360463
2163,2163.png,895,28,-0.587424315600259,0.00512286889202205,0.920926501013517,854,569,406.523518943788,574.08790818886,1301.47648105621,564.91209181114
2164,2164.png,951,21,-0.213924857934565,0.0166337371961695,1.31158692186784,362,658,-113.496685658455,660.275366954987,837.496685658454,656.724633045013
2165,2165.png,866,27,-1.79123176461346,0.00491222928338778,0.598131145045093,266,628,-166.788416972172,642.034627247217,698.788416972172,614.965372752783
2166,2166.png,806,22,-1.21337403222763,0.00995815876666316,1.13996989294917,183,628,-219.909634439431,637.033842972759,585.909634439432,619.966157027241
2167,2167.png,938,26,-1.76217772988986,0.0169068948955826,1.3620916575097,887,640,418.221800624594,654.922197833633,1355.77819937541,626.077802166367
2168,2168.png,804,20,-0.355845543180427,0.00781902444739354,0.102692243671723,416,609,14.007753047742,611.996675844955,817.992246952258,607.003324155045
2169,2169.png,942,26,1.96525149127725,0.0206101818088583,0.130659406695951,716,552,245.277037995588,536.347816191217,1186.72296200441,568.652183808783
2170,2170.png,955,24,-1.35360599518661,0.00730277140211727,1.4646538762448,981,642,503.633248538469,653.779831517584,1458.36675146153,631.220168482416
2171,2171.png,841,26,1.84144656654335,0.0168974027605114,0.313164493798096,59,691,-361.282844117208,677.987748494398,479.282844117208,705.012251505602
2172,2172.png,877,29,-1.44682780588685,0.0219814581407494,0.257509144168957,1241,613,802.639799285823,624.571785304398,1679.36020071418,602.428214695602
2173,2173.png,804,22,0.0370388419552796,0.00278150073822028,0.609555465686976,879,552,477.000083997348,552.240127221315,1280.99991600265,552.759872778685
2174,2174.png,823,29,1.3005779013876,0.0183886504483553,1.49382119583497,850,601,438.606010448528,592.160012798548,1261.39398955147,610.839987201452
2175,2175.png,883,22,1.68163238255808,0.00818620408742067,1.09784705931232,205,689,-236.309854349808,676.543825651386,646.309854349807,702.456174348614
2176,2176.png,993,26,-0.250555734602665,0.02288315809217,1.29681181357957,1090,615,593.504747358123,617.671198765329,1586.49525264188,613.328801234671
2177,2177.png,916,21,-0.972011745191686,0.0292910986874936,0.582121166440773,961,627,503.065905677203,635.269508141413,1418.9340943228,619.730491858587
2178,2178.png,820,25,-1.95387096118305,0.0182424967744232,0.212058163777476,1323,648,913.238373660391,662.478897650327,1732.76162633961,634.521102349673
2179,2179.png,882,29,0.629917232813026,0.0206112556621858,0.593476729305518,836,673,395.026651762454,668.651686461483,1276.97334823755,678.348313538517
2180,2180.png,923,24,1.11144795274597,0.0230628595090719,0.743397482083871,1297,628,835.586828257708,619.548187741148,1758.41317174229,637.451812258852
2181,2181.png,827,26,1.34903654412441,0.0274541940025942,0.138373278611306,1028,647,614.614611347548,637.764988512514,1441.38538865245,657.235011487486
2182,2182.png,885,22,-1.28211926803575,0.0261852304094588,0.177362777169797,327,650,-115.389216075475,660.40108580542,769.389216075475,640.59891419458
2183,2183.png,801,30,-0.0429504477084093,0.0108753591724125,1.09366214036062,1311,656,910.500112528526,656.800225476333,1711.49988747147,656.199774523667
2184,2184.png,857,23,1.29778543099563,0.0105227679970453,0.377396525339795,20,651,-408.390083526407,641.795035484965,448.390083526407,661.204964515035
2185,2185.png,904,26,0.184442328760551,0.00512601695785418,0.722327657403918,146,617,-305.997658015625,616.044957598602,597.997658015625,618.955042401398
2186,2186.png,818,23,0.328371798250218,0.0270918911833269,0.301949514817497,1108,628,699.006717049695,626.155964690681,1516.99328295031,630.844035309319
2187,2187.png,842,23,-0.354990111989965,0.010169776169384,1.31192420760471,810,612,389.008080494864,615.108392489837,1230.99191950514,609.891607510163
2188,2188.png,897,28,0.390896832330333,0.0275935586411046,0.544485360684003,447,621,-1.48956217996713,618.440160850398,895.489562179967,624.559839149602
2189,2189.png,919,20,-1.11855386833603,0.00513997108687365,0.699042951400652,66,570,-393.412439089291,579.469994984881,525.412439089291,561.530005015119
2190,2190.png,871,23,1.14696802925752,0.00140123672117224,1.17466708667566,473,648,37.5872571493528,639.782582763446,908.412742850647,657.217417236554
2191,2191.png,812,26,-0.437131224192162,0.0262638747556384,0.039948689210305,1312,564,906.01181605013,567.597497875156,1717.98818394987,561.402502124844
2192,2192.png,821,27,-0.300536740080831,0.0221968352022973,1.30207954440887,578,610,167.505647185423,612.653208615402,988.494352814577,608.346791384598
2193,2193.png,880,30,0.150481212437426,0.0246984827406679,0.0937842067980166,878,631,438.00151754553,630.34438857601,1317.99848245447,632.65561142399
2194,2194.png,820,20,-0.042101901109044,0.00669169819496138,1.43881677867496,656,578,246.000110690918,578.801274859125,1065.99988930908,578.198725140875
2195,2195.png,929,22,-1.7557456265409,0.00710101209033645,1.11813957730461,473,623,8.71807187799048,637.731697695961,937.28192812201,609.268302304039
2196,2196.png,923,21,-1.35309756394977,0.0294903402950697,1.4005234974184,729,603,267.62868694315,614.397774460766,1190.37131305685,592.602225539234
2197,2197.png,927,28,-1.62625512944901,0.0260711611567931,0.100248752631831,766,578,302.686690698288,591.653988896765,1229.31330930171,565.346011103235
2198,2198.png,898,25,1.25318941386314,0.0181326776760499,0.259616008553881,775,670,326.107395776364,660.680128650419,1223.89260422364,680.319871349581
2199,2199.png,976,26,0.581484228685482,0.00164913684883488,0.111465373401721,1387,619,899.025131401818,614.547463620846,1874.97486859818,624.452536379154
2200,2200.png,889,27,0.0183392757726923,0.0219574920639918,0.0518623737534585,1376,675,931.500022769886,675.357724111426,1820.49997723011,675.642275888574
2201,2201.png,900,24,0.929583990515662,0.0284770354149122,0.192515687696276,344,551,-105.940775009744,544.199384708759,793.940775009744,558.800615291241
2202,2202.png,826,21,-1.7426653912643,0.0229758279825963,0.682217019892642,748,558,335.191015814022,571.059561112585,1160.80898418598,545.940438887415
2203,2203.png,823,27,0.641772348170238,0.00626268193067813,1.34506894220886,344,645,-67.4741861941032,640.890868205344,755.474186194103,650.109131794656
2204,2204.png,970,30,-1.61404454483693,0.0106589805473939,0.156282913482847,277,626,-207.807571767713,640.160832942893,761.807571767713,612.839167057107
2205,2205.png,830,22,1.5928759854318,0.0266554087766415,1.04368848924134,90,556,-324.839635293503,544.964099967789,504.839635293503,568.035900032211
2206,2206.png,1000,21,1.95794119887493,0.0164477051225506,0.0431290845595833,848,565,348.291911880398,548.417065010601,1347.7080881196,582.582934989399
2207,2207.png,1000,22,0.110937810734863,0.0121562305220375,0.471590154473058,67,689,-432.999062753579,688.53188557377,566.999062753579,690.46811442623
2208,2208.png,889,28,1.41499036261719,0.0147655434437781,0.0317172943338117,997,618,552.63554434255,607.523636838256,1441.36445565745,629.476363161744
2209,2209.png,981,23,1.55785367071666,0.0286643242583822,1.16780047252905,80,570,-410.318703124448,557.165107186048,570.318703124448,583.834892813952
2210,2210.png,991,21,0.789121077422117,0.0165429669684774,1.17563609807873,485,587,-10.4530053066226,580.675812675798,980.453005306623,594.324187324202
2211,2211.png,821,20,-1.84711226549775,0.0212221474848849,0.367987985757439,681,615,270.713298043317,628.731485083235,1091.28670195668,602.268514916765
2212,2212.png,821,20,0.165717618356559,0.0221724378356203,1.33916554040211,30,570,-380.49828298154,569.312705088111,440.49828298154,571.687294911889
2213,2213.png,865,20,0.315825544433354,0.00210213234080125,0.632395868276371,360,686,-72.4934294116607,684.115987470497,792.493429411661,688.884012529503
2214,2214.png,894,22,-1.9473178847265,0.0260333895093595,0.604705022034652,116,647,-330.741854735844,662.689312926478,562.741854735844,632.310687073522
2215,2215.png,831,23,-0.157034174394588,0.0274465994559515,0.504943211856341,139,558,-276.498439427869,559.638785759225,554.498439427869,557.361214240775
2216,2216.png,915,29,-0.688591996934811,0.0269015846448096,0.211338999161045,1003,599,545.533039582616,604.998193019467,1460.46696041738,594.001806980533
2217,2217.png,950,25,-0.46295412251729,0.0255351747352653,0.667597165733756,997,690,522.015505718591,694.337993256173,1471.98449428141,686.662006743827
2218,2218.png,934,23,-0.803433290238019,0.0186575289641099,1.1928024498824,962,696,495.045912839129,703.048319155115,1428.95408716087,689.951680844885
2219,2219.png,816,21,-0.0415486180167828,0.0282970409172156,1.26817407945613,1092,675,684.000107274883,675.79586532916,1499.99989272512,675.20413467084
2220,2220.png,938,29,1.26195149426766,0.00846844189041728,0.0864719849250586,981,561,512.113753652404,551.171012340934,1449.8862463476,571.828987659066
2221,2221.png,990,20,1.27689148848005,0.0104550164924631,0.682004024880095,155,599,-339.877080737011,588.469362610727,649.877080737011,610.530637389273
2222,2222.png,862,20,0.742599843929586,0.0218253852896545,0.495775160902639,204,586,-226.963800244486,580.914046291732,634.963800244486,592.085953708268
2223,2223.png,871,30,0.3111077407654,0.0123640244111625,0.709607170749605,952,583,516.506419976908,581.135310026569,1387.49358002309,585.864689973431
2224,2224.png,875,24,-1.14165279977055,0.0286084472106279,0.810435644743255,1008,665,570.586847339749,674.216873282298,1445.41315266025,656.783126717702
2225,2225.png,901,28,-1.38850077103778,0.0118891990166342,1.44175018385383,1130,594,679.6322788866,605.416307943749,1580.3677211134,583.583692056251
2226,2226.png,975,27,0.62279397048986,0.0128829594722928,0.868634027954475,110,588,-377.471200570671,583.201074241999,597.471200570671,593.798925758001
2227,2227.png,875,28,-0.101119195371911,0.0085357440894468,0.841264003995675,640,582,202.500681349426,583.272127116261,1077.49931865057,581.727872883739
2228,2228.png,823,26,0.795130544878674,0.00192441251340323,0.530999628801303,882,670,470.539624562793,664.789531974305,1293.46037543721,676.210468025695
2229,2229.png,823,28,-1.4790394402452,0.0293923416176229,0.800342302306229,936,607,524.637097637967,618.121325731028,1347.36290236203,596.878674268972
2230,2230.png,812,30,-1.88365949806029,0.0133410472230139,0.0678799372329731,1376,609,970.219389811803,622.845276141568,1781.7806101882,596.154723858432
2231,2231.png,842,30,-0.224120243787171,0.0182092051717729,1.32343235797192,563,693,142.00322083483,695.146794629867,983.99677916517,691.853205370133
2232,2232.png,994,21,-1.12754762733717,0.0234520845859714,0.0310312345242345,1383,604,886.096235853633,614.280039732634,1879.90376414637,594.719960267366
2233,2233.png,920,23,-0.995733569760643,0.00147556237114423,1.38741945515414,306,612,-153.930536295811,620.493859058545,765.930536295811,604.506140941455
2234,2234.png,827,25,1.6387072565266,0.0269552792441817,1.04655103665917,1194,699,780.669111601449,687.675166146446,1607.33088839855,711.324833853554
2235,2235.png,815,30,1.29790030706146,0.0280506257202221,0.696007316727669,1360,684,952.604548173918,675.269841202746,1767.39545182608,693.730158797254
2236,2236.png,894,24,-1.46057864626874,0.0186319116602876,0.595268629366628,247,577,-199.854769230648,588.893648047228,693.854769230648,566.106351952772
2237,2237.png,865,28,0.4900743105016,0.0112281456241367,0.866130483147157,497,604,64.5158209325382,600.800695154,929.484179067462,608.199304846
2238,2238.png,883,20,-0.515248273943828,0.0133623607787319,1.18553923891039,594,605,152.517851947946,609.470258347287,1035.48214805205,601.529741652713
2239,2239.png,839,20,-0.924236371997596,0.0274359845568372,0.0031647401179582,1305,551,885.554577469866,558.266647509486,1724.44542253013,544.733352490514
2240,2240.png,882,21,0.521247450058569,0.0127571590955983,1.19072670465095,1266,563,825.018249384457,559.488064799789,1706.98175061554,567.511935200211
2241,2241.png,887,26,-0.0777728794685637,0.0217256880511657,0.642334881831921,977,636,533.500408577695,637.1020035288,1420.49959142231,635.8979964712
2242,2242.png,905,22,-0.740555489191997,0.010434948033693,1.1822740908617,686,626,233.537796578522,632.34845919718,1138.46220342148,620.65154080282
2243,2243.png,975,27,-0.12958696529831,0.0252544398068486,0.444404116456472,1392,614,904.501246871831,615.602587175885,1879.49875312817,613.397412824115
2244,2244.png,862,22,-0.696526305311655,0.00337111423843691,0.948273688235677,613,673,182.031847233112,678.739398886949,1043.96815276689,668.260601113051
2245,2245.png,944,30,1.29737700202341,0.00917885794478234,1.35702795357867,830,684,358.12099866316,673.813181139983,1301.87900133684,695.186818860017
2246,2246.png,972,28,0.413753803866225,0.0212042734683447,0.861524598876856,390,669,-95.9873280596331,665.990446544284,875.987328059633,673.009553455716
2247,2247.png,969,25,-0.384556446240921,0.00190880622953252,0.985935785912079,778,561,293.510912822266,564.751831128219,1262.48908717773,558.248168871781
2248,2248.png,951,27,1.46537013803131,0.0112448335995622,0.29921942065537,309,559,-166.344494318171,547.340159482873,784.344494318171,571.659840517127
2249,2249.png,946,28,1.69544615860769,0.00292027716354133,1.15685069751394,835,566,362.20707238953,552.505443861241,1307.79292761047,580.494556138759
2250,2250.png,813,30,-1.25910820463333,0.0153067059706474,0.113804379738788,1359,660,952.598150817115,669.432355833244,1765.40184918288,651.567644166756
2251,2251.png,907,11,-0.39296030527411,0.022038003325944,1.04317430698865,798,569,344.510665904568,572.610283215652,1251.48933409543,566.389716784348
2252,2252.png,1090,15,-0.957636854425155,0.0170109367064425,1.07856017223,742,560,197.076122463471,569.608660195308,1286.92387753653,551.391339804692
2253,2253.png,916,19,1.59773283788866,0.0121497346566418,1.24442809053575,1224,692,766.178061651515,679.730005213935,1681.82193834848,705.269994786065
2254,2254.png,1081,11,-1.68220834592358,0.00966238965800355,0.494788279828919,1166,564,625.732942540092,580.366840378981,1706.26705745991,548.633159621019
2255,2255.png,1057,12,-1.30693222702587,0.000189133553633501,0.19683376997376,462,593,-66.3625144565087,605.554182560238,990.362514456509,581.445817439762
2256,2256.png,925,17,-0.766757126960806,0.024998692117703,0.69175010141532,269,584,-193.458586146969,590.689192107705,731.458586146969,578.310807892295
2257,2257.png,936,13,-0.485965864950355,0.00931567329505463,1.05493748007314,686,617,218.016833697495,621.469390064251,1153.9831663025,613.530609935749
2258,2258.png,1052,20,-0.486257655952508,0.0231768686222761,0.279316681939072,184,698,-341.981057347976,702.964001691935,709.981057347976,694.035998308065
2259,2259.png,974,19,0.629777196258318,0.0147397614706684,0.509997960787946,632,656,145.029418680554,651.147156886227,1118.97058131945,661.852843113773
2260,2260.png,928,11,1.77543986889774,0.0282734492593902,1.03774529202707,1102,594,638.222751124305,580.124206968241,1565.77724887569,608.875793031759
2261,2261.png,1060,13,-0.83705484414229,0.00709103468568471,0.558442456386016,487,615,-42.9434411314607,623.242686984886,1016.94344113146,607.757313015114
2262,2262.png,1053,19,-0.228759804568315,0.0250849716604378,0.375473498494992,791,583,264.504196449216,585.602104520361,1317.49580355078,581.397895479639
2263,2263.png,1068,15,1.14013395715611,0.0299811052524579,1.34536901413574,1048,633,514.105721526946,622.874586420435,1581.89427847305,644.125413579565
2264,2264.png,915,19,-0.0529816679387651,0.0146591065335704,1.04169345669014,298,669,-159.499804400806,669.923052270753,755.499804400807,669.076947729247
2265,2265.png,912,18,-1.75570780612232,0.0262080115475985,0.135734455984267,950,656,494.214072104733,670.470967491578,1405.78592789527,642.529032508422
2266,2266.png,996,14,0.589687790177727,0.00546207517390476,0.819174875281616,1217,631,719.026375124591,626.374677722813,1714.97362487541,636.625322277187
2267,2267.png,1019,12,0.436759479802575,0.0106618332553381,0.0239527604774423,166,629,-343.485196939812,625.616174669047,675.485196939812,633.383825330953
2268,2268.png,1088,10,-1.09379675897753,0.00159755480787227,0.253092064254622,685,607,141.099125117235,617.884522221191,1228.90087488277,597.115477778809
2269,2269.png,1026,11,-1.42338511341041,0.00162872173186572,0.0846509607975499,821,560,308.158294056082,573.243023367019,1333.84170594392,547.756976632981
2270,2270.png,902,10,-1.97128079060667,0.014750870775862,0.443024391903079,189,596,-261.733095792414,612.013747367631,639.733095792414,580.986252632369
2271,2271.png,1076,19,-0.066456592104374,0.0245599815703805,0.960462693172278,716,594,178.000361895431,595.12401871201,1253.99963810457,593.87598128799
2272,2272.png,1005,13,1.31218772453779,0.0229702268525425,1.23595494627112,775,687,272.631775224402,675.992752900272,1277.3682247756,699.007247099728
2273,2273.png,1088,14,0.421471072555748,0.0132762291580407,0.745807918215886,771,601,227.014718285592,597.498340582188,1314.98528171441,605.501659417812
2274,2274.png,909,12,0.916222267850932,0.0188810750719717,0.474665579148964,759,632,304.558110024391,625.232356957302,1213.44188997561,639.767643042698
2275,2275.png,1006,17,-0.619794388998767,0.0282088880659143,0.77500088659445,569,589,66.0294295600708,594.941072626988,1071.97057043993,584.058927373012
2276,2276.png,910,14,0.827922440078408,0.0168781943057837,1.20749073809033,596,556,141.047501561603,549.925491298962,1050.9524984384,563.074508701038
2277,2277.png,1084,15,1.88286060799911,0.0264070358112367,1.19334847056902,88,619,-453.70736836006,601.691938218385,629.70736836006,637.308061781615
2278,2278.png,901,10,1.53416408483841,0.0051819724230714,0.608708201393532,837,661,386.661486867413,649.438756717019,1287.33851313259,673.561243282981
2279,2279.png,921,19,-1.36832157499935,0.00890701838342242,1.33742111352843,1170,582,709.63131371323,593.496485192696,1630.36868628677,571.503514807304
2280,2280.png,1046,17,1.93345529230387,0.00200772212970054,1.41463266321903,565,583,42.2977511751783,565.854630253967,1087.70224882482,601.145369746033
2281,2281.png,1099,19,-0.204678200088453,0.0280689920537049,0.189425540046533,1276,603,726.503506187627,605.462979344917,1825.49649381237,601.537020655083
2282,2282.png,1005,18,-1.91667350406919,0.00309410006426538,0.00486043645678608,630,612,127.781136079237,629.306627327875,1132.21886392076,595.693372672125
2283,2283.png,998,11,-0.925228125948439,0.00192747871228206,0.784476381968481,143,659,-355.934940083669,667.557640082902,641.934940083669,651.442359917098
2284,2284.png,1082,10,0.498393928175314,0.0160249402922986,0.668549766304985,1239,640,698.020467497769,635.794108621378,1779.97953250223,645.205891378622
2285,2285.png,1093,18,0.619242585370358,0.0239020606687528,0.321718061470373,394,664,-152.468082247064,658.593640273719,940.468082247064,670.406359726281
2286,2286.png,1090,14,1.33477430187677,0.00967522715852671,0.978630706577951,903,695,358.147882666776,682.804715934525,1447.85211733322,708.195284065475
2287,2287.png,1055,12,1.92786415241032,0.00351127363636767,0.448785545100391,58,587,-469.201421119902,569.754252082394,585.201421119903,605.245747917606
2288,2288.png,981,11,0.827035912461256,0.00937709645208296,0.144695729133706,1106,644,615.551098122997,637.420123755174,1596.448901877,651.579876244826
2289,2289.png,1027,18,1.21099604985925,0.0128720241596131,0.0556883012761314,182,613,-331.385307644303,602.647539681497,695.385307644303,624.352460318503
2290,2290.png,1083,20,-1.30526090050207,0.0144090929354222,0.838998840001853,147,659,-394.359492639475,671.834898829356,688.359492639475,647.165101170644
2291,2291.png,996,18,-1.0804556378853,0.0135487590786458,0.401341484628722,115,680,-382.911456824689,689.890482560326,612.911456824689,671.109517439674
2292,2292.png,983,18,-1.6072691313416,0.0264442761906843,0.710490349370546,863,663,371.693373514107,677.285817750557,1354.30662648589,649.714182249443
2293,2293.png,1063,10,-0.339227986027556,0.0221631627032865,0.357450253818167,829,621,297.509315584031,624.646804576807,1360.49068441597,618.353195423193
2294,2294.png,915,16,-1.80347585319098,0.0112984408540211,0.715234929809433,6,603,-451.273378743027,617.898162831967,463.273378743027,589.101837168033
2295,2295.png,1037,14,-0.558123835115622,0.0124649705903021,1.12190232859479,306,674,-212.475400220989,679.550679725067,824.475400220989,669.449320274933
2296,2296.png,946,18,0.412277339338436,0.0181804776216293,0.433776049174467,1011,558,538.012245116903,555.096511988027,1483.9877548831,561.903488011973
2297,2297.png,1087,20,0.584280705867057,0.00408555904382332,1.0278348697413,538,569,-5.47174055587231,563.957688463228,1081.47174055587,575.042311536772
2298,2298.png,981,15,0.736029587098546,0.00632247613315177,1.17989359283654,566,553,75.5404714089511,547.199141784955,1056.45952859105,559.800858215045
2299,2299.png,1052,20,-1.2335493088353,0.00887212484978593,0.601101903574753,527,594,1.12190085082654,605.823640547637,1052.87809914917,583.176359452363
2300,2300.png,1055,19,1.13103902718926,0.00788359207574764,0.244893595783493,1064,561,536.60277518849,551.087639022875,1591.39722481151,571.912360977125
2301,2301.png,1088,13,-0.86444198739688,0.00218999397837843,0.489533712668074,368,681,-175.938086250269,689.707211852656,911.93808625027,673.292788147344
2302,2302.png,1073,11,-1.96055848291588,0.010026781327293,0.797611512615552,690,699,153.814059325107,717.854482356628,1226.18594067489,681.145517643372
2303,2303.png,971,18,0.4889974867327,0.000748418664600465,1.0432152899725,99,628,-386.482318276635,624.356494148205,584.482318276635,632.643505851795
2304,2304.png,1050,15,1.21282930772402,0.0242792002780905,1.46406427481042,330,565,-194.882383786857,554.387700947745,854.882383786857,576.612299052255
2305,2305.png,1014,10,-0.596288273577044,0.0221366743622623,0.913714817407489,543,676,36.0274562560587,681.776351940262,1049.97254374394,671.223648059738
2306,2306.png,1074,19,1.63222474229424,0.0134691166740343,0.305727373256321,866,603,329.217886121296,588.204176389952,1402.7821138787,618.795823610048
2307,2307.png,935,18,-1.23967210902322,0.00339353199277664,0.174607975442087,861,665,393.609421603032,675.614209101457,1328.39057839697,655.385790898543
2308,2308.png,901,15,-1.23392912792818,0.00916863345561987,0.620022669160666,1007,580,556.604467976234,590.201274814622,1457.39553202377,570.798725185378
2309,2309.png,1017,13,-0.388922585366783,0.0220376605930468,0.368751808919989,25,678,-483.488285052212,681.951661145052,533.488285052212,675.048338854948
2310,2310.png,977,17,0.410585234831708,0.00442052462190028,0.346011009594992,1388,647,899.512542788644,643.999407595308,1876.48745721136,651.000592404692
2311,2311.png,1075,19,-1.04941931405703,0.027765494958805,0.2496028950084,511,594,-26.4098451338645,604.344204040746,1048.40984513386,584.655795959254
2312,2312.png,1020,15,1.60961394867505,0.00061206737885199,1.07405963621339,386,637,-123.798762086188,623.174422336606,895.798762086188,651.825577663394
2313,2313.png,911,13,-0.68212709645384,0.0297743462959396,0.954401909475094,940,651,484.532280376711,656.922765084397,1395.46771962329,646.077234915603
2314,2314.png,900,10,-1.19581427263552,0.00631404953804901,0.898412287998043,970,660,520.098005162662,669.891221506495,1419.90199483734,651.108778493505
2315,2315.png,988,20,1.27104985232052,0.00053473228824972,1.25839748264004,892,589,398.121551142874,578.542000434417,1385.87844885713,600.457999565583
2316,2316.png,1032,18,1.47188885112674,0.00465303956808629,0.730466845828186,498,645,-17.8297447203173,632.245775700848,1013.82974472032,658.754224299152
2317,2317.png,915,12,-0.0950102783130533,0.0132670051371041,0.315431942200421,780,574,322.500629009086,575.258645449575,1237.49937099091,573.741354550425
2318,2318.png,914,11,0.108177997947364,0.00516910304595439,1.10143796059291,928,627,471.000814551767,626.637156067866,1384.99918544823,628.362843932134
2319,2319.png,983,14,0.979623394832896,0.00746140835855247,0.758391508425382,1274,554,782.571838288701,546.09691264754,1765.4281617113,562.90308735246
2320,2320.png,1046,12,1.73832317119745,0.00403421479980924,1.29755086827563,715,668,192.240687842028,652.634895142987,1237.75931215797,684.365104857013
2321,2321.png,952,15,-1.89193727123583,0.0210511584093935,0.705696575693281,264,614,-211.740518920273,630.214918309348,739.740518920273,598.785081690652
2322,2322.png,1009,10,-1.1050272091583,0.0107816991472039,0.831666081302728,744,600,239.593824960848,610.229367007792,1248.40617503915,590.770632992208
2323,2323.png,910,11,0.774331684609806,0.00746503203331172,1.13952912104963,360,693,-94.9584487984681,687.351027167756,814.958448798468,699.648972832244
2324,2324.png,1053,18,-1.46249711920624,0.00343521707611883,0.565042773342595,314,672,-212.328489950106,685.937658532698,840.328489950106,659.062341467302
2325,2325.png,1049,11,1.81142191869083,0.0168005172806395,0.745995934861695,873,579,348.762103786309,562.920549664007,1397.23789621369,596.079450335993
2326,2326.png,938,16,-1.55189921167887,0.00409784505944922,0.86102290268205,445,700,-23.827972429535,713.20166397017,913.827972429535,687.79833602983
2327,2327.png,1010,13,-0.980925926535504,0.0121524013267489,1.29679904423613,334,557,-170.925992124653,566.145373151839,838.925992124653,548.854626848161
2328,2328.png,1053,12,-0.0121880201875286,0.0277662115076098,0.763417213380725,755,561,228.50001191213,561.611997648603,1281.49998808787,561.388002351397
2329,2329.png,1025,15,1.30057489284799,0.00248680299415026,0.785709458161421,799,686,286.632029413181,674.867600559433,1311.36797058682,698.132399440567
2330,2330.png,954,19,-0.864659447434338,0.00156794746719303,1.03780560473039,732,561,255.054315659649,568.698207354239,1208.94568434035,554.301792645761
2331,2331.png,929,10,0.359425441700143,0.0222770013677149,0.237229272834698,682,564,217.509139588949,561.586137511579,1146.49086041105,567.413862488421
2332,2332.png,1089,10,0.133043253878003,0.00977606408984403,1.44095204740466,1325,620,780.501467939458,619.235648816503,1869.49853206054,621.764351183497
2333,2333.png,1093,19,-1.20082288182509,0.00195669441139773,0.714699493180928,482,685,-64.3799790891286,696.952879575167,1028.37997908913,674.047120424833
2334,2334.png,992,14,-0.707199604447785,0.0156446435860033,0.0446734669655708,38,650,-457.962218002016,656.621953488903,533.962218002016,644.378046511097
2335,2335.png,984,14,1.66242234430686,0.00779932788507812,1.12680449645973,1309,658,817.207081884898,644.226749079756,1800.7929181151,672.773250920244
2336,2336.png,926,13,0.536193110048917,0.0256545122103682,0.452538152343407,726,588,263.020274260351,584.167154048479,1188.97972573965,592.832845951521
2337,2337.png,1049,19,1.79029879876984,0.00574760321191643,0.613141675014569,1022,629,497.756027099983,613.113820518295,1546.24397290002,645.886179481705
2338,2338.png,1080,10,-0.0937579548006378,0.0097300897461684,0.35473454883494,700,696,160.000722993933,697.383647511686,1239.99927700607,695.616352488314
2339,2339.png,913,12,0.206545372084614,0.0194373177600006,0.78575002457222,257,641,-199.497033830342,639.854368176127,713.497033830342,643.145631823873
2340,2340.png,935,12,0.109670921647883,0.0101926360145664,0.275504515376006,440,650,-27.4991435752521,649.605150065192,907.499143575252,651.394849934808
2341,2341.png,1046,17,-1.57809374292421,0.000894609077560918,0.775625817989599,1266,551,743.198364781778,565.903132060514,1788.80163521822,537.096867939486
2342,2342.png,930,14,0.977596318793235,0.00828300221292281,0.273214994234028,1077,623,612.067684039684,615.566427300606,1541.93231596032,631.433572699394
2343,2343.png,980,10,-1.72791178281693,0.0234269522726044,0.214073289142564,290,572,-199.777191868781,587.275057533943,779.777191868781,557.724942466057
2344,2344.png,1091,19,0.32166782623728,0.0275252036980075,0.792308703477123,842,657,296.508596736239,654.437490353772,1387.49140326376,660.562509646228
2345,2345.png,1058,12,-0.348547006972977,0.00367496560499421,0.911939319828612,1388,593,859.009788176405,596.718042079906,1916.9902118236,590.281957920094
2346,2346.png,903,19,0.0520282925234095,0.0141805471928983,0.735595112653393,484,617,32.5001861493873,617.090008704906,935.499813850613,617.909991295094
2347,2347.png,1086,13,1.77460789884246,0.0190636256529326,0.932027275873612,458,582,-84.7395678053771,565.684485186816,1000.73956780538,599.315514813184
2348,2348.png,1063,11,-1.26613093341698,0.0254062572658548,1.41499245830498,788,694,256.629767988809,706.244212718339,1319.37023201119,682.755787281661
2349,2349.png,902,14,-1.14269818869389,0.0095198705131617,1.48392396772215,783,617,332.089691226726,626.494078162358,1233.91030877327,608.505921837642
2350,2350.png,967,11,-0.0383595278454503,0.027802084316127,1.33044949579492,604,647,120.500108359678,647.823703255028,1087.49989164032,647.176296744972
2351,2351.png,926,12,0.852113164654255,0.0139884959570874,0.367846357093302,301,694,-161.948797369209,687.614434343999,763.948797369209,701.385565656001
2352,2352.png,914,19,-1.74811583940087,0.00936587412255245,1.22408819662405,49,562,-407.787309709051,576.441079182325,505.787309709051,548.558920817675
2353,2353.png,952,11,1.78310790209073,0.0263285839492819,0.4506603646642,849,580,373.230489894557,565.688745697036,1324.76951010544,595.311254302964
2354,2354.png,1086,11,-1.79586533595904,0.00568730206396473,1.25012720295058,259,637,-283.73329168915,654.51687668934,801.73329168915,620.48312331066
2355,2355.png,931,19,-1.14371857298083,0.00632471821297268,0.0164323264557486,1169,616,703.592740268989,625.79153322498,1634.40725973101,607.20846677502
2356,2356.png,907,11,1.75713886350406,0.00985949871424279,0.894470451931144,1351,638,897.713245640251,624.594306130047,1804.28675435975,652.405693869953
2357,2357.png,960,10,-0.340493709797567,0.0241833574863415,0.173944496822915,551,604,71.0084758426432,607.352496642864,1030.99152415736,601.647503357136
2358,2358.png,1004,14,-0.658914572015625,0.0265819044966184,0.483916510117722,406,569,-95.9668042951529,575.272987589769,907.966804295153,563.727012410231
2359,2359.png,1009,10,-0.678029453325508,0.00727026108027005,0.740805850236378,629,587,124.535324657651,593.47003615891,1133.46467534235,581.52996384109
2360,2360.png,950,17,1.14558041683798,0.0054615967702767,1.08970449201273,326,689,-148.905058728652,680.003411458018,800.905058728652,698.996588541982
2361,2361.png,908,18,1.68918507332578,0.0116397790740707,1.37181560775448,1282,660,828.197289333512,647.11718296667,1735.80271066649,673.88281703333
2362,2362.png,1008,16,-0.551554525803784,0.000288902379350141,1.14018291743931,1092,645,588.023352255157,650.351652076416,1595.97664774484,640.648347923584
2363,2363.png,1049,11,1.1237143833422,0.0244104892485402,1.35150587113372,1090,628,565.600871433014,618.213894897199,1614.39912856699,638.786105102801
2364,2364.png,971,20,1.43990566629313,0.000724114866025851,0.151302666633319,859,630,373.653306016035,618.300137753435,1344.34669398397,642.699862246565
2365,2365.png,1026,16,-0.790764650432932,0.0242042803341156,0.293133978123264,359,693,-153.951142672817,700.579917418384,871.951142672817,686.420082581616
2366,2366.png,967,10,-1.99656404008112,0.0179031633865627,0.0898971581742637,629,636,145.793524096972,653.344929366906,1112.20647590303,619.655070633094
2367,2367.png,983,20,0.0479435528201377,0.0126527104202074,0.340659214031632,1181,602,689.500172071389,602.088726191328,1672.49982792861,602.911273808672
2368,2368.png,1094,15,1.86161597706045,0.0157476396175233,0.125440307030446,174,590,-372.711295167046,572.730370381728,720.711295167047,608.269629618272
2369,2369.png,963,16,-0.0177456745044244,0.0139916891660361,1.09131775132203,488,662,6.50002309436629,662.649130393371,969.499976905634,662.350869606629
2370,2370.png,1051,20,-1.37246861058177,0.00375907094590402,0.908801464429577,850,626,324.650758405156,639.086673735435,1375.34924159484,613.913326264565
2371,2371.png,906,19,-0.466055974007139,0.00303368142403137,1.01729041684859,55,679,-397.985013621213,683.184757059778,507.985013621213,675.815242940222
2372,2372.png,900,11,1.01214418370064,0.00540229468248469,0.656195252198588,1210,560,760.070211900216,552.55105161147,1659.92978809978,568.44894838853
2373,2373.png,911,14,0.605909442084552,0.0176131377659941,1.1477060513061,404,692,-51.4745302598576,687.683125021126,859.474530259858,697.316874978874
2374,2374.png,1000,11,0.904381168477595,0.0232016564816965,1.09698282400271,798,580,298.062285757154,572.608113176277,1297.93771424285,588.391886823723
2375,2375.png,1066,20,1.68531291267321,0.0192418082077789,0.596260034871896,566,689,33.2305588155415,673.82446045586,1098.76944118446,705.17553954414
2376,2376.png,1094,15,0.671760375612055,0.00573948759657646,0.434409784239119,592,633,45.0375954992954,627.086883533919,1138.9624045007,639.913116466081
2377,2377.png,1014,18,-0.448672891343787,0.029891489404594,1.0168309796887,396,579,-110.984455020976,583.470184767002,902.984455020976,575.529815232998
2378,2378.png,1088,17,-0.250367881405548,0.0149813420310791,1.47880905217607,33,635,-510.994806260335,637.877133101134,576.994806260335,633.122866898866
2379,2379.png,1072,13,-1.68793935494319,0.0147932718058349,0.0889963026865579,262,692,-273.767420304922,708.288329227931,797.767420304922,676.711670772069
2380,2380.png,1001,12,-1.44106924977941,0.0218591862376503,0.53158241621214,31,557,-469.341701926647,570.086950112987,531.341701926647,544.913049887013
2381,2381.png,1068,17,-1.7191244612554,0.00353569105321956,0.0326047670255452,311,629,-222.759647826115,645.519936096696,844.759647826114,613.480063903304
2382,2382.png,945,19,-0.863985741117468,0.0154959009008177,0.152644492226975,379,696,-93.4462805604435,703.624744528945,851.446280560444,689.375255471055
2383,2383.png,946,10,0.293432958866144,0.0212681864222417,1.18124893269274,1290,665,817.006203013364,663.077601980463,1762.99379698664,667.922398019537
2384,2384.png,909,11,1.98499958463951,0.0106654492342322,0.756872999487852,371,664,-83.2272680433701,648.757097921398,825.22726804337,680.242902078602
2385,2385.png,935,16,-1.57275914226885,0.00729520849935995,0.79503311612589,1169,672,701.676117909371,685.331181852986,1636.32388209063,659.668818147014
2386,2386.png,1028,17,-1.95079549996176,0.026760764268711,0.158902247941404,922,641,408.297899238836,658.997190447815,1435.70210076116,624.002809552185
2387,2387.png,906,13,-1.56012645745304,0.0061428019779286,0.70105127142628,1241,642,788.167925137153,654.833368372391,1693.83207486285,630.166631627609
2388,2388.png,948,15,1.62297121148061,0.0125136865109724,0.977284304272866,1085,586,611.190149713226,573.075180774971,1558.80985028677,599.924819225029
2389,2389.png,911,11,-1.3615982300285,0.0107634041757145,0.584708405136075,1009,677,553.62861470866,688.323652703499,1464.37138529134,666.676347296501
2390,2390.png,1078,12,0.482453664763293,0.00433777133864855,0.283399054153383,340,669,-198.980891695295,664.961455371533,878.980891695295,674.038544628467
2391,2391.png,957,14,-0.136521394395375,0.0130009175666125,0.231085741806289,434,640,-44.4986416618231,641.640143758568,912.498641661823,639.359856241432
2392,2392.png,925,17,-1.83729213751703,0.0152600587996659,0.960733997945894,1298,593,835.737769253706,608.328352081724,1760.26223074629,578.671647918276
2393,2393.png,1099,19,1.82871334793106,0.000792922290102552,0.069652743665201,537,690,-12.2201361284614,672.964548165662,1086.22013612846,708.035451834338
2394,2394.png,907,12,-0.748243706617722,0.0269326736748054,1.11034528274676,681,678,227.538670697379,684.42223159794,1134.46132930262,672.57776840206
2395,2395.png,1031,19,-0.24030041452382,0.0231752481653235,0.275431557920131,493,643,-22.4954662056963,645.662017893499,1008.4954662057,641.337982106501
2396,2396.png,976,16,1.36845451742769,0.0280389631864926,1.28817121520435,607,567,119.139182505886,555.845698048573,1094.86081749411,579.154301951427
2397,2397.png,1064,11,-0.840935637624801,0.00203215352887307,0.417765020415013,792,601,260.057299929927,609.307934564323,1323.94270007007,593.692065435677
2398,2398.png,1080,12,-1.19174459225002,0.00342859515188199,0.47258423504398,308,610,-231.883192905425,621.731118298882,847.883192905425,599.268881701118
2399,2399.png,1005,13,1.8361313442927,0.00817792193214982,1.02155927086058,764,670,261.758006784652,654.399371096916,1266.24199321535,686.600628903084
2400,2400.png,1039,12,0.829141942177142,0.0205679106114346,0.763588481410463,926,644,406.554395187905,636.982444453339,1445.44560481209,652.017555546661
2401,2401.png,929,14,-1.92938736246806,0.0269831213496544,0.683480315060198,1161,685,696.763334813441,701.138692287502,1625.23666518656,669.861307712498
2402,2402.png,1063,17,1.09406988141878,0.0121103838334046,0.0784816714817011,272,661,-259.403104203459,651.351559581494,803.403104203459,671.648440418506
2403,2403.png,901,20,0.440493904004603,0.016924655366669,0.900881816282348,1120,676,669.513313651999,673.036559052416,1570.486686348,679.963440947584
2404,2404.png,1047,17,-1.15531215338407,0.00275921514232327,1.29685042135691,938,551,414.606420524373,562.055139207557,1461.39357947563,540.944860792443
2405,2405.png,947,13,-0.538768338147459,0.00823368885703678,0.609699369799857,298,609,-175.47906631649,613.952388130523,771.47906631649,605.047611869477
2406,2406.png,985,14,-0.493686430286629,0.0120291022917672,1.32273951062453,1255,553,762.518282293119,557.743550928212,1747.48171770688,549.256449071788
2407,2407.png,1092,11,0.925522763206548,0.00348025251051061,0.00500192053358545,312,624,-233.928766850265,615.68061649834,857.928766850265,633.31938350166
2408,2408.png,937,15,-0.973041715625295,0.0220799765245664,0.363417918897393,1097,664,628.567559560485,672.456050771572,1565.43244043952,656.543949228428
2409,2409.png,946,17,-0.0963187383408717,0.00232828718868412,0.257359031590269,1347,691,874.000668355226,692.295150047072,1819.99933164477,690.704849952928
2410,2410.png,930,17,0.446769539427106,0.0292823665688837,0.447301762861641,307,575,-157.985863477045,571.874152994533,771.985863477045,579.125847005467
2411,2411.png,937,16,0.436288640164001,0.0197926622989249,1.03120687816986,936,573,467.513582510414,569.932560053258,1404.48641748959,577.067439946742
2412,2412.png,1003,11,-0.134410848527208,0.00141176848633943,1.44532271952361,1292,664,790.501379952454,665.676473717303,1793.49862004755,663.323526282697
2413,2413.png,961,14,-0.883103062973713,0.0148409936768063,0.476659620685175,295,594,-185.44292678783,601.905680221515,775.44292678783,587.094319778485
2414,2414.png,1097,17,-0.39569082359161,0.0192137369187028,0.449335612861285,1309,555,760.513080116218,559.287969957899,1857.48691988378,551.712030042101
2415,2415.png,1073,19,0.975465294432104,0.00705833479405112,1.12820975533423,1073,640,536.577751293096,631.366485220439,1609.4222487069,649.633514779561
2416,2416.png,1024,14,1.85503992362358,0.0167901460645458,0.600011952138581,142,593,-369.731673673719,576.926100063824,653.731673673719,610.073899936176
2417,2417.png,900,11,0.177721092443611,0.0261539758613458,0.0146399561209021,1014,697,564.002164785416,696.104184042236,1463.99783521458,698.895815957764
2418,2418.png,1012,15,-0.129021025439016,0.00741315922083795,1.13743703783244,962,594,456.001282909589,595.639430936324,1467.99871709041,593.360569063676
2419,2419.png,963,15,0.294662932140096,0.00205234748425829,0.103740935126249,350,558,-131.493632468736,556.023734250489,831.493632468736,560.976265749511
2420,2420.png,1080,18,1.33139405797442,0.00534913593360749,1.25828595293827,1225,695,685.145784780027,682.953035856142,1764.85421521997,708.046964143858
2421,2421.png,945,12,-0.417824892172152,0.0270764348600582,0.937919709542742,993,600,520.512563575307,603.945637941127,1465.48743642469,597.054362058873
2422,2422.png,1034,16,-1.31308713534775,3.62905096102206e-05,1.32771144461074,525,666,8.1357636067415,678.347410586864,1041.86423639326,654.652589413136
2423,2423.png,965,17,1.57936349369411,0.00601686607346136,0.204473963956462,440,655,-42.3167015686925,642.201526858437,922.316701568692,668.798473141563
2424,2424.png,1081,16,-1.4630819262053,0.00154005460040931,0.696281984864218,335,628,-205.323788548175,642.30049017052,875.323788548175,614.69950982948
2425,2425.png,1075,15,1.69133566536577,0.00232335700100356,1.06779228087218,160,589,-377.265829984308,573.635639588277,697.265829984308,605.364360411723
2426,2426.png,960,18,-0.264573317886849,0.0169374190224145,0.922704147550697,1373,675,893.005117493414,677.716476367844,1852.99488250659,673.283523632156
2427,2427.png,1073,19,-1.83331105651483,0.0245431806390878,0.810017754120729,603,577,66.7746184598775,594.663629923478,1139.22538154012,560.336370076522
2428,2428.png,1038,13,0.0332262218111996,0.0161797218071779,0.379887540820281,394,671,-124.999912732205,671.199028300164,912.999912732205,671.800971699836
2429,2429.png,1086,14,1.60552884027181,0.0296096763493926,0.485239282236139,399,686,-143.786826913473,671.286173091459,941.786826913474,701.713826908541
2430,2430.png,958,16,-0.735274963537015,0.0138949362299381,1.43798197975494,169,645,-309.960558461302,651.646823442882,647.960558461302,639.353176557118
2431,2431.png,959,11,-1.83521226729277,0.00335921418466541,1.4844608177742,197,683,-282.254048867087,698.855997020833,676.254048867087,668.144002979167
2432,2432.png,1055,15,-0.00420456244033751,0.0216134261087168,0.877724373913293,1152,649,624.500001420329,649.53870977416,1679.49999857967,649.46129022584
2433,2433.png,1066,16,-1.92808244649393,0.0197513397602039,0.562216985401096,620,615,87.3017603440491,633.432804227198,1152.69823965595,597.567195772802
2434,2434.png,1036,18,-1.64424329572538,0.0237483107745907,0.833403878739731,110,663,-407.786716699128,678.363243587364,627.786716699128,648.636756412636
2435,2435.png,1012,12,-1.43551444085631,0.0123674051207693,0.502645718051156,734,593,228.158806278877,606.176227151225,1239.84119372112,580.823772848775
2436,2436.png,1044,14,1.15119251435748,0.0228725112603512,0.69744784445206,214,603,-307.894639809737,593.012629601989,735.894639809737,613.987370398011
2437,2437.png,916,12,1.52431895066961,0.0199833977397946,0.704915529837917,168,574,-289.837924899604,562.31662921748,625.837924899604,586.68337078252
2438,2438.png,902,14,-1.20935560761636,0.00609952813110215,0.267880387739944,1150,657,699.100460006753,667.018657146783,1600.89953999325,647.981342853217
2439,2439.png,1005,11,-0.641402026475704,0.0191805659018914,0.405170889941756,14,661,-488.468514040997,667.125157547303,516.468514040997,655.874842452697
2440,2440.png,1014,19,0.240971286797974,0.00767492847700898,1.07076258430295,1330,579,823.004483969525,577.367694910946,1836.99551603047,581.632305089054
2441,2441.png,906,15,1.95125538955173,0.0150099584588948,1.12991866157487,1098,694,645.262669228105,679.075690435552,1550.73733077189,709.924309564448
2442,2442.png,1050,13,1.88680831662806,0.0185383112714697,1.10268861571493,699,674,174.2846429021,657.214340463181,1223.7153570979,691.785659536819
2443,2443.png,1030,10,0.695129118338044,0.0262091322876907,0.697084526494382,1066,685,551.037901605216,679.252022980166,1580.96209839478,691.747977019834
2444,2444.png,1031,19,1.97261602363103,0.00825534517499458,0.0582392774908457,1344,579,828.805489032684,561.755539761719,1859.19451096732,597.244460238281
2445,2445.png,1044,18,0.299618499051,0.012639411908789,0.164615541824841,1380,669,858.007137259724,666.770302542094,1901.99286274028,672.229697457906
2446,2446.png,996,11,-1.41090156757202,0.0241818411341551,0.532193896942396,876,682,378.150982137093,694.761949801681,1373.84901786291,670.238050198319
2447,2447.png,944,17,-0.0343659738620943,0.00536203822720998,1.47422203366961,793,582,321.000084903195,582.783105297252,1264.9999150968,582.216894702748
2448,2448.png,987,10,1.64625446728747,0.00342135766916002,1.18995378366682,50,651,-443.296307071891,637.322432181986,543.296307071891,665.677567818014
2449,2449.png,1002,15,1.04414770074923,0.0292409049093584,1.27472009690613,998,676,497.083190611945,667.370373912852,1498.91680938805,685.629626087148
2450,2450.png,1031,20,1.8601524169103,0.0197524971633947,0.847653948641043,163,628,-352.228348364575,611.766828109655,678.228348364575,645.233171890345
2451,2451.png,1020,15,1.11620227611521,0.00265907805015931,0.18075435082194,1368,682,858.096775848476,672.565111984514,1877.90322415152,692.434888015486
2452,2452.png,1026,11,-1.65066751155582,0.0105423314097712,1.35255112392715,618,686,105.212878241082,701.277271676622,1130.78712175892,671.722728323378
2453,2453.png,970,13,-0.407429558620155,0.0191500724138356,0.148988440379425,1276,582,791.01226223726,585.94879975933,1760.98773776274,579.05120024067
2454,2454.png,1008,11,0.835889257240262,0.00757702363395118,0.510122805635459,700,653,196.05363460179,646.147394887942,1203.94636539821,660.852605112058
2455,2455.png,1039,12,1.06372761374421,0.00355624240512177,0.268014423012792,423,569,-96.410472041001,559.855751240017,942.410472041001,579.144248759983
2456,2456.png,985,18,-0.749996761122824,0.015769452091885,1.34967928007907,715,596,222.542193305381,602.946597980705,1207.45780669462,590.053402019295
2457,2457.png,978,15,-0.776053760958206,0.0140538811204366,0.0921132241261586,554,612,65.0448549704552,619.123152507445,1042.95514502954,605.876847492555
2458,2458.png,1063,13,1.21467854611476,0.00570912945081211,0.961077358140044,1072,699,540.619435783878,688.232969630105,1603.38056421612,710.767030369895
2459,2459.png,1061,19,-0.318876545747487,0.0171619942522572,0.277068551901893,154,656,-376.491784118617,659.45245366538,684.491784118617,653.54754633462
2460,2460.png,908,16,1.77663092943611,0.0192160382358776,0.327167542347344,800,667,346.218242953941,653.424596908398,1253.78175704606,681.575403091602
2461,2461.png,904,20,0.0899052259281863,0.00621325457754685,1.24316736390704,407,685,-44.999443541272,684.790748013402,858.999443541272,686.209251986598
2462,2462.png,1072,19,1.28602811841657,0.0202870943861919,0.406125687937276,812,590,276.135011954631,578.470262382904,1347.86498804537,602.529737617096
2463,2463.png,905,10,1.49680583944678,0.0292329154136349,1.03634957905547,667,639,214.654400805245,627.680148514542,1119.34559919475,651.319851485458
2464,2464.png,1036,16,-0.112829217947733,0.0126208109571159,0.364440350781864,509,645,-8.99899562125188,646.520066357753,1026.99899562125,644.479933642247
2465,2465.png,970,15,-0.385284353321429,0.0243209356677493,0.682081727102561,184,684,-300.989034521535,687.761348474024,668.989034521535,681.238651525976
2466,2466.png,1076,11,1.32866697156813,0.0183809032762488,1.19326097653689,928,558,390.144650464168,546.025106185282,1465.85534953583,570.974893814718
2467,2467.png,1056,10,0.455400824506409,0.0248358326650763,0.641622142790122,100,594,-427.983321998797,590.303371458556,627.983321998797,598.696628541444
2468,2468.png,905,20,0.137586967857549,0.0220717014728896,0.290160403147481,1216,560,763.501304661101,559.413392161694,1668.4986953389,561.586607838306
2469,2469.png,954,12,-1.41235729749268,0.0256153425779344,0.948032597383433,876,585,399.144913979828,597.256995223869,1352.85508602017,573.743004776131
2470,2470.png,932,16,-1.17067283177515,0.0252184036928104,0.753292418007298,1171,603,705.097267247598,613.020693979093,1636.9027327524,593.979306020907
2471,2471.png,1062,15,0.135609650036165,0.0136588608812234,1.13508952373243,1296,668,765.00148730572,667.24321184649,1826.99851269428,669.75678815351
2472,2472.png,986,19,1.8533851637232,0.0299707230641322,0.055330137438256,1169,580,676.257908201751,564.555378013703,1661.74209179825,596.444621986297
2473,2473.png,971,18,-1.08510123183235,0.0134777183130878,1.49604721333244,86,682,-399.412935420662,691.694135429534,571.412935420662,673.305864570466
2474,2474.png,1008,16,-0.731236472764247,0.0293142844933126,0.338972602771012,87,592,-416.958954545285,598.932117351509,590.958954545285,586.067882648491
2475,2475.png,975,16,-0.388908680140574,0.00787707557572021,0.585774217106277,1168,635,680.511230341553,638.80899635747,1655.48876965845,632.19100364253
2476,2476.png,939,15,0.550634762977291,0.00575473694880361,0.572490045433526,936,567,466.521681246426,562.987991542834,1405.47831875357,572.012008457166
2477,2477.png,991,15,1.46086463503524,0.0164712174510365,0.193426279722506,1176,588,680.661051517765,575.867655937503,1671.33894848224,601.132344062497
2478,2478.png,1080,16,1.75754494813652,0.0216032922850705,1.38187300121438,295,575,-244.745962794808,558.938126715074,834.745962794808,592.061873284926
2479,2479.png,967,10,-0.647285987596066,0.00136132160564897,1.18849283097368,885,591,401.530853824863,596.962114671467,1368.46914617514,586.037885328533
2480,2480.png,1036,13,1.33565468924464,0.0097322784688009,0.876691443556781,198,561,-319.859258162034,549.425699363184,715.859258162033,573.574300636816
2481,2481.png,948,16,-0.611492121079089,0.0103325233561639,0.369149476158759,240,621,-233.9730051642,626.558693074033,713.9730051642,616.441306925967
2482,2482.png,904,19,0.917529685539781,0.0128767475587631,1.11374088272948,29,673,-422.942044568767,666.262020240224,480.942044568767,680.737979759776
2483,2483.png,915,13,0.538899157557188,0.0062251510415303,0.816189250587379,723,630,265.520236138616,626.197017623505,1180.47976386138,634.802982376495
2484,2484.png,1085,12,-1.70964437115636,0.0132936399229146,1.23839999359369,63,658,-479.25850740405,674.685213867342,605.25850740405,642.314786132658
2485,2485.png,929,19,-0.776271688150468,0.00304597552174244,0.180456800219953,497,681,32.542631568217,687.793084253607,961.457368431783,675.206915746393
2486,2486.png,1086,16,-1.94756365080161,0.00526005948286359,1.34754489891731,774,559,231.313665008933,577.953775059954,1316.68633499107,541.046224940046
2487,2487.png,961,13,0.748182199812925,0.00382803796923127,0.929538545345815,815,647,334.540966296451,641.225692655622,1295.45903370355,653.774307344378
2488,2488.png,923,18,0.524519808363851,0.00243199857140294,0.228063730081401,1379,572,917.519338251299,568.275212196972,1840.4806617487,576.724787803028
2489,2489.png,1089,12,1.00389269473661,0.0274543323342383,0.579138294248948,1020,583,475.58357686969,573.96017683606,1564.41642313031,593.03982316394
2490,2490.png,988,10,1.11087668163134,0.0215305129716471,1.24961546259832,312,666,-181.90715259184,656.922702958492,805.90715259184,676.077297041508
2491,2491.png,1050,16,0.478404863252688,0.020212088701809,0.369145389372691,502,624,-22.9816990897397,620.116437424877,1026.98169908974,628.883562575123
2492,2492.png,1053,20,-1.64686669374615,0.0064649405794947,0.6343596586016,592,669,65.7174753845778,684.631235389668,1118.28252461542,654.368764610332
2493,2493.png,1029,10,0.420272096218203,0.0281803089622664,0.232536938376048,905,646,390.513841057847,642.72610851384,1419.48615894215,650.27389148616
2494,2494.png,1092,10,1.88993905054617,0.0250222113487975,1.0802802373039,1290,700,744.297011729844,682.49309596232,1835.70298827016,718.50690403768
2495,2495.png,982,12,-1.72636107138804,0.0229385072636801,0.316294861204079,1109,559,618.222862318115,574.291927824867,1599.77713768189,544.708072175133
2496,2496.png,900,18,0.0821081578379559,0.0190622274952046,0.202988980627342,447,700,-2.99953792784741,699.855124257067,896.999537927847,701.144875742933
2497,2497.png,982,18,-1.74570660602929,0.00208240433440574,1.38451620864413,543,618,52.2278846880032,633.457634578642,1033.772115312,603.542365421358
2498,2498.png,1099,14,-0.437723458059482,0.0288394855217265,0.366081225978205,1044,632,494.516035775482,636.697982861882,1593.48396422452,628.302017138118
2499,2499.png,907,18,0.521534040750483,0.0262246933776399,1.1865990127803,724,596,270.518787299242,592.372079524718,1177.48121270076,600.627920475282
2500,2500.png,1011,14,-0.649578839497681,0.0236259032835916,0.0889997571150627,1167,621,661.532486654198,627.230877071785,1672.4675133458,615.769122928215
